app_id,app,sheet,n,file,label,refero_url
1,Spotify,001-Spotify-01,1,03e256bf-cc66-4a30-848f-d228100dd021.jpg,,
1,Spotify,001-Spotify-01,2,082220ec-1416-410d-a957-eef9d2927403.jpg,,
1,Spotify,001-Spotify-01,3,085a6318-bca4-4e30-b2ec-a88950aa9f2d.jpg,,
1,Spotify,001-Spotify-01,4,086ac665-69c6-4f32-930d-3a8ab652beef.jpg,,
1,Spotify,001-Spotify-01,5,10822626-98e4-4e92-a90c-5d72e5975172.jpg,,
1,Spotify,001-Spotify-01,6,14058d22-5d1f-455c-8155-b4428d02c4b8.jpg,,
1,Spotify,001-Spotify-02,7,15cd6ed4-82dd-4b41-9152-bb1f7b43713e.jpg,,
1,Spotify,001-Spotify-02,8,1a88b78a-d910-4543-9637-16277c614f6b.jpg,,
1,Spotify,001-Spotify-02,9,1e92709f-22b0-4966-936d-e951e3e53b8c.jpg,,
1,Spotify,001-Spotify-02,10,26bc0f49-bdb3-4fda-93aa-cd7b26f676d3.jpg,,
1,Spotify,001-Spotify-02,11,26c06538-bc5d-4b3e-8212-d6968be81fa4.jpg,,
1,Spotify,001-Spotify-02,12,310feb7a-5e24-4ae2-bf78-87aa49299702.jpg,,
1,Spotify,001-Spotify-03,13,341b2214-9758-4a28-aaa9-b8792908c95f.jpg,,
1,Spotify,001-Spotify-03,14,40d9e46d-4a5d-4795-8141-8eb6c50612d8.jpg,,
1,Spotify,001-Spotify-03,15,44d114c8-18df-4074-b513-9d8e34b80156.jpg,,
1,Spotify,001-Spotify-03,16,4cb9b712-ee30-400e-9edc-18a2b7244294.jpg,,
1,Spotify,001-Spotify-03,17,5280f5bb-fd11-4477-a5b0-0f79b7b688fa.jpg,,
1,Spotify,001-Spotify-03,18,5aac6bbb-f2ba-4b7e-a62a-30a9eaa8e5c3.jpg,,
1,Spotify,001-Spotify-04,19,5bcee70a-4d61-436a-861b-c83a04571184.jpg,,
1,Spotify,001-Spotify-04,20,6a97e517-d53a-4cb5-8158-5dbc2ca5727e.jpg,,
1,Spotify,001-Spotify-04,21,6cc6d1dd-7820-4cbd-90c4-52351eeff768.jpg,,
1,Spotify,001-Spotify-04,22,6d458957-7f16-4c30-9267-0789c6dd843d.jpg,,
1,Spotify,001-Spotify-04,23,74d65542-3a81-4fb5-973b-1e4fda6f46ff.jpg,,
1,Spotify,001-Spotify-04,24,75a5ba5a-c2a0-4ec5-a36e-76df40320c4b.jpg,,
1,Spotify,001-Spotify-05,25,7fe1db4f-389e-47ce-b3a6-771538933bdc.jpg,,
1,Spotify,001-Spotify-05,26,8c1ba99d-8ee7-4504-95da-6edcd5a5c1e7.jpg,,
1,Spotify,001-Spotify-05,27,8d29ea51-6ed7-4abb-99a7-da174fc8c288.jpg,,
1,Spotify,001-Spotify-05,28,918c8144-9018-4457-afc5-47d32bdb2293.jpg,,
1,Spotify,001-Spotify-05,29,96d82f3b-0982-4ae4-85d1-e57c141beac1.jpg,,
1,Spotify,001-Spotify-05,30,98ef5fea-964b-4202-914d-19247c4117fa.jpg,,
1,Spotify,001-Spotify-06,31,a16ec7ab-9b0b-4059-bcdb-e76842d1073b.jpg,,
1,Spotify,001-Spotify-06,32,a2445df4-f172-492e-b26b-2a9ad6f2f1a8.jpg,,
1,Spotify,001-Spotify-06,33,a3b5c91e-13e0-4963-80f0-c2ebaf67c863.jpg,,
1,Spotify,001-Spotify-06,34,a46702ba-94b1-4447-9118-ea93fdf2e59c.jpg,,
1,Spotify,001-Spotify-06,35,a659065e-9ee7-4f49-b7cc-389ffa23ebe9.jpg,,
1,Spotify,001-Spotify-06,36,a842f742-4387-47a5-b28a-567a878053a5.jpg,,
1,Spotify,001-Spotify-07,37,a9ae5801-2ead-4074-b25b-7f28e380436c.jpg,,
1,Spotify,001-Spotify-07,38,ac74b9d6-ffc8-499a-964a-e4d4daa00019.jpg,,
1,Spotify,001-Spotify-07,39,b26de563-5af3-45dd-aa77-988a71303995.jpg,,
1,Spotify,001-Spotify-07,40,be59f904-3323-4779-9058-18e1d2fc0ed4.jpg,,
1,Spotify,001-Spotify-07,41,be84da0e-95b1-4b8b-973d-756ba2722c37.jpg,,
1,Spotify,001-Spotify-07,42,c1aa1334-10d5-47f2-93fa-d97952773513.jpg,,
1,Spotify,001-Spotify-08,43,c59ffba7-c41a-4598-9209-914613934a36.jpg,,
1,Spotify,001-Spotify-08,44,cb384077-131d-4a02-b9cc-2a784dc1d436.jpg,,
1,Spotify,001-Spotify-08,45,cbe69c63-1791-4d31-b2ad-ee6a2c5fdd00.jpg,,
1,Spotify,001-Spotify-08,46,cfd501dc-83c3-4f5e-92b2-603b70ea662a.jpg,,
1,Spotify,001-Spotify-08,47,d1197305-283b-4e98-b956-c86ca741fbd1.jpg,,
1,Spotify,001-Spotify-08,48,d2cfc63a-a7bd-4e2b-a9bd-1e0d8c66de9f.jpg,,
1,Spotify,001-Spotify-09,49,d3c69b69-e783-4ab2-987f-2c80a427db83.jpg,,
1,Spotify,001-Spotify-09,50,dba78d3a-eea7-4e16-9660-043ff17d064c.jpg,,
1,Spotify,001-Spotify-09,51,dc3a8a3a-a200-47ef-b23e-451d275da1e0.jpg,,
1,Spotify,001-Spotify-09,52,de427171-6a10-4d57-bd86-42736542d00c.jpg,,
1,Spotify,001-Spotify-09,53,e2254d0d-2edc-4b67-b6f2-cf4fec76c372.jpg,,
1,Spotify,001-Spotify-09,54,e6681235-ca41-4255-983d-7ae9c06d332a.jpg,,
1,Spotify,001-Spotify-10,55,e7397f58-60c9-4181-ac23-c941b6cdfb01.jpg,,
1,Spotify,001-Spotify-10,56,eecfa16b-2336-43e8-a5b3-97c0dcc13557.jpg,,
1,Spotify,001-Spotify-10,57,fa70ff27-555e-4b58-84b0-f851b13e0b43.jpg,,
1,Spotify,001-Spotify-10,58,fbd6ab90-46aa-4f98-a00e-fe1cd26301ac.jpg,,
1,Spotify,001-Spotify-10,59,fc10661a-bd27-4fa8-a31f-23c42aeeb90d.jpg,,
1,Spotify,001-Spotify-10,60,ff41bab1-b947-4882-a7db-8d402d4570e9.jpg,,
2,Airbnb,002-Airbnb-01,1,01d1d524-cd04-4c11-866e-1a586aba900a.jpg,,
2,Airbnb,002-Airbnb-01,2,08526a25-e8a1-4617-ba56-ccce4558dc6c.jpg,,
2,Airbnb,002-Airbnb-01,3,0f42853b-e799-470a-9fda-babf740a06b6.jpg,,
2,Airbnb,002-Airbnb-01,4,145208dc-e35f-4241-a4ba-d1d44204c91b.jpg,,
2,Airbnb,002-Airbnb-01,5,1a33085f-47ad-4e2d-9ccb-9d57d5234726.jpg,,
2,Airbnb,002-Airbnb-01,6,1b3d55a1-0a45-4b28-bea6-612e578de052.jpg,,
2,Airbnb,002-Airbnb-02,7,1d02211e-1080-4bdf-94b1-aa58825a14ef.jpg,,
2,Airbnb,002-Airbnb-02,8,28e5b77d-21af-443c-bc22-69a9457425a1.jpg,,
2,Airbnb,002-Airbnb-02,9,28fc1097-c368-41dc-95c3-f627f79a8ab0.jpg,,
2,Airbnb,002-Airbnb-02,10,2a34a745-2bdb-4dd6-94cc-9639df19c481.jpg,,
2,Airbnb,002-Airbnb-02,11,2a393862-7a2f-45bb-9431-91e7f3c5f9d6.jpg,,
2,Airbnb,002-Airbnb-02,12,326c91b4-c869-4a29-9c25-75a6a9725206.jpg,,
2,Airbnb,002-Airbnb-03,13,383f72b3-885b-4852-bf71-f089a9593ef2.jpg,,
2,Airbnb,002-Airbnb-03,14,39c314a9-bad2-491d-9626-807954b2e2f5.jpg,,
2,Airbnb,002-Airbnb-03,15,40986aa3-f055-40e5-81a6-4dc5a1257a35.jpg,,
2,Airbnb,002-Airbnb-03,16,45e0f985-2d94-4fc9-9461-458abb30a96f.jpg,,
2,Airbnb,002-Airbnb-03,17,4768cab9-0d38-4735-94c8-35964b3c4288.jpg,,
2,Airbnb,002-Airbnb-03,18,48cdfba1-8cf7-4d51-856f-a0562a80339d.jpg,,
2,Airbnb,002-Airbnb-04,19,4981971f-a39b-4f3c-a7d9-d09b4a97ec1b.jpg,,
2,Airbnb,002-Airbnb-04,20,49f40049-e056-44df-a12a-6964f664dd87.jpg,,
2,Airbnb,002-Airbnb-04,21,51f36cf8-44aa-43bd-9990-4750ba46270f.jpg,,
2,Airbnb,002-Airbnb-04,22,53a8b33e-c6fa-4e65-9ed0-7840b7f85863.jpg,,
2,Airbnb,002-Airbnb-04,23,5506f943-ea12-4eb1-a09a-7a7d3fd350ab.jpg,,
2,Airbnb,002-Airbnb-04,24,5a9dcaa3-e8c0-4419-8714-b3e1a42e6583.jpg,,
2,Airbnb,002-Airbnb-05,25,5f2be131-5d81-465b-8773-957451444eb9.jpg,,
2,Airbnb,002-Airbnb-05,26,6368e893-eff1-4c74-b9e0-1179cfef44f5.jpg,,
2,Airbnb,002-Airbnb-05,27,65926afd-fc0f-4363-a88a-69200fffdf8d.jpg,,
2,Airbnb,002-Airbnb-05,28,6fa94365-7ba1-4872-9ee8-39f6c643366c.jpg,,
2,Airbnb,002-Airbnb-05,29,70cdd3d3-8c33-41b1-bf1c-c0b7740fe748.jpg,,
2,Airbnb,002-Airbnb-05,30,7309b941-4c9e-4b0e-8a88-baf9a2003e73.jpg,,
2,Airbnb,002-Airbnb-06,31,76dcfdc9-74fe-49e5-818e-a23bcc88e332.jpg,,
2,Airbnb,002-Airbnb-06,32,8751a020-2d22-4560-abf8-c50c258b51f8.jpg,,
2,Airbnb,002-Airbnb-06,33,87f66f80-514e-42fb-aa56-011fdb32b3c6.jpg,,
2,Airbnb,002-Airbnb-06,34,91a78411-2035-4be1-97b7-d81635c74328.jpg,,
2,Airbnb,002-Airbnb-06,35,91fd0710-d20b-4698-a81b-03d6cc8e936c.jpg,,
2,Airbnb,002-Airbnb-06,36,92af6d96-2b3a-4c70-ac99-3c27225254ad.jpg,,
2,Airbnb,002-Airbnb-07,37,9839607d-b55a-4657-894e-6aa8bcd494b6.jpg,,
2,Airbnb,002-Airbnb-07,38,9c119896-77ea-4be8-83e9-b8d9b8677cd4.jpg,,
2,Airbnb,002-Airbnb-07,39,a7182f7e-92ca-40c1-8913-0bd5d636c0ec.jpg,,
2,Airbnb,002-Airbnb-07,40,ab79837a-c0c9-48d8-9a11-616cc9d99c7d.jpg,,
2,Airbnb,002-Airbnb-07,41,ad17578f-5f04-4a3a-b186-51a294f8c154.jpg,,
2,Airbnb,002-Airbnb-07,42,b71a2ee1-df65-4bd0-a9cc-4b450cd3fee4.jpg,,
2,Airbnb,002-Airbnb-08,43,bd6824f4-d1ce-4a92-8c09-a11e5216f8d8.jpg,,
2,Airbnb,002-Airbnb-08,44,c1814735-cf95-4c6b-8118-25f0288bc877.jpg,,
2,Airbnb,002-Airbnb-08,45,c1e6ce0f-e949-4814-86dd-1f9417e6b426.jpg,,
2,Airbnb,002-Airbnb-08,46,c410aa46-38ce-46b7-a261-b3828646950c.jpg,,
2,Airbnb,002-Airbnb-08,47,c4c4454d-73f9-4ceb-8840-456552375a2f.jpg,,
2,Airbnb,002-Airbnb-08,48,c503ca1c-2f09-454c-ab6c-d42762c19209.jpg,,
2,Airbnb,002-Airbnb-09,49,c59b23ca-95bc-4181-86e3-a3539ea58a7a.jpg,,
2,Airbnb,002-Airbnb-09,50,c8a4f4d9-8aad-4348-ad5f-bed9b708bcfd.jpg,,
2,Airbnb,002-Airbnb-09,51,d0bc1fd6-191a-45fe-a3f3-d645b8a9edd3.jpg,,
2,Airbnb,002-Airbnb-09,52,d5db2d78-cddd-481d-9c92-ca3baca2f4fe.jpg,,
2,Airbnb,002-Airbnb-09,53,d7a3efa9-c729-484e-9761-e1415ace33b0.jpg,,
2,Airbnb,002-Airbnb-09,54,d7d79f35-4753-4519-98db-2ed580f59553.jpg,,
2,Airbnb,002-Airbnb-10,55,d80a2a0b-40c1-4fe1-90a5-984e3dc3c1f9.jpg,,
2,Airbnb,002-Airbnb-10,56,e0155fe1-c9b5-4003-a7a8-7e07a8737648.jpg,,
2,Airbnb,002-Airbnb-10,57,e7d02363-0fc1-499b-9e4c-ecbc2c1067f6.jpg,,
2,Airbnb,002-Airbnb-10,58,e7e578c2-c4ec-4010-9e19-ecf986670345.jpg,,
2,Airbnb,002-Airbnb-10,59,edb179f7-4b07-45a8-b6f9-0b568c5dddff.jpg,,
2,Airbnb,002-Airbnb-10,60,f62ab8fd-58d1-4dbd-ae55-5a644da2bf9b.jpg,,
4,Headspace,004-Headspace-01,1,02270843-c244-4b5a-a4e1-ae1a256d5d47.jpg,,
4,Headspace,004-Headspace-01,2,0f1a81ee-55f0-4557-ad99-0f52d52ff18a.jpg,,
4,Headspace,004-Headspace-01,3,1c29a6e1-7eb5-449b-a256-ba1987ea0edf.jpg,,
4,Headspace,004-Headspace-01,4,1e45f381-f79d-4dea-8a10-05bfe2d675e7.jpg,,
4,Headspace,004-Headspace-01,5,20d63e39-96df-4a1f-a82c-1f5767b6334e.jpg,,
4,Headspace,004-Headspace-01,6,2201a400-7cb8-4d55-86d3-c70067e5e7b8.jpg,,
4,Headspace,004-Headspace-02,7,25c773ff-4d3b-43b9-ab86-305e71c0fcaa.jpg,,
4,Headspace,004-Headspace-02,8,27b6407f-b7ea-465c-8323-733162239fa1.jpg,,
4,Headspace,004-Headspace-02,9,27d80b86-1da2-4ed9-8af7-31fb5e07ba02.jpg,,
4,Headspace,004-Headspace-02,10,2b500ce7-3961-4718-afd0-69016fe5e77a.jpg,,
4,Headspace,004-Headspace-02,11,2c61350d-68c2-4e0e-bf05-a07958f00e21.jpg,,
4,Headspace,004-Headspace-02,12,2ff93eda-e3d3-47a1-95d6-9228cfd8a872.jpg,,
4,Headspace,004-Headspace-03,13,3d526a89-c7f7-4c26-86c0-f1097ff217ee.jpg,,
4,Headspace,004-Headspace-03,14,3e8206ea-78bc-498a-94f0-86bf915d0888.jpg,,
4,Headspace,004-Headspace-03,15,3f187767-2d5c-4968-9930-c8d87f4152cb.jpg,,
4,Headspace,004-Headspace-03,16,41ee0b2c-7dd4-4bb3-8a97-d94064e63a72.jpg,,
4,Headspace,004-Headspace-03,17,43b2bd96-ec1e-41ff-ae12-d98ae54912cf.jpg,,
4,Headspace,004-Headspace-03,18,4a98ea19-96a4-4fc9-8d0f-d56e5a41dd50.jpg,,
4,Headspace,004-Headspace-04,19,4eb910ef-a43d-4117-a172-ea957d7d35ae.jpg,,
4,Headspace,004-Headspace-04,20,4fba44d2-27f9-4a42-9627-69c31d4cbb9b.jpg,,
4,Headspace,004-Headspace-04,21,5027ba27-28d7-415f-8bb6-0f3ed0b02421.jpg,,
4,Headspace,004-Headspace-04,22,51ec418a-54a1-4fb6-a673-4e033f23fcdc.jpg,,
4,Headspace,004-Headspace-04,23,557b1da3-4d84-4a25-923c-01a16960418d.jpg,,
4,Headspace,004-Headspace-04,24,5fabb57b-1394-41db-aa66-aef46e31c1bb.jpg,,
4,Headspace,004-Headspace-05,25,5fd40dad-c708-4c54-84d3-fd72abe19303.jpg,,
4,Headspace,004-Headspace-05,26,61688b33-cdd5-45e0-9b60-1a4baa27c6f9.jpg,,
4,Headspace,004-Headspace-05,27,62fe6953-717e-4771-9101-2c8f1edb178d.jpg,,
4,Headspace,004-Headspace-05,28,655afc5b-c717-4d41-94d4-be8314820f6d.jpg,,
4,Headspace,004-Headspace-05,29,65f4d712-5f06-486e-9e56-d248cacee812.jpg,,
4,Headspace,004-Headspace-05,30,6e9076cf-626e-4f1b-8949-be508857f284.jpg,,
4,Headspace,004-Headspace-06,31,779ddb2d-f00d-48ac-85b7-c3d8fc108050.jpg,,
4,Headspace,004-Headspace-06,32,77e67dc1-cde3-4a77-93ea-a6b74f048aaf.jpg,,
4,Headspace,004-Headspace-06,33,7ae69375-06d7-42e3-952e-5f4bc0b52fdd.jpg,,
4,Headspace,004-Headspace-06,34,7c6805d6-141d-446d-a5c9-ce214978fad5.jpg,,
4,Headspace,004-Headspace-06,35,83fc4bf3-7dce-40b6-97ac-70c40f866a2b.jpg,,
4,Headspace,004-Headspace-06,36,8781150d-e760-4289-b32d-cbb71d0fa5c8.jpg,,
4,Headspace,004-Headspace-07,37,98dff9f3-3645-457f-a1f5-151a9a8b9860.jpg,,
4,Headspace,004-Headspace-07,38,99c40182-4420-46b1-8d2f-cbe56fd005d4.jpg,,
4,Headspace,004-Headspace-07,39,a0db66d4-a54f-4bd8-9096-79434818d4d6.jpg,,
4,Headspace,004-Headspace-07,40,a638676d-d1fb-4f0a-91be-bfae1281d5db.jpg,,
4,Headspace,004-Headspace-07,41,aaf7ccef-abf7-446a-bff0-7d431e191925.jpg,,
4,Headspace,004-Headspace-07,42,ad3e5fc4-e2c3-42af-bc20-b597e25af2e9.jpg,,
4,Headspace,004-Headspace-08,43,af5082b3-158e-4012-898c-63a201899fe9.jpg,,
4,Headspace,004-Headspace-08,44,b577b17b-283c-4cfd-9624-8a595bb63607.jpg,,
4,Headspace,004-Headspace-08,45,b85a7645-4495-4ef5-9989-9d8fcef0f7de.jpg,,
4,Headspace,004-Headspace-08,46,ba1c691e-3caa-4409-89d3-abf13f868763.jpg,,
4,Headspace,004-Headspace-08,47,bf791a15-186e-4492-abe2-673694e76342.jpg,,
4,Headspace,004-Headspace-08,48,c06313d7-9642-4884-82f1-0e879a05f138.jpg,,
4,Headspace,004-Headspace-09,49,c3ee8bb9-f3a6-413c-87b2-c2460a4196ac.jpg,,
4,Headspace,004-Headspace-09,50,ceda054f-d2f9-4049-a3d3-8b8fc4ae8884.jpg,,
4,Headspace,004-Headspace-09,51,d06aa1e1-2486-4cc7-b670-aaf06abcd37a.jpg,,
4,Headspace,004-Headspace-09,52,d2987ce1-4485-4f4e-a6b3-c3e69d5f6194.jpg,,
4,Headspace,004-Headspace-09,53,da6a76ba-e9b3-499d-8fc3-a29333c2d19c.jpg,,
4,Headspace,004-Headspace-09,54,e4bdba5e-8bb4-4f11-9fb8-c6d024449e13.jpg,,
4,Headspace,004-Headspace-10,55,e84a3ea1-b1d5-48dc-b9b2-98cf4554fb14.jpg,,
4,Headspace,004-Headspace-10,56,eda27586-1ad8-4999-a89a-826615124910.jpg,,
4,Headspace,004-Headspace-10,57,ef1daaf0-8a5d-409a-9c11-2e2d98453dad.jpg,,
4,Headspace,004-Headspace-10,58,f01aee2d-4c03-4d02-9d05-1e14f9f2bd37.jpg,,
4,Headspace,004-Headspace-10,59,f8e41af2-9efa-42b7-9d35-c562e3485a02.jpg,,
4,Headspace,004-Headspace-10,60,fb6dc61c-437d-4b1c-bc3f-4bef2262d929.jpg,,
5,Duolingo,005-Duolingo-01,1,07245ade-f393-42e9-ad37-1e66501f8cd9.jpg,,
5,Duolingo,005-Duolingo-01,2,085bb57c-073b-481c-8581-2b6dda38be65.jpg,,
5,Duolingo,005-Duolingo-01,3,0bf24212-2b62-48ef-899b-bc245b7e3206.jpg,,
5,Duolingo,005-Duolingo-01,4,0d82fbd4-4c26-4d0a-a84f-16357a177e5f.jpg,,
5,Duolingo,005-Duolingo-01,5,11320960-fee9-4207-892d-f246f88feab3.jpg,,
5,Duolingo,005-Duolingo-01,6,1da474b4-bee8-492f-9c22-6070e588e529.jpg,,
5,Duolingo,005-Duolingo-02,7,21c3bcab-cf3d-4c98-9891-db0bf16466cb.jpg,,
5,Duolingo,005-Duolingo-02,8,25388b9c-9f99-4118-aa72-bb5e034c06c3.jpg,,
5,Duolingo,005-Duolingo-02,9,25a5235d-0638-4071-a08c-2ea50f9b4cd1.jpg,,
5,Duolingo,005-Duolingo-02,10,32010cae-4e8a-4b53-a1de-88a44d2f43d7.jpg,,
5,Duolingo,005-Duolingo-02,11,325058df-b013-4c14-96c9-e66a64f9fd06.jpg,,
5,Duolingo,005-Duolingo-02,12,32f82724-6a67-4902-8990-beedfc4c48df.jpg,,
5,Duolingo,005-Duolingo-03,13,351329ac-979a-4bd5-b1d3-c4f9dc04f136.jpg,,
5,Duolingo,005-Duolingo-03,14,3637e95b-a800-4c2c-a74d-fd7598841ffc.jpg,,
5,Duolingo,005-Duolingo-03,15,365edfe5-5272-4bfc-bdf6-5ba7937db7e0.jpg,,
5,Duolingo,005-Duolingo-03,16,391f31a6-731c-4b24-9062-e26ece0f15a5.jpg,,
5,Duolingo,005-Duolingo-03,17,45df803a-9a32-4f2d-b008-cd43ac8d75ad.jpg,,
5,Duolingo,005-Duolingo-03,18,4ad1624c-e6fb-404f-bff6-57dcfa173b77.jpg,,
5,Duolingo,005-Duolingo-04,19,4b377996-f2cf-46d6-b6b2-83bbee044ef1.jpg,,
5,Duolingo,005-Duolingo-04,20,66841017-bc44-402f-b8f8-bde582008d27.jpg,,
5,Duolingo,005-Duolingo-04,21,69e3e439-0637-40c3-a9a6-5aeeccba1499.jpg,,
5,Duolingo,005-Duolingo-04,22,6b8ea874-56d6-4d86-8945-6daf59b2cf58.jpg,,
5,Duolingo,005-Duolingo-04,23,6f49e87c-b742-45dd-b900-9c6d2af2768b.jpg,,
5,Duolingo,005-Duolingo-04,24,762dc33f-cf88-43fd-883a-e4b8dca934e4.jpg,,
5,Duolingo,005-Duolingo-05,25,78bb0a93-b01a-4efa-97f4-739715832883.jpg,,
5,Duolingo,005-Duolingo-05,26,795f3467-6c6e-4fb8-9810-d20013479708.jpg,,
5,Duolingo,005-Duolingo-05,27,79a1b698-18e2-4c22-9a59-ab19dfd91dab.jpg,,
5,Duolingo,005-Duolingo-05,28,7ae387e0-11ce-40db-8438-e0daf319543d.jpg,,
5,Duolingo,005-Duolingo-05,29,7ef4fdc4-7cab-409b-a24e-5598b8442ec9.jpg,,
5,Duolingo,005-Duolingo-05,30,856b0486-1ede-4f06-bf01-da16f2030146.jpg,,
5,Duolingo,005-Duolingo-06,31,85d6f15e-37bf-4c30-8b50-0602f63d65ef.jpg,,
5,Duolingo,005-Duolingo-06,32,8956c088-f106-4a43-ae7b-72317d828c34.jpg,,
5,Duolingo,005-Duolingo-06,33,8cca0b92-9e5c-42e0-a1e6-39aa59ff19e2.jpg,,
5,Duolingo,005-Duolingo-06,34,9c61e589-0e6d-487b-a5c1-465e5fc81e0c.jpg,,
5,Duolingo,005-Duolingo-06,35,9d6ff671-e176-484d-80a7-919dbcae4235.jpg,,
5,Duolingo,005-Duolingo-06,36,9de8e440-0e31-4283-810c-10e2a17c1a1d.jpg,,
5,Duolingo,005-Duolingo-07,37,a7fd696d-1a47-4668-9e25-1b4807ae1305.jpg,,
5,Duolingo,005-Duolingo-07,38,ae9d04cd-d3eb-4b15-942e-8f84c8de653b.jpg,,
5,Duolingo,005-Duolingo-07,39,af871548-e2de-46b8-820c-7f447a2a6ff0.jpg,,
5,Duolingo,005-Duolingo-07,40,b2142e4f-bac1-441e-8779-fdb935c69690.jpg,,
5,Duolingo,005-Duolingo-07,41,ba76203c-90a2-4921-9cc5-72316a2dc95e.jpg,,
5,Duolingo,005-Duolingo-07,42,c4b65b26-a63c-4924-8238-ba249afda411.jpg,,
5,Duolingo,005-Duolingo-08,43,c5006572-5d7e-4e82-9ed0-c6fc1700134e.jpg,,
5,Duolingo,005-Duolingo-08,44,c7cc08b3-30b8-4d7d-8986-216254c960b9.jpg,,
5,Duolingo,005-Duolingo-08,45,c865f962-e78f-49b5-8a66-745240fe8ced.jpg,,
5,Duolingo,005-Duolingo-08,46,d16553ea-a5d0-43b0-9f61-5667c495baa9.jpg,,
5,Duolingo,005-Duolingo-08,47,d3f398fb-d11c-4bb1-9aa6-cdbc35e3b47e.jpg,,
5,Duolingo,005-Duolingo-08,48,d6905769-84b1-4820-ba43-b73acc060405.jpg,,
5,Duolingo,005-Duolingo-09,49,dc63b7f4-dd6b-47b8-84b0-056b567c43a0.jpg,,
5,Duolingo,005-Duolingo-09,50,deccb366-299e-4740-87ec-bc2ec736dec8.jpg,,
5,Duolingo,005-Duolingo-09,51,e26f51c1-b6ac-4250-9b54-6cde9b803c1d.jpg,,
5,Duolingo,005-Duolingo-09,52,e4209c61-1892-4f12-a75f-5a35df352f5b.jpg,,
5,Duolingo,005-Duolingo-09,53,e42cd532-fd82-4195-982a-03cf4fa41ed4.jpg,,
5,Duolingo,005-Duolingo-09,54,f0011e44-fefe-40fa-89fc-a4b5978d2030.jpg,,
5,Duolingo,005-Duolingo-10,55,f317c723-8659-4371-a645-fd6cc2c11f4d.jpg,,
5,Duolingo,005-Duolingo-10,56,f644415f-746b-4833-bef2-c06caa769650.jpg,,
5,Duolingo,005-Duolingo-10,57,f8479edd-a55a-4113-923f-178e510815e6.jpg,,
5,Duolingo,005-Duolingo-10,58,f85d435b-34f4-4a89-b0ee-c614eefd8ad1.jpg,,
5,Duolingo,005-Duolingo-10,59,fb59b838-3c6e-4b67-8f22-33b24a5411b6.jpg,,
5,Duolingo,005-Duolingo-10,60,fe61bebb-3b47-4f3e-b8f6-88aa3f9775c9.jpg,,
6,Asos,006-Asos-01,1,25d05ebe-2992-413a-a659-3a980372d15a.jpg,Initial onboarding & regional settings — Splash / App Launch,https://refero.design/screens/28ee8dfd-c776-4afc-abf0-b971b7e08da4
6,Asos,006-Asos-01,2,e3623977-181c-4359-b48e-ab1666de9bc9.jpg,Initial onboarding & regional settings — Settings — Root,https://refero.design/screens/72567ecb-574c-4203-b421-e8ee9bac86c0
6,Asos,006-Asos-01,3,43d236bd-759a-4a7c-b398-647df04e6d6b.jpg,Initial onboarding & regional settings — Country Search Resu,https://refero.design/screens/064d87a9-8996-4dd8-b2e4-576aa5d35564
6,Asos,006-Asos-01,4,7f765ce8-7c9a-42d0-89a7-d0296a4e5a65.jpg,Initial onboarding & regional settings — App Updates / Home,https://refero.design/screens/836f8851-35dd-4754-83c2-c2d77357283a
6,Asos,006-Asos-01,5,cb39511a-d9b7-4b08-be5b-afbb05fae04e.jpg,Account sign-in & password reset — Category browsing (Denim),https://refero.design/screens/d6d73dc8-0c86-48e2-87b0-698b42a31261
6,Asos,006-Asos-01,6,de0159eb-63ef-417f-a979-93ef965e4d87.jpg,Account sign-in & password reset — Reset password introducti,https://refero.design/screens/62e146fa-ae5c-4032-a615-f0684df8e966
6,Asos,006-Asos-02,7,e19c81ce-3751-403c-af1a-74440d1242e7.jpg,Account sign-in & password reset — Return to browsing (post-,https://refero.design/screens/6ad9eae2-636e-4843-9966-cbcce7a46877
6,Asos,006-Asos-02,8,4fb6b170-d59c-47cb-b358-1873fcaa5410.jpg,Password Reset via Email — Sign In (entry),https://refero.design/screens/a3809368-f806-4f7c-92d0-da3fc7b7c8a7
6,Asos,006-Asos-02,9,13f3b7ac-2394-44d9-87cc-3d83b96730b1.jpg,Category-to-Search and No-Results Journey — Category landing,https://refero.design/screens/d9525c3b-12fe-45c4-a2bd-e02f998d327a
6,Asos,006-Asos-02,10,75f7c418-5ddd-4b80-bb43-5f9037bff490.jpg,Brand search to product listing — Sportswear landing,https://refero.design/screens/ec7625c7-2df2-47bb-a06a-b772c8537372
6,Asos,006-Asos-02,11,4bfd24d2-2048-4a96-932a-ee6a3b196ab3.jpg,Product listing sort and filter — Listing overview,https://refero.design/screens/55f8ae99-abe1-473d-83a8-1ac419febe9a
6,Asos,006-Asos-02,12,dd7b4243-72f0-42f0-8cce-825d1d71bad1.jpg,Product listing sort and filter — Open Sale / New Season,https://refero.design/screens/2554b100-105e-4dc0-b985-74dfd19b44c1
6,Asos,006-Asos-03,13,243dc050-afb9-40f5-be74-fca0c3090523.jpg,Product listing sort and filter — Open Color,https://refero.design/screens/fa3953c2-b838-4c7f-bd85-5069a8e1e5db
6,Asos,006-Asos-03,14,887191b8-8097-493c-ba53-302a707b072d.jpg,Product listing sort and filter — Apply filters and view ite,https://refero.design/screens/4cdf3a17-02ca-44db-9f84-e731d372aaa7
6,Asos,006-Asos-03,15,37d6ea4b-97a4-4fde-84fe-c3f087f187a8.jpg,Product Details - Save & Carousel — Product Detail (initial),https://refero.design/screens/575ce750-2aec-472f-ac1b-ff3a56e322ae
6,Asos,006-Asos-03,16,b4d6ee15-3cc3-4290-93e3-20408a2901c0.jpg,Fit Assistant — Personalized Size Selector — Product Detail ,https://refero.design/screens/acdad3e7-8789-4a47-b95e-cfdfb0f662e5
6,Asos,006-Asos-03,17,20fab3e0-5350-4b4f-aef7-0c916a72426f.jpg,Fit Assistant — Personalized Size Selector — Adjust Height V,https://refero.design/screens/05f2fb7d-6020-47ff-8c57-8a8cac2ce0d2
6,Asos,006-Asos-03,18,daa791d2-3433-4abc-9b3c-de06cf35676b.jpg,Fit Assistant — Personalized Size Selector — Loading / Proce,https://refero.design/screens/4163fd25-b118-45a0-82f3-33ecc1b952eb
6,Asos,006-Asos-04,19,ab5794ba-c67a-45b3-9c26-9ef4a798a790.jpg,Fit Assistant — Personalized Size Selector — Final Product S,https://refero.design/screens/86327983-2407-413b-b5b2-ad6df5b2b85e
6,Asos,006-Asos-04,20,927896d1-9f47-4ed6-b924-a1a9a6b2c54e.jpg,Product detail — select size and confirm — Product detail vi,https://refero.design/screens/f424007e-53eb-4bbe-9e48-107b071e4435
6,Asos,006-Asos-04,21,47c6bc72-5cde-4e2c-864a-c6693e31b0ca.jpg,Personalized Style & Brand Picker — Category Intro — Outerwe,https://refero.design/screens/76a3629d-2d95-4335-ab6c-0ccb3a1b64ca
6,Asos,006-Asos-04,22,8941d770-e7f4-4f1a-a20b-bf908e70d359.jpg,Personalized Style & Brand Picker — Brands — Popular Pills V,https://refero.design/screens/44a3eb7d-4113-46c1-830b-93b378dbc7a3
6,Asos,006-Asos-04,23,96dae039-4f18-4220-b1ac-e32202c8c2c0.jpg,Personalized Style & Brand Picker — All Done — Completion,https://refero.design/screens/214bac01-609d-4872-ac69-5ad8f939ee67
6,Asos,006-Asos-04,24,7fcff6d8-fb5b-4266-8a24-d44044730d7f.jpg,Personalized Style & Brand Picker — Homepage — Personalized ,https://refero.design/screens/ae1a01c6-8329-4ddb-b32f-18ea87f1c29b
6,Asos,006-Asos-05,25,fb6ab0fa-bb11-4e59-8c31-377032f0ba7e.jpg,Mobile Checkout: Bag to Payment — Bag - Review items,https://refero.design/screens/0025c54f-e6ab-4e6e-b090-d540873c3f0b
6,Asos,006-Asos-05,26,9e188f70-9dea-4c83-b9c3-1baa34556d54.jpg,Mobile Checkout: Bag to Payment — Promo code applying (loadi,https://refero.design/screens/a35a4aff-8ad3-4229-8a43-8722f56a9539
6,Asos,006-Asos-05,27,ad005f29-1659-446e-bed7-aef34007304a.jpg,Mobile Checkout: Bag to Payment — Order totals and Place Ord,https://refero.design/screens/5067f0f7-1a18-498e-8dc8-50f20ec29520
6,Asos,006-Asos-05,28,f7e67176-9e3f-4da9-b3a7-08c6e700cb67.jpg,Mobile Checkout: Bag to Payment — Exit checkout confirmation,https://refero.design/screens/9a7d931e-b82c-4dcb-b0b7-cc22bc6078c1
6,Asos,006-Asos-05,29,15f5f19f-d22e-4b84-9fbb-a765aaf7f2ee.jpg,Create new board from saved item — Saved Items — Add to Boar,https://refero.design/screens/da8b1a4d-dc8a-449e-9350-b7169be79c18
6,Asos,006-Asos-05,30,bd2239c1-a78a-4931-8db2-a6643187a09c.jpg,Create new board from saved item — Boards list — New board s,https://refero.design/screens/fb228f6a-9109-45ec-8013-b8ae3cfc7d79
6,Asos,006-Asos-06,31,ef87bf2a-104f-468f-a093-a84d1951da46.jpg,Save-to-board from Saved Items — Saved Items list (All Items,https://refero.design/screens/7d8987b2-5585-4bac-aabf-28d0c61349f5
6,Asos,006-Asos-06,32,a2e30e7f-b4eb-4787-bd9d-1ae8aa2a26e7.jpg,Save-to-board from Saved Items — Confirmation and return,https://refero.design/screens/99615f62-5da1-46a0-a655-936d1b76ef03
6,Asos,006-Asos-06,33,c24e8463-1e00-4094-bd2a-a6bdec602294.jpg,Save product to board — Browse listing / trigger Save,https://refero.design/screens/d7bda4a8-fcc4-49a0-8d00-ac5e23193b88
6,Asos,006-Asos-06,34,0dc9cf2c-ea13-4749-b669-03bbbc71f73d.jpg,Manage Saved Gift Ideas — Saved board — list view,https://refero.design/screens/e3b3957b-23a5-4a02-bf52-780352004215
6,Asos,006-Asos-06,35,47d63e11-51de-426e-8a24-f01f6e6cf678.jpg,Change password — Account overview,https://refero.design/screens/02e49c2d-080c-4f95-a0ff-2b39d2212717
6,Asos,006-Asos-06,36,e16c07d0-6498-405e-ad22-8e85d6d3e691.jpg,Manage saved address — Save/Delete constraints,https://refero.design/screens/d7e1188c-69a7-45e2-b1d5-43695ecc4848
6,Asos,006-Asos-07,37,f4afc847-140c-44f8-b366-aa1dfeb46ca7.jpg,Add / Redeem Gift Voucher — Account Settings — Gift cards en,https://refero.design/screens/533a310b-0a57-4b92-9f6f-205fb07cadf2
6,Asos,006-Asos-07,38,4c37d4df-19b2-4381-89fe-71cc4770e59d.jpg,Add / Redeem Gift Voucher — Validation result — error state,https://refero.design/screens/09c9630e-f1c8-4906-b830-eb5848acc87d
6,Asos,006-Asos-07,39,cbbe6042-a2c2-4005-8373-589154bf85e5.jpg,Account Deletion — Reason picker (overlay),https://refero.design/screens/67cae5df-8a64-4a54-b424-f25f036a366a
6,Asos,006-Asos-07,40,9c06bf11-3f65-4b78-8218-c7cc79e426f3.jpg,Account Deletion — Post-deletion (expected),https://refero.design/screens/26e6d7d1-3d7d-475d-a710-8ae404a4dfff
6,Asos,006-Asos-07,41,918651c7-1251-4390-97ba-7320e8bf4423.jpg,Promo & Voucher Entry — Checkout Summary,https://refero.design/screens/4ca95e76-a13d-4a85-bae6-16798b0d24a7
6,Asos,006-Asos-07,42,2a8d49ac-36f2-498d-a214-96b1b0da99e7.jpg,Postal Address Selection — Checkout — Shipping Address,https://refero.design/screens/3b526e80-e525-4342-b858-6e1e6ee0e57c
6,Asos,006-Asos-08,43,fbc26acd-833d-4257-a172-d597b4a0480f.jpg,Postal Address Selection — Checkout — Postal Address Selecte,https://refero.design/screens/6035e33d-b8ec-4a44-8bac-93b068676585
6,Asos,006-Asos-08,44,b145d069-7002-4df0-b62d-5972887cce4f.jpg,Address selection and confirmation — Address finder (empty),https://refero.design/screens/fbbec3a0-1d67-4027-b3e0-36721214430c
6,Asos,006-Asos-08,45,7193902c-6d4b-4aab-85d6-c271f2d5ab63.jpg,Add Credit/Debit Card — Select Payment Type,https://refero.design/screens/48365423-c455-4b34-92fe-87cee8e98b9e
6,Asos,006-Asos-08,46,1ff41729-91fe-4689-bd1c-1ecd68526978.jpg,Add Credit/Debit Card — Submit and Validate,https://refero.design/screens/688088b4-367d-4b3f-bcbc-b65a0840de8a
6,Asos,006-Asos-08,47,997c5b42-9b7a-4008-b49e-2dc9ef7a724e.jpg,Guest to Account Sign-up from Wishlist — Product Listing – D,https://refero.design/screens/a59e70d8-1362-4a54-99cc-3a967f8a33f9
6,Asos,006-Asos-08,48,025f398f-ff07-4896-a0b8-f1cdc8f439ba.jpg,Guest to Account Sign-up from Wishlist — Sign Up Form – Star,https://refero.design/screens/a3ebf866-71a7-4160-a486-0cac89a7f02b
6,Asos,006-Asos-09,49,c3f6ff85-eeb7-4588-b3f9-2b56bb44c365.jpg,Guest to Account Sign-up from Wishlist — Contact Preferences,https://refero.design/screens/61d71036-f003-4937-8e85-916e34c2b2ff
6,Asos,006-Asos-09,50,dcd3c19a-3365-487d-9b55-fce4aa061c20.jpg,Add Gift Voucher — Empty state — Gift Cards list,https://refero.design/screens/0b30a532-773e-48a0-ab7f-a88f3f6c80ca
6,Asos,006-Asos-09,51,14d9138e-fca6-479d-9cb2-3556b53a8860.jpg,Access Returns & Refunds Policy — Account Settings list,https://refero.design/screens/c02e9696-10c6-4d84-98d3-dafaa6f8938d
6,Asos,006-Asos-09,52,478fd726-5d23-4f20-a015-9a63b66dc257.jpg,Access Returns & Refunds Policy — Returns Policy article (to,https://refero.design/screens/6e6aab8f-421e-4091-932e-458270774741
6,Asos,006-Asos-09,53,66046f6b-8e30-49d8-ae4c-e9d39350d92e.jpg,Access Returns & Refunds Policy — Contact support CTA,https://refero.design/screens/cc422096-8c84-4aef-a3eb-ae43b445435e
6,Asos,006-Asos-09,54,d45a4582-1177-4683-a77d-41b0d20bafd4.jpg,Customer Care Search & No-Results — Customer Care landing,https://refero.design/screens/3a2aed7c-74fc-4578-8d9f-73f69b0399af
8,Pinterest,008-Pinterest-01,1,0d6c8f26-b4ea-46ed-bf85-34b7188540d1.jpg,,
8,Pinterest,008-Pinterest-01,2,10a9d9b6-0f72-43b3-a6c8-48389bf9c633.jpg,,
8,Pinterest,008-Pinterest-01,3,10ceab3b-f9bd-43bb-883b-a95a8a6841a2.jpg,,
8,Pinterest,008-Pinterest-01,4,151b02d3-39b4-450f-8fc8-42ac43820c89.jpg,,
8,Pinterest,008-Pinterest-01,5,1a072123-1c1f-41e2-bb23-92f5f5449eeb.jpg,,
8,Pinterest,008-Pinterest-01,6,1b653abe-4087-400f-b13e-884d310a2a9b.jpg,,
8,Pinterest,008-Pinterest-02,7,1ba89082-1ae5-410c-bc5c-a1bd6fdf5e07.jpg,,
8,Pinterest,008-Pinterest-02,8,1fb6eafd-4faf-4c95-8e2b-e72c095173d2.jpg,,
8,Pinterest,008-Pinterest-02,9,22693f2e-b5b3-4fcc-b564-d381f3bfca8e.jpg,,
8,Pinterest,008-Pinterest-02,10,25943dcf-0d1f-4652-b67b-6562d0c26bf9.jpg,,
8,Pinterest,008-Pinterest-02,11,26d5b179-2add-4c2e-a6ad-af732315ae92.jpg,,
8,Pinterest,008-Pinterest-02,12,2d1e8596-0ad2-4e0d-ba18-e109912cdcc8.jpg,,
8,Pinterest,008-Pinterest-03,13,3074a681-f59b-4868-850e-3f3add231b2a.jpg,,
8,Pinterest,008-Pinterest-03,14,34b4bbcb-1103-44fe-b49a-ce00b1ce03c2.jpg,,
8,Pinterest,008-Pinterest-03,15,38f8b99c-b52c-4aab-8468-6f8baeadbd25.jpg,,
8,Pinterest,008-Pinterest-03,16,3ae97712-029d-458a-993f-7f27a56f2fa9.jpg,,
8,Pinterest,008-Pinterest-03,17,3c43c9eb-d800-49c7-a56c-1c67e7776bba.jpg,,
8,Pinterest,008-Pinterest-03,18,48fa035c-5910-44a9-a57e-5dbaef6edc13.jpg,,
8,Pinterest,008-Pinterest-04,19,53bc59c5-47b6-4fb6-a4f4-e5f301c38921.jpg,,
8,Pinterest,008-Pinterest-04,20,540b48e1-3d99-4dad-8b47-4ee7d0cd5271.jpg,,
8,Pinterest,008-Pinterest-04,21,561dce5f-7c53-4adb-b871-8b1e48989b9a.jpg,,
8,Pinterest,008-Pinterest-04,22,56d46e14-49a2-4c21-8518-d1672f370ba0.jpg,,
8,Pinterest,008-Pinterest-04,23,592f574b-84d1-43d0-8155-f76842396b82.jpg,,
8,Pinterest,008-Pinterest-04,24,5c2017c3-f712-4e06-89a1-5fb806e995c2.jpg,,
8,Pinterest,008-Pinterest-05,25,5daeb6e7-e96f-42c0-9338-987a382b67d6.jpg,,
8,Pinterest,008-Pinterest-05,26,5f6b9d50-f7c9-47aa-a8d7-566d086b9519.jpg,,
8,Pinterest,008-Pinterest-05,27,66bf6b3b-7779-425b-8177-9fccd6944f62.jpg,,
8,Pinterest,008-Pinterest-05,28,69d129df-65f3-4968-a7db-e91e860a12d2.jpg,,
8,Pinterest,008-Pinterest-05,29,6afe23aa-8fbb-4b30-8528-c37a6bea799e.jpg,,
8,Pinterest,008-Pinterest-05,30,6b1ccc1a-b648-4ee1-9776-02b3bbd6de12.jpg,,
8,Pinterest,008-Pinterest-06,31,6f6969a6-6d69-4d34-ac5f-a76a87af8acc.jpg,,
8,Pinterest,008-Pinterest-06,32,725dd694-db9e-429b-ac87-a8c10f33fbe3.jpg,,
8,Pinterest,008-Pinterest-06,33,742c7ccc-65ff-447b-830d-050a47383603.jpg,,
8,Pinterest,008-Pinterest-06,34,7b1402b5-4671-4660-8511-f3b7a7c4dafc.jpg,,
8,Pinterest,008-Pinterest-06,35,7e92e66a-b01a-4b82-ab9a-7f9aa51defcf.jpg,,
8,Pinterest,008-Pinterest-06,36,8269b51b-99e9-43a2-afce-02e384475995.jpg,,
8,Pinterest,008-Pinterest-07,37,868b8047-eab4-40d8-b67e-535124079d76.jpg,,
8,Pinterest,008-Pinterest-07,38,87335ab1-3e08-46ba-9e40-983369c453e6.jpg,,
8,Pinterest,008-Pinterest-07,39,89db854e-7fbb-41cf-a2fd-d955c379da49.jpg,,
8,Pinterest,008-Pinterest-07,40,8fd19b90-dee9-4e62-a1c2-d740bc79abda.jpg,,
8,Pinterest,008-Pinterest-07,41,9521ddc9-65b8-4e88-9985-19a8326727f7.jpg,,
8,Pinterest,008-Pinterest-07,42,9cf93357-1726-495a-b8a9-adcca0c6c40d.jpg,,
8,Pinterest,008-Pinterest-08,43,aaa855b9-59e9-4802-8ef7-5a1ba0a3f12a.jpg,,
8,Pinterest,008-Pinterest-08,44,b1095cea-b067-45b5-8995-3095b0d6e98e.jpg,,
8,Pinterest,008-Pinterest-08,45,b1f0045e-eab1-4ec7-9c16-ede2ea284495.jpg,,
8,Pinterest,008-Pinterest-08,46,bca31afa-9fa8-491d-b360-11cde2cc34b8.jpg,,
8,Pinterest,008-Pinterest-08,47,bdfc529e-706b-4bc5-8268-f6652889497b.jpg,,
8,Pinterest,008-Pinterest-08,48,c456c621-bb7f-41e3-a819-3e13a9cfa444.jpg,,
8,Pinterest,008-Pinterest-09,49,c8b9e5b2-5ccb-4e1d-aea5-6b98dfe83348.jpg,,
8,Pinterest,008-Pinterest-09,50,c8e89aa3-1b91-4bb5-9375-836c9d6c75a6.jpg,,
8,Pinterest,008-Pinterest-09,51,d23a1e83-1a0a-48d4-b735-d557584e9332.jpg,,
8,Pinterest,008-Pinterest-09,52,d3060c69-3d62-46d7-93ae-1b080f83d3ec.jpg,,
8,Pinterest,008-Pinterest-09,53,d59a579a-079a-47f3-a868-58179d7b4cd0.jpg,,
8,Pinterest,008-Pinterest-09,54,d9b48c90-7da1-48d0-9799-ef47775940ec.jpg,,
8,Pinterest,008-Pinterest-10,55,e55e2d88-3225-4cac-825f-a46c104cfad5.jpg,,
8,Pinterest,008-Pinterest-10,56,e9988629-60b8-4b02-8d1f-4b46bc9ea312.jpg,,
8,Pinterest,008-Pinterest-10,57,f0c4767b-deba-4e08-ad75-506eb9de3988.jpg,,
8,Pinterest,008-Pinterest-10,58,f427dc1c-9b05-491f-bbbf-04286db7f801.jpg,,
8,Pinterest,008-Pinterest-10,59,f5274e3c-6f75-4dd0-93b8-a4cd65b9906a.jpg,,
8,Pinterest,008-Pinterest-10,60,fe8cb322-5764-4335-b48b-d747c468ed5a.jpg,,
17,Calm,017-Calm-01,1,3c4c9c67-f98a-4bc4-b9a7-102c5fa60268.jpg,"Welcome — lavender, Sleep more. Stress less.",https://refero.design/screens/bf8e3c0a-1f09-42f8-a848-83f0a865244f
17,Calm,017-Calm-01,2,e4b3cad6-60af-416b-b052-e29b6bef834b.jpg,Launch — take a deep breath,https://refero.design/screens/cc67497f-459f-47c1-ac77-0a39596cf463
17,Calm,017-Calm-01,3,8ef0b31b-c441-44a5-a030-62a5238174da.jpg,Modal — try your first meditation,https://refero.design/screens/c52e3826-ad98-4597-8d3e-c90a76b71a9e
17,Calm,017-Calm-01,4,d4888fc4-ab92-4bab-8d07-ca61413a7182.jpg,Paywall — Find your Calm today,https://refero.design/screens/c17c6bdf-7e17-4541-92f6-0b1acda0603e
17,Calm,017-Calm-01,5,9d452831-0e4c-40f5-935d-1ad1d1407451.jpg,Home — mountain lake scene,https://refero.design/screens/508e96c8-a83a-416e-a73a-808b574d6645
17,Calm,017-Calm-01,6,0da4863d-e941-4b65-b73c-d63d49a759bc.jpg,Home — lake scene with promo card,https://refero.design/screens/ba65ae75-dd10-4354-9a1a-a15302e59f64
17,Calm,017-Calm-02,7,976a388e-93ea-4dba-951d-bf7db695ba90.jpg,Home — river scene,https://refero.design/screens/90a8dbbf-5c85-4019-8974-a9cb1803777b
17,Calm,017-Calm-02,8,9e74ece8-d3d8-463b-aa88-07d44c8194e0.jpg,Home — Good evening greeting and chips,https://refero.design/screens/c8219acb-398a-4aba-8b27-f2a939d9a1fa
17,Calm,017-Calm-02,9,bb8e7978-f84b-4fb1-a0e3-5ad674f997cc.jpg,Home — mood-based recommendations,https://refero.design/screens/b0249cb5-286e-4277-921b-6fe3bf9be3af
17,Calm,017-Calm-02,10,ab9f1dae-4e0b-4697-9dde-4e3f697e0b9d.jpg,Home — content card list,https://refero.design/screens/31eb6727-a47a-48c3-a476-307d1011ebb3
17,Calm,017-Calm-02,11,e7d9e131-c239-411c-ad27-2e6457c11470.jpg,Home — Start with one of these,https://refero.design/screens/0975c1f6-9d8b-481c-8af1-952a81f6b8ed
17,Calm,017-Calm-02,12,6e271fe2-034b-40e0-b16a-fb09fadaa9b4.jpg,Modal — daily quote cards,https://refero.design/screens/c81921b7-bd70-4679-9618-25a9b60c7afd
17,Calm,017-Calm-03,13,861bafe5-4b1c-4a94-b7ce-fa5123535b2c.jpg,Sleep — story tabs and carousel,https://refero.design/screens/174174ba-0b3e-45b4-bb7d-bcbb5625c311
17,Calm,017-Calm-03,14,9317056a-8e50-4454-ac3d-6bd77ebe6087.jpg,Calm Kids — hero and content,https://refero.design/screens/5dbc4091-ff23-47a8-965e-261acde9716f
17,Calm,017-Calm-03,15,919f27ad-6716-4e5e-b6a3-0b4649e21a33.jpg,Favorites — saved sessions,https://refero.design/screens/8ec3802e-b599-4e5e-a446-bf2388425ee8
17,Calm,017-Calm-03,16,834f5efb-5924-476c-a06c-cbf4a2fcc016.jpg,Playlist detail — Keep Sleep Relax,https://refero.design/screens/3054e155-628a-4a99-9b52-28873a20de91
17,Calm,017-Calm-03,17,37c07ab7-e839-435a-875c-e5f49f1fcdd9.jpg,Playlist detail — session list with mini player,https://refero.design/screens/e12d038c-a606-459e-bb2b-4992f890cc8a
17,Calm,017-Calm-03,18,204d3288-bbdd-4eef-b3bf-8c688c16a284.jpg,Session detail — Deep Sleep Relax,https://refero.design/screens/da7da521-5957-42da-808f-856d4277c5dd
17,Calm,017-Calm-04,19,7f3706c8-27c0-4b4d-b76b-5b65cca8ce53.jpg,Music playlist — Piano for Sleep,https://refero.design/screens/fdd94006-6c12-48ca-a1df-b4ebb5bca713
17,Calm,017-Calm-04,20,78f11b5a-fd2b-4ce7-82a9-a87b8f0616cc.jpg,Player — One More Sleep,https://refero.design/screens/dfe52520-20f0-4c92-917b-4ac5b5d31060
17,Calm,017-Calm-04,21,42117554-5706-4d01-a864-fb44a8f7a3dc.jpg,Post-session — Feel into this moment,https://refero.design/screens/a3a4bb9f-22ff-4843-b66a-6b761843d46f
17,Calm,017-Calm-04,22,8e259270-c0d2-4339-ad67-ef20fcf10504.jpg,Sleep Check-In — recommendations,https://refero.design/screens/a4bc5ea1-fa0d-49e2-a101-5126f172560f
17,Calm,017-Calm-04,23,115bdcec-1c59-460a-afb2-7a9b8bb84505.jpg,Search — landing with results,https://refero.design/screens/1ad499a4-8823-4601-b2b3-af2d560b709a
17,Calm,017-Calm-04,24,e332ed95-72d7-473c-ad1c-1e0f0007f0cf.jpg,Search — query with filter pills,https://refero.design/screens/cf4afff8-fee6-4471-9304-efa40612c253
17,Calm,017-Calm-05,25,da5942a0-2e55-4a71-880f-167d03480497.jpg,Search — Category and Time filter sheet,https://refero.design/screens/6f263edb-05eb-4908-8634-ac5eec569708
17,Calm,017-Calm-05,26,bdedde82-2fe3-4481-97dd-b9628bb9efdf.jpg,Profile — check-in activity,https://refero.design/screens/f4c83735-2e9e-4f14-b70d-9f06f4b20574
17,Calm,017-Calm-05,27,c3953f51-cf36-4c30-9170-ceb8a12f81ab.jpg,Settings — Notifications toggles,https://refero.design/screens/47284199-99ac-463e-8dcd-64d03d9b845d
17,Calm,017-Calm-05,28,4b539e90-df76-4742-94bd-72412678473e.jpg,Support — help article page,https://refero.design/screens/0425b518-9f70-47dc-8494-574cdb9a52c1
17,Calm,017-Calm-05,29,65ffc27d-ee67-4715-bd55-189257ca689b.jpg,Widget — home screen (dark),https://refero.design/screens/0ae97565-b516-487a-b503-bd406040f69d
17,Calm,017-Calm-05,30,42dfd5ad-3a95-465a-a47b-d63820ea4686.jpg,Widget — daily calm image,https://refero.design/screens/128aacc2-2f77-4797-b32b-3103d1b8015c
22,Kitchen Stories,022-Kitchen Stories-01,1,67fec7a1-c9c3-4c1d-8fb5-1cdb1af9b091.jpg,Help — technical questions,https://refero.design/screens/11e826dc-e2ef-4590-879e-82d828646142
22,Kitchen Stories,022-Kitchen Stories-01,2,73187392-d68a-4c54-8a8f-2038bcb49d08.jpg,Widget — recipe of the day,https://refero.design/screens/fe7a8b3c-f6f7-40d1-b727-f46c9ec3d798
22,Kitchen Stories,022-Kitchen Stories-01,3,21d79a94-abb1-439c-9f81-44f1d643b67b.jpg,Welcome — walkthrough,https://refero.design/screens/9079400e-3533-47d2-b935-2944f3f18952
22,Kitchen Stories,022-Kitchen Stories-01,4,a73c0a59-0e0a-41bb-925e-0c8a61901e43.jpg,Home — Today,https://refero.design/screens/787b97c8-ce04-43c7-96c0-d3b2a8ccc2db
22,Kitchen Stories,022-Kitchen Stories-01,5,02d38811-519a-48df-a1e5-c7dfa5af7f62.jpg,Latest recipes grid,https://refero.design/screens/c6bb2c99-d947-4c21-a4f5-811b4a7f463e
22,Kitchen Stories,022-Kitchen Stories-01,6,07ce5239-a23e-43f8-bf39-e93f47fcd0f4.jpg,Latest recipes — filter icon,https://refero.design/screens/645779d8-d4b2-4420-b118-9e692ed8a1fe
22,Kitchen Stories,022-Kitchen Stories-02,7,a1cbaea2-c4e1-4873-a606-cad3b6d84903.jpg,Share — spread the word sheet,https://refero.design/screens/105a3b2b-2c63-486b-972c-1cac0863ef55
22,Kitchen Stories,022-Kitchen Stories-02,8,a5643727-5882-48d5-be54-1bccf3580781.jpg,Recipes browse — Kitchen Stories tab,https://refero.design/screens/a3e2ead5-c85a-480b-a77b-e2be450119df
22,Kitchen Stories,022-Kitchen Stories-02,9,3e738fd9-41d4-4680-990f-1aa613f21672.jpg,Search — vegan results (dark),https://refero.design/screens/f6570421-bebb-4d40-be13-e7249e85978f
22,Kitchen Stories,022-Kitchen Stories-02,10,16f57ad8-f258-4b9c-824b-4c80facc7259.jpg,Recipe — Marry Me Chicken,https://refero.design/screens/0d409188-0e24-4c5e-be93-6c653bd4be93
22,Kitchen Stories,022-Kitchen Stories-02,11,81e00d5a-fb80-4527-9739-43459839da71.jpg,Today's story — jam feature (dark),https://refero.design/screens/dab384f0-9815-42fe-8204-6fba0adacccd
22,Kitchen Stories,022-Kitchen Stories-02,12,f31d0ddd-da8f-4820-9d6d-3dbfe0ea6a76.jpg,Today's story — card,https://refero.design/screens/f87ece5d-c13e-4d9f-8f19-a7b699fb05e6
22,Kitchen Stories,022-Kitchen Stories-03,13,63ec38cd-86ee-4079-b91c-2681b6f99ca6.jpg,Widget — leek soup recipe card,https://refero.design/screens/badcb8ef-46c9-4587-8e18-499dc72f4bb3
22,Kitchen Stories,022-Kitchen Stories-03,14,4c07860b-8887-4fb6-bf58-4e5dfa24ac64.jpg,Add ingredient — wheel picker sheet,https://refero.design/screens/ad46dccc-9794-4b2a-9d90-92c22320e800
22,Kitchen Stories,022-Kitchen Stories-03,15,6038f840-6025-48f3-b2e3-b7adfdb40177.jpg,Ingredients list — servings,https://refero.design/screens/3cbdf847-910a-48f8-992c-010fa446f5ce
22,Kitchen Stories,022-Kitchen Stories-03,16,1598cf5a-1d45-4c02-b7a4-62fdf89c2d9d.jpg,Add ingredient — form,https://refero.design/screens/a79e0578-4081-49e4-940e-6caca49bd31e
22,Kitchen Stories,022-Kitchen Stories-03,17,0c74a5dc-e357-4acc-bbee-d975b8dec018.jpg,Ingredients — add to shopping list,https://refero.design/screens/35c3a378-4ef7-4860-bd0f-22d868d003b5
22,Kitchen Stories,022-Kitchen Stories-03,18,eac3f10e-33db-41b4-8086-c8cc9f43458e.jpg,Add ingredient — more details,https://refero.design/screens/f3c9d8ad-7195-43ad-9f4f-01e1db98d194
22,Kitchen Stories,022-Kitchen Stories-04,19,0f9c82b1-4c28-4d31-a06d-9c169d2ca7ee.jpg,Cooking step — pesto pasta,https://refero.design/screens/4ceb8643-ef8c-4866-8f6b-9ad778b52f7c
22,Kitchen Stories,022-Kitchen Stories-04,20,84f236d3-11b5-4d71-a613-0467ef1df748.jpg,Add ingredient — empty form,https://refero.design/screens/ce7426df-3662-4a52-b448-973bb42124a0
22,Kitchen Stories,022-Kitchen Stories-04,21,f22be183-0140-4f22-82ec-5dfafc9b1896.jpg,Cooking step — strawberry loaf (dark),https://refero.design/screens/834cafd5-3d7f-49f0-9e5a-f790ca6791fe
22,Kitchen Stories,022-Kitchen Stories-04,22,62597b4e-b8be-404a-aa60-d74b1a445dff.jpg,Splash — wordmark and tagline,https://refero.design/screens/8c7494fb-2c36-451c-9bea-a5ebe9638daf
22,Kitchen Stories,022-Kitchen Stories-04,23,37415eb9-e6d9-412e-9d48-a6697a6a8e8f.jpg,Widget — My Cookbooks icon,https://refero.design/screens/a238b67d-7e11-43a6-a3b9-be6240380d37
22,Kitchen Stories,022-Kitchen Stories-04,24,34d9b77a-9bf1-493f-812a-ec8172e7fa65.jpg,Widget — recipe of the day,https://refero.design/screens/0630bcbe-7199-400b-a25d-eb2c4a22b371
22,Kitchen Stories,022-Kitchen Stories-05,25,d7bc7d8d-de2c-4783-9e84-a6abad2e0a32.jpg,Paywall — one place for all your recipes,https://refero.design/screens/5dc6ca61-1582-4fad-b06d-3c75812a5476
22,Kitchen Stories,022-Kitchen Stories-05,26,e51998b5-773a-4a65-a9c0-15970263480c.jpg,About us,https://refero.design/screens/7426b921-c013-4530-92a2-e0757e84508f
22,Kitchen Stories,022-Kitchen Stories-05,27,f84e33bc-7b11-4d31-869c-26c7ee493a10.jpg,Profile settings,https://refero.design/screens/b9e4c9c2-61c7-4c52-a8c8-d8cdee4026a6
22,Kitchen Stories,022-Kitchen Stories-05,28,abba3ead-9c32-42ad-899f-67cff7d54a35.jpg,Feedback — email composer,https://refero.design/screens/04fb3309-755d-4121-b127-e48a0d7aec5d
22,Kitchen Stories,022-Kitchen Stories-05,29,d1127ece-f71c-48a4-adb9-92622a94389e.jpg,Save recipe sheet — loading,https://refero.design/screens/74f76411-baa7-4010-a868-5accecb1a4cc
22,Kitchen Stories,022-Kitchen Stories-05,30,cd691309-0550-4917-9423-bc32bb1dcf60.jpg,Save recipe sheet — cookbook picker,https://refero.design/screens/8903fa03-71a8-425d-8665-cdb2c308613f
22,Kitchen Stories,022-Kitchen Stories-06,31,328cfc03-3309-47fe-9238-e46e225d0ffd.jpg,Cookbook product page (web),https://refero.design/screens/6e378499-8c76-4f5a-ba39-9982809f20de
22,Kitchen Stories,022-Kitchen Stories-06,32,2fe3c69c-b528-44aa-aaec-3896d82e8731.jpg,Search — From the web results,https://refero.design/screens/15bf4c68-9c39-45c1-8026-0d6f738be4e2
22,Kitchen Stories,022-Kitchen Stories-06,33,b23c0427-12ca-4672-b652-8923692711d0.jpg,Search results — Chicken,https://refero.design/screens/f0061fb0-c8c6-4108-ab98-37f63ab048d2
22,Kitchen Stories,022-Kitchen Stories-06,34,415bbe26-1263-4a3f-81fd-02a68eacc99c.jpg,Ingredients and utensils list,https://refero.design/screens/04653ffb-3baf-4534-9df4-e5ee438b8c34
22,Kitchen Stories,022-Kitchen Stories-06,35,966a2a5a-0b24-47e7-aca0-d897b79a743f.jpg,Shopping list — empty (dark),https://refero.design/screens/ed796e4a-75f3-4955-bc67-60a4875e6722
22,Kitchen Stories,022-Kitchen Stories-06,36,2ba1187b-7e17-45e0-8b89-b44df7254386.jpg,Shopping list — empty,https://refero.design/screens/7d32c89d-57e5-4234-a9b4-c52f9ddf8c6c
22,Kitchen Stories,022-Kitchen Stories-07,37,1a1a538d-75e9-4584-a985-afb1b089583d.jpg,Video list,https://refero.design/screens/f799ad06-06ea-4dea-a16b-6677a5c3dfcc
22,Kitchen Stories,022-Kitchen Stories-07,38,35e0175b-e9b8-448a-932a-bdb056ed9fec.jpg,Saved toast on recipe page,https://refero.design/screens/8eb0bfa0-8abc-45d0-80e3-54291a97af3f
22,Kitchen Stories,022-Kitchen Stories-07,39,f474f1ee-7fbd-49ca-b01d-28729d977feb.jpg,FAQ article,https://refero.design/screens/52bd7d96-f652-4635-b447-8273fe5f3721
22,Kitchen Stories,022-Kitchen Stories-07,40,a388901f-f080-4092-a75f-47ac93c22a49.jpg,Comments,https://refero.design/screens/4f88af9d-3156-45c5-9866-72ce88309610
22,Kitchen Stories,022-Kitchen Stories-07,41,c5ace05f-5004-486d-a751-7dbccd55ee91.jpg,Video player — full screen,https://refero.design/screens/3dcbfd98-d254-4afc-b719-1f532caa9133
22,Kitchen Stories,022-Kitchen Stories-07,42,4833943d-820a-45f5-a1d9-42e31bbe124d.jpg,Search — no results,https://refero.design/screens/0cb9ae82-3775-4cfe-945b-71592ed6a260
22,Kitchen Stories,022-Kitchen Stories-08,43,780bd160-b819-4b09-abb7-be3fef3f8eb3.jpg,Today — story of the day hero,https://refero.design/screens/d700f83f-76e4-4f33-84df-f2408eb4632b
22,Kitchen Stories,022-Kitchen Stories-08,44,731906a4-a9de-42a6-86cc-016e93af88d5.jpg,Today — seasonal and trending,https://refero.design/screens/39700396-c105-4cd3-b4f7-5a2a006b3931
22,Kitchen Stories,022-Kitchen Stories-08,45,88756869-c5b1-484d-998d-7e994cf6d875.jpg,Today — latest recipes carousel,https://refero.design/screens/decb22f3-c765-4f1c-9b8a-50fce2a8254d
22,Kitchen Stories,022-Kitchen Stories-08,46,2de2a7eb-76e6-4e04-be54-9e4026d515c2.jpg,Video step — swiss chard,https://refero.design/screens/e758b4d5-488d-48fc-a003-880fa386a92c
22,Kitchen Stories,022-Kitchen Stories-08,47,5513f7bc-8073-483a-9de3-a0e93b5ffcea.jpg,"Sign up — Apple, Google, email",https://refero.design/screens/427368d3-312c-4c5f-bb32-18186500479a
22,Kitchen Stories,022-Kitchen Stories-08,48,d8462412-fc13-4287-815f-109218235005.jpg,Email sign up form,https://refero.design/screens/dd2c2c19-f4d0-431d-aafc-65791685507f
22,Kitchen Stories,022-Kitchen Stories-09,49,fa8d680f-a8bf-4c7b-8e3c-6997227d1530.jpg,Email sign up — validation errors,https://refero.design/screens/43d768b8-a14d-4ab6-abb9-f849895d14e9
26,Apple Music,026-Apple Music-01,1,048d79fa-97b8-40eb-b015-33b871ca03dc.jpg,,
26,Apple Music,026-Apple Music-01,2,14f4ec15-af38-4398-8013-9dcfc9b0d69a.jpg,,
26,Apple Music,026-Apple Music-01,3,151f16dd-b5d2-4823-83b8-90a6e1d9d594.jpg,,
26,Apple Music,026-Apple Music-01,4,1a703931-310a-4f7d-900f-7a02fcfd80b7.jpg,,
26,Apple Music,026-Apple Music-01,5,1cb15791-fb33-4024-b9bb-6a1b7b3ca713.jpg,,
26,Apple Music,026-Apple Music-01,6,1d464f45-f313-4216-adb1-1137e96e91ef.jpg,,
26,Apple Music,026-Apple Music-02,7,2a3d4769-99b0-4393-acdb-09914effb902.jpg,,
26,Apple Music,026-Apple Music-02,8,2b97efab-e79c-4b4c-9069-679509377f27.jpg,,
26,Apple Music,026-Apple Music-02,9,385350fb-04fa-40ef-8b92-3f5668325b07.jpg,,
26,Apple Music,026-Apple Music-02,10,42864a03-228c-4447-a96d-f935ce7478a2.jpg,,
26,Apple Music,026-Apple Music-02,11,4a41e7e5-fe2b-4808-9522-4830436d102d.jpg,,
26,Apple Music,026-Apple Music-02,12,4d476a62-4b48-49db-8576-266e9a6f8f61.jpg,,
26,Apple Music,026-Apple Music-03,13,503291c3-7019-413e-ba37-f3bbe65b03ed.jpg,,
26,Apple Music,026-Apple Music-03,14,54e169c7-5a9a-4538-948e-11435319eef9.jpg,,
26,Apple Music,026-Apple Music-03,15,57ecb4ca-64e8-41c4-8b8f-8c464e4a6d0d.jpg,,
26,Apple Music,026-Apple Music-03,16,5b44808b-569c-43be-b143-3209b82e9053.jpg,,
26,Apple Music,026-Apple Music-03,17,6c250954-bbea-4bd7-b9c7-20bf1e8fa459.jpg,,
26,Apple Music,026-Apple Music-03,18,6ca92841-8204-4909-b1ef-6c178351e5dc.jpg,,
26,Apple Music,026-Apple Music-04,19,70eb477a-9e38-4b91-8994-bd5e25b4af8b.jpg,,
26,Apple Music,026-Apple Music-04,20,7189bc84-ddab-4eae-8669-a1d1a2477deb.jpg,,
26,Apple Music,026-Apple Music-04,21,78de22d3-cdbd-46f0-8bd7-9b9665cae5cc.jpg,,
26,Apple Music,026-Apple Music-04,22,797ade92-02bf-4002-849d-3bd8df1dd8da.jpg,,
26,Apple Music,026-Apple Music-04,23,79c0b5be-997e-4564-9f34-33426cf70113.jpg,,
26,Apple Music,026-Apple Music-04,24,7b1dad09-526f-4f8e-af55-dcd4fdfe654a.jpg,,
26,Apple Music,026-Apple Music-05,25,7b8c0527-415a-43e5-9f8b-754366054977.jpg,,
26,Apple Music,026-Apple Music-05,26,7c2acec1-76d5-4796-b7a7-15160f5efbd1.jpg,,
26,Apple Music,026-Apple Music-05,27,7c85536b-357c-4d09-b329-b4ace3f1363e.jpg,,
26,Apple Music,026-Apple Music-05,28,7d23d7a5-dda2-45ed-9821-9832348440cf.jpg,,
26,Apple Music,026-Apple Music-05,29,8cd895c7-fcdb-4624-964e-86fde2efd2f6.jpg,,
26,Apple Music,026-Apple Music-05,30,9431a99b-e538-429a-9165-f1f288ae0d0e.jpg,,
26,Apple Music,026-Apple Music-06,31,94a415c3-2732-428a-8496-329352864cf0.jpg,,
26,Apple Music,026-Apple Music-06,32,973d3269-0922-497c-af9d-ef2c8ec23bd1.jpg,,
26,Apple Music,026-Apple Music-06,33,9984c696-ed25-4eef-8260-ee417673994f.jpg,,
26,Apple Music,026-Apple Music-06,34,b34b3fc3-6740-498b-9ae5-3ba8bc46be73.jpg,,
26,Apple Music,026-Apple Music-06,35,c2331866-67e5-4699-a56f-f2d71a4056fd.jpg,,
26,Apple Music,026-Apple Music-06,36,c5140b6a-35f3-4b55-a9ec-15f4504ef7df.jpg,,
26,Apple Music,026-Apple Music-07,37,c7dae2b7-2e70-49fb-b51a-7d26d77d550c.jpg,,
26,Apple Music,026-Apple Music-07,38,c857e553-612a-4457-a456-7b74882ba694.jpg,,
26,Apple Music,026-Apple Music-07,39,c899d5c2-840c-46ea-901a-83e758aaf141.jpg,,
26,Apple Music,026-Apple Music-07,40,c8aa678f-49eb-4299-bcb3-8eb4e9bf1e5a.jpg,,
26,Apple Music,026-Apple Music-07,41,c8eac6d6-b716-4fa1-ac9c-aa4255c7a280.jpg,,
26,Apple Music,026-Apple Music-07,42,cbaa4390-1e81-43dc-a2b0-33868cb6c0ec.jpg,,
26,Apple Music,026-Apple Music-08,43,cbe3aa83-4d4e-4912-91e0-fe2491bb4897.jpg,,
26,Apple Music,026-Apple Music-08,44,cd809ef6-a261-418b-af4b-8b64ed1c3279.jpg,,
26,Apple Music,026-Apple Music-08,45,ce311d39-a0b5-448b-9ac4-2aad3042c0d6.jpg,,
26,Apple Music,026-Apple Music-08,46,d2eee812-64b2-4895-bfa2-9e8809772bb6.jpg,,
26,Apple Music,026-Apple Music-08,47,d54d818f-439d-4d07-ba4e-f4074c43886d.jpg,,
26,Apple Music,026-Apple Music-08,48,d71dca23-4688-4131-b338-23aec3c1e7ba.jpg,,
26,Apple Music,026-Apple Music-09,49,d736b9af-b8c0-4e6f-91e7-67eb579d52b4.jpg,,
26,Apple Music,026-Apple Music-09,50,dbf79c7b-c7a4-4cd5-94fd-1d4ba9c117e6.jpg,,
26,Apple Music,026-Apple Music-09,51,e43c0cff-9806-46f1-9605-ccaf2076d876.jpg,,
26,Apple Music,026-Apple Music-09,52,e4d83816-e439-49f9-aa53-1b4c5cd5d855.jpg,,
26,Apple Music,026-Apple Music-09,53,e9667647-ee74-45b9-834a-27c243a0df5d.jpg,,
26,Apple Music,026-Apple Music-09,54,eca3c84b-ed96-42b5-86e7-7a3047083ab7.jpg,,
26,Apple Music,026-Apple Music-10,55,edaa82bc-274f-470c-9151-b76499989300.jpg,,
26,Apple Music,026-Apple Music-10,56,ef5acf65-6e70-47ef-bb12-d164d85c9bc5.jpg,,
26,Apple Music,026-Apple Music-10,57,f1d581e8-6719-4f0f-ba9d-4cf2afba79c5.jpg,,
26,Apple Music,026-Apple Music-10,58,f42198ed-e203-450e-b8c4-069964948d11.jpg,,
26,Apple Music,026-Apple Music-10,59,fa54a9e4-0e06-413a-ba28-c74a809fc98b.jpg,,
26,Apple Music,026-Apple Music-10,60,fbbf63c1-91fb-4315-a0c5-21b58cbd64b8.jpg,,
27,Halide Mark II,027-Halide Mark II-01,1,00234ecf-4993-4bb1-905c-7344541a4e5d.jpg,,
27,Halide Mark II,027-Halide Mark II-01,2,04414416-d92b-4e43-818e-016bb6ccde45.jpg,,
27,Halide Mark II,027-Halide Mark II-01,3,059591ed-4657-4039-ba71-72f07bcb5ccc.jpg,,
27,Halide Mark II,027-Halide Mark II-01,4,0d740aeb-4a25-42bc-ab6c-8c4599c9c402.jpg,,
27,Halide Mark II,027-Halide Mark II-01,5,0e6f5acd-1a99-4612-8db3-66c49d7487a6.jpg,,
27,Halide Mark II,027-Halide Mark II-01,6,13c05e58-a7f8-475d-8960-fdddf28705d8.jpg,,
27,Halide Mark II,027-Halide Mark II-02,7,1a2bfac4-6bb6-4fb6-8b69-362d4431ebfd.jpg,,
27,Halide Mark II,027-Halide Mark II-02,8,1b33e066-8778-4a4e-abc2-67b630682516.jpg,,
27,Halide Mark II,027-Halide Mark II-02,9,1cd15a80-7bcc-4e3a-80b8-7f39bbe05054.jpg,,
27,Halide Mark II,027-Halide Mark II-02,10,1d362fc4-81b1-4ddc-8eef-59b920d3e1aa.jpg,,
27,Halide Mark II,027-Halide Mark II-02,11,2428b253-7a78-47ac-b50e-65757e2766eb.jpg,,
27,Halide Mark II,027-Halide Mark II-02,12,24616ca1-a11c-4242-a6c0-6a08e9549d2a.jpg,,
27,Halide Mark II,027-Halide Mark II-03,13,26d7e23c-06ca-4e8a-9a17-9a1a559f3f9f.jpg,,
27,Halide Mark II,027-Halide Mark II-03,14,2a95f7e4-7040-4938-9224-cedf5362b234.jpg,,
27,Halide Mark II,027-Halide Mark II-03,15,2f2b7dfc-c7a5-4801-822e-21f0f336c984.jpg,,
27,Halide Mark II,027-Halide Mark II-03,16,2fcace15-cbf3-4e91-9497-bd52822bdc3f.jpg,,
27,Halide Mark II,027-Halide Mark II-03,17,33e56f45-c009-4740-8b3b-bcf0d4398096.jpg,,
27,Halide Mark II,027-Halide Mark II-03,18,35b0f8f0-258e-43e2-9ad5-2f283d2ec0ef.jpg,,
27,Halide Mark II,027-Halide Mark II-04,19,3d247f5c-e5a3-45f1-913a-8c4b0899f31e.jpg,,
27,Halide Mark II,027-Halide Mark II-04,20,4f562cff-d91e-4e3a-9b47-97b5daeaf4d7.jpg,,
27,Halide Mark II,027-Halide Mark II-04,21,55707cfb-3920-4a31-b66d-e90e39924056.jpg,,
27,Halide Mark II,027-Halide Mark II-04,22,55fc434f-dfe3-4581-929d-96c792b933bc.jpg,,
27,Halide Mark II,027-Halide Mark II-04,23,5f00b566-a75e-4d2a-a27e-9bba779c186a.jpg,,
27,Halide Mark II,027-Halide Mark II-04,24,66d5c5ed-1738-456b-94cb-fe7eb5f14eca.jpg,,
27,Halide Mark II,027-Halide Mark II-05,25,7104f80e-5d39-4b50-89e2-3c46fdba0842.jpg,,
27,Halide Mark II,027-Halide Mark II-05,26,7a7da0ad-32ac-4a87-b549-9cefc3926029.jpg,,
27,Halide Mark II,027-Halide Mark II-05,27,7af5877e-326c-4363-9b3d-ce3b281b13ba.jpg,,
27,Halide Mark II,027-Halide Mark II-05,28,7d6ae4e1-a898-4850-b29c-ad705f7fe68b.jpg,,
27,Halide Mark II,027-Halide Mark II-05,29,7fc75741-74a2-4860-a38e-a8cd66dd4ddd.jpg,,
27,Halide Mark II,027-Halide Mark II-05,30,889e681e-f675-4768-8ff7-c9bc5b607598.jpg,,
27,Halide Mark II,027-Halide Mark II-06,31,8a0e82f7-da7d-4e21-89e4-834eaaa688cb.jpg,,
27,Halide Mark II,027-Halide Mark II-06,32,8c03ca6f-656e-461e-981a-d98eb1b1564e.jpg,,
27,Halide Mark II,027-Halide Mark II-06,33,906d71e7-c560-4a48-b1d7-f793b2e4c1df.jpg,,
27,Halide Mark II,027-Halide Mark II-06,34,91e58b08-c1ad-4f8f-bcb2-fdfbc425bfe8.jpg,,
27,Halide Mark II,027-Halide Mark II-06,35,928d3cf7-1785-4b83-b04f-dd1a83c47108.jpg,,
27,Halide Mark II,027-Halide Mark II-06,36,9a02fa29-82f1-4b16-9da9-ac825bccee0f.jpg,,
27,Halide Mark II,027-Halide Mark II-07,37,9c70dc0c-ae07-42a6-8e9c-ea4990b9c3bc.jpg,,
27,Halide Mark II,027-Halide Mark II-07,38,9db687bd-89fe-4421-9d30-46b5bedd1070.jpg,,
27,Halide Mark II,027-Halide Mark II-07,39,9ff33d19-c23e-4505-8e63-08616df1a174.jpg,,
27,Halide Mark II,027-Halide Mark II-07,40,a2ee7de3-ad59-49f2-8567-b946f4f949d1.jpg,,
27,Halide Mark II,027-Halide Mark II-07,41,a917030b-5806-4f08-9757-02340e11386a.jpg,,
27,Halide Mark II,027-Halide Mark II-07,42,aaac311a-a14b-46ec-ac7d-795420203909.jpg,,
27,Halide Mark II,027-Halide Mark II-08,43,ada393c1-49f7-4f0b-af43-f3f94f54219d.jpg,,
27,Halide Mark II,027-Halide Mark II-08,44,b36c1ef3-20aa-48dc-be64-880ef63b6091.jpg,,
27,Halide Mark II,027-Halide Mark II-08,45,bd687d28-2e91-4cad-9fd8-8d0e8cb289cc.jpg,,
27,Halide Mark II,027-Halide Mark II-08,46,c0afa653-9ceb-40ea-a383-21ef3c288fd2.jpg,,
27,Halide Mark II,027-Halide Mark II-08,47,c5235a2d-f705-44a6-9a83-438c9701360d.jpg,,
27,Halide Mark II,027-Halide Mark II-08,48,c69472c4-7cca-4940-bccb-100be7ae49bc.jpg,,
27,Halide Mark II,027-Halide Mark II-09,49,cbf00451-9331-4c0e-8b74-7727947f380b.jpg,,
27,Halide Mark II,027-Halide Mark II-09,50,ce2b0686-4e90-41da-9fbb-ca6e312d7067.jpg,,
27,Halide Mark II,027-Halide Mark II-09,51,ce333fdd-0d09-4684-9465-4ce6425b1c0c.jpg,,
27,Halide Mark II,027-Halide Mark II-09,52,d136c59b-6cb0-4f38-83ac-7995e7e01a81.jpg,,
27,Halide Mark II,027-Halide Mark II-09,53,dec257d3-6a0c-4cff-9932-6e608678f5aa.jpg,,
27,Halide Mark II,027-Halide Mark II-09,54,dfea7903-d7b7-4a70-b2b8-aefca5619802.jpg,,
27,Halide Mark II,027-Halide Mark II-10,55,e9c0fffc-2621-4c84-94eb-d0c1d06cd132.jpg,,
27,Halide Mark II,027-Halide Mark II-10,56,ea6d03fe-5471-4978-92c8-fd0a8d351a26.jpg,,
27,Halide Mark II,027-Halide Mark II-10,57,ec80e959-fe8f-4ad1-be07-01c2dec85b6e.jpg,,
27,Halide Mark II,027-Halide Mark II-10,58,edece882-bce3-48a7-85d3-d443af2665ae.jpg,,
27,Halide Mark II,027-Halide Mark II-10,59,efa10890-935b-4654-ac4b-90a487f28b4b.jpg,,
27,Halide Mark II,027-Halide Mark II-10,60,f41e85a7-bf2c-41e8-808f-e69550468c88.jpg,,
29,ChatGPT,029-ChatGPT-01,1,02516fd4-4b68-4202-a397-502522b916d8.jpg,,
29,ChatGPT,029-ChatGPT-01,2,032989c1-e4e3-411a-b864-a6b84b4f8cf8.jpg,,
29,ChatGPT,029-ChatGPT-01,3,0b0478ca-97eb-4f62-888f-613a1745d356.jpg,,
29,ChatGPT,029-ChatGPT-01,4,0b259a62-fedc-4a88-b601-884952646278.jpg,,
29,ChatGPT,029-ChatGPT-01,5,11ef8372-ed68-4a8f-8710-2c2c68d0a0c5.jpg,,
29,ChatGPT,029-ChatGPT-01,6,14380518-ef04-4bfc-bb3c-0517c96a4787.jpg,,
29,ChatGPT,029-ChatGPT-02,7,180c7510-14ba-46ec-bce9-e729c733f9ec.jpg,,
29,ChatGPT,029-ChatGPT-02,8,19b1106f-1004-43c6-ba8b-98149539cf99.jpg,,
29,ChatGPT,029-ChatGPT-02,9,21cc2c11-c55a-41c1-b74e-2669ae6280f6.jpg,,
29,ChatGPT,029-ChatGPT-02,10,2cf63770-a3e6-47f6-b24e-a2c5525edf3f.jpg,,
29,ChatGPT,029-ChatGPT-02,11,31be4ec3-eab1-4169-826d-e972f09c4ed0.jpg,,
29,ChatGPT,029-ChatGPT-02,12,325ca3b5-abbd-4df3-bfee-329d9ba29d1b.jpg,,
29,ChatGPT,029-ChatGPT-03,13,341e47a8-cb69-49f0-b760-a6630fcac5a4.jpg,,
29,ChatGPT,029-ChatGPT-03,14,34f63198-492f-44e3-8e79-daffe83d1a1e.jpg,,
29,ChatGPT,029-ChatGPT-03,15,362f0e18-7b60-4187-bb04-d95e512f03e5.jpg,,
29,ChatGPT,029-ChatGPT-03,16,3c9e1682-57db-4d3b-b864-3a9dc134084e.jpg,,
29,ChatGPT,029-ChatGPT-03,17,40096745-a42d-495f-be92-d947a7dbb1c7.jpg,,
29,ChatGPT,029-ChatGPT-03,18,408709f4-0f96-4be6-b4c0-6875b3d23743.jpg,,
29,ChatGPT,029-ChatGPT-04,19,40b3fc0b-f19b-46a0-87ca-898168638109.jpg,,
29,ChatGPT,029-ChatGPT-04,20,42d70c6e-eeb2-4cc9-9c1f-6a6c5572bb38.jpg,,
29,ChatGPT,029-ChatGPT-04,21,43048ea5-453a-4fcd-be87-3999a0214366.jpg,,
29,ChatGPT,029-ChatGPT-04,22,4697ff25-0dea-4b7a-a612-2908fe7e2b11.jpg,,
29,ChatGPT,029-ChatGPT-04,23,4ab95994-9e7e-432e-ac32-9bcf92bf3b38.jpg,,
29,ChatGPT,029-ChatGPT-04,24,4b346bfd-a3ae-4c8d-b47d-1f1de85f8506.jpg,,
29,ChatGPT,029-ChatGPT-05,25,4e944b72-86e6-4348-8105-4733974a8deb.jpg,,
29,ChatGPT,029-ChatGPT-05,26,56632a67-418e-4da3-ada5-0269d1fae7df.jpg,,
29,ChatGPT,029-ChatGPT-05,27,5aeb641d-6a48-4197-99a8-81a27017e02d.jpg,,
29,ChatGPT,029-ChatGPT-05,28,5c9d0748-240f-4863-b231-f006ba7708fe.jpg,,
29,ChatGPT,029-ChatGPT-05,29,672281a2-1abd-404c-895f-f2fb0d65c440.jpg,,
29,ChatGPT,029-ChatGPT-05,30,68a3abff-e94b-4fda-b6cb-9b0bf4d4e77d.jpg,,
29,ChatGPT,029-ChatGPT-06,31,69ed4a06-23d2-412c-af53-27656ec4bf24.jpg,,
29,ChatGPT,029-ChatGPT-06,32,6d7d661a-089e-4c99-a2e8-9cf3e3491a24.jpg,,
29,ChatGPT,029-ChatGPT-06,33,6ffc881f-7069-4e56-9d93-238143c76cf5.jpg,,
29,ChatGPT,029-ChatGPT-06,34,712c306a-09fd-4787-b4c0-11eed2641d15.jpg,,
29,ChatGPT,029-ChatGPT-06,35,7765b653-3f3a-4301-bcbe-c120b11d8be1.jpg,,
29,ChatGPT,029-ChatGPT-06,36,7d6e5dd2-35d2-42a3-a399-5321fc1a6b16.jpg,,
29,ChatGPT,029-ChatGPT-07,37,7ff8784b-49c4-4fd6-b30d-21d3b7a95725.jpg,,
29,ChatGPT,029-ChatGPT-07,38,8c6fbe75-7b38-40a7-bff2-43c35b9bc92c.jpg,,
29,ChatGPT,029-ChatGPT-07,39,9b92cf21-bac6-4c43-b385-af0a0c7d0d08.jpg,,
29,ChatGPT,029-ChatGPT-07,40,9d297676-1b72-4d9d-b410-6b8965fd5495.jpg,,
29,ChatGPT,029-ChatGPT-07,41,a22a921e-5a09-4b0d-ba2c-3a0d253ca152.jpg,,
29,ChatGPT,029-ChatGPT-07,42,a81b95fa-e537-4d77-816c-d83429ccc139.jpg,,
29,ChatGPT,029-ChatGPT-08,43,afe5237a-163d-446a-b27e-19acab4e2846.jpg,,
29,ChatGPT,029-ChatGPT-08,44,b046472e-69bc-4d5f-9185-8f0b3eeb0c09.jpg,,
29,ChatGPT,029-ChatGPT-08,45,b0bb894b-cd7f-4122-8e1b-48599b1b84ec.jpg,,
29,ChatGPT,029-ChatGPT-08,46,b4f6670f-206d-4ccb-832e-1c224456f3af.jpg,,
29,ChatGPT,029-ChatGPT-08,47,b8fca9da-fe7d-4f1f-a165-525c6a1a3b46.jpg,,
29,ChatGPT,029-ChatGPT-08,48,ba483720-e081-4ded-8476-f1b8a99555ed.jpg,,
29,ChatGPT,029-ChatGPT-09,49,bb50aaae-83ac-41cc-84c8-ca4568df448c.jpg,,
29,ChatGPT,029-ChatGPT-09,50,c4940c89-ad3b-42ab-9ae3-fc41df96ad8c.jpg,,
29,ChatGPT,029-ChatGPT-09,51,c641479f-560f-4693-a800-e7e4a5391405.jpg,,
29,ChatGPT,029-ChatGPT-09,52,e1124a74-48f1-4f99-a7ef-ae5d70191aaf.jpg,,
29,ChatGPT,029-ChatGPT-09,53,e8849077-d4ec-4832-84d5-e6dbbabb060d.jpg,,
29,ChatGPT,029-ChatGPT-09,54,ebb51192-b656-41ba-a207-b24026a16bd0.jpg,,
29,ChatGPT,029-ChatGPT-10,55,f0e59471-110c-434c-adf5-ebb67d95c7a5.jpg,,
29,ChatGPT,029-ChatGPT-10,56,f31b7555-5e5c-47d0-a33b-9f592b66f8a7.jpg,,
29,ChatGPT,029-ChatGPT-10,57,f381a39a-54ee-4508-8c8b-0d22fb59f645.jpg,,
29,ChatGPT,029-ChatGPT-10,58,f3e96bde-1378-4280-afe2-59e9d4226cac.jpg,,
29,ChatGPT,029-ChatGPT-10,59,f7b71136-d2b4-47ba-8e0b-9aedfaf35f86.jpg,,
29,ChatGPT,029-ChatGPT-10,60,ffe4c5de-552a-4f50-84d5-094bee23f205.jpg,,
33,Cron,033-Cron-01,1,c05a711d-8fcb-4c4c-bd17-08bfed5f4c93.jpg,Calendar — month grid and day schedule,https://refero.design/screens/13c5824c-344e-46c2-ade9-16931dfd69a4
33,Cron,033-Cron-01,2,c7589f43-dde5-4ed8-a90b-22ebbac27169.jpg,Calendar — month view (dark),https://refero.design/screens/8d89e9b4-04cc-4298-aad5-fe5082bbb0d6
33,Cron,033-Cron-01,3,d509a01a-b8c5-4dca-8919-d297fe15f47c.jpg,Day view — hourly schedule,https://refero.design/screens/f771fcb7-a4f4-4b72-9eae-9ee45ffdc217
33,Cron,033-Cron-01,4,f1ceb917-1f9d-470f-9183-90a8a89e012d.jpg,Day view — schedule (dark),https://refero.design/screens/28bdd4b5-e814-43b4-9c26-54c9deebe13e
33,Cron,033-Cron-01,5,7c61b3aa-5204-4931-aeab-9739459e6f82.jpg,Multi-day view — timezone,https://refero.design/screens/d38731a2-828a-4662-9438-ad9e18715b6e
33,Cron,033-Cron-01,6,b88fa5ad-50bc-4759-bb53-352c625e0668.jpg,Calendar — empty day,https://refero.design/screens/0e2d7a13-ace3-4ac6-a8bc-7f33a66944c3
33,Cron,033-Cron-02,7,0df0725f-08e9-40a6-a14c-6b226bde6da5.jpg,Calendar — month dropdown,https://refero.design/screens/90d1f802-615e-41d7-844d-7181e06d3485
33,Cron,033-Cron-02,8,2e9f7b2f-836f-4601-9e4e-dea66e0d1945.jpg,Sidebar — accounts and day view,https://refero.design/screens/9741c909-6c34-46bb-baa3-49a16b6bb965
33,Cron,033-Cron-02,9,176cf28c-de5c-4793-9263-7eb3f5bdcff5.jpg,Event editor — time and date,https://refero.design/screens/e0b1c58b-5f4c-4d97-897d-667b57b8aeb0
33,Cron,033-Cron-02,10,c34d2e9d-1dfd-4688-857c-9c34ca259a13.jpg,Event sheet — participants,https://refero.design/screens/8741de63-affe-4849-a1a7-67c1df796ba4
33,Cron,033-Cron-02,11,cea9b2c5-deea-4eda-bc6e-1422da83585d.jpg,Event sheet — edit event details,https://refero.design/screens/599b1f5c-25c0-4f43-a827-b41a1a8e7264
33,Cron,033-Cron-02,12,164f9557-001e-4631-bfe2-f3f559dc97b8.jpg,Event sheet — visibility (dark),https://refero.design/screens/7712fea6-c7ab-4b84-8e8c-b3f7062df043
33,Cron,033-Cron-03,13,4bb52322-6c00-46ce-8ef7-22a36eb1384c.jpg,Repeat picker,https://refero.design/screens/acfeb049-9457-45b4-a663-586fab50fbc3
33,Cron,033-Cron-03,14,96a043c5-39f8-458a-bb0d-cb4891c8cb65.jpg,Repeat — custom options,https://refero.design/screens/0273d9fe-99bc-4673-9104-35740c4eafe1
33,Cron,033-Cron-03,15,26fbba66-af00-4611-a2cc-52244ecab325.jpg,Widget — date and events (small),https://refero.design/screens/afa7b426-1b07-429a-ad1a-f0cc8af634a6
33,Cron,033-Cron-03,16,e2be0ef2-d4a1-4d35-bc02-5a2edd63f8c2.jpg,Widget — two-month calendar and agenda,https://refero.design/screens/3dd2bc94-53f4-4f37-9862-8882d02537e6
33,Cron,033-Cron-03,17,d8427da9-fd5a-4860-8e52-3edba6238cd0.jpg,Widget — Wed 24 event list,https://refero.design/screens/b53d7e6e-9516-4482-bc89-8351492d82cf
33,Cron,033-Cron-03,18,21793611-035b-4cd9-9b97-30870429b8c7.jpg,Widget — month view,https://refero.design/screens/2492faee-bf49-4324-8081-8eac543296a3
33,Cron,033-Cron-04,19,babca993-9e2c-486b-bd39-ee4cfa2e1b5f.jpg,Sidebar — account and calendars (dark),https://refero.design/screens/81aae5d5-686f-4fe2-9bb5-135bd7d5a899
33,Cron,033-Cron-04,20,77a774da-6d4e-4a4d-b21e-c3157b95c42f.jpg,Settings — Include calendars,https://refero.design/screens/c143281c-482c-4bdf-b47b-ec4a75e000ce
33,Cron,033-Cron-04,21,efc0ca41-d41b-48e5-bbd2-4dfe682ed9bc.jpg,Side sheet — accounts and calendars,https://refero.design/screens/ba652260-0874-4662-b431-8195408c35e8
33,Cron,033-Cron-04,22,665b6b33-fc7a-4017-9b50-ea803a2b6ad9.jpg,Side sheet — view options,https://refero.design/screens/3f95983f-f6d7-404b-8730-6fe47f939a9a
33,Cron,033-Cron-04,23,04cf7860-80cf-42bf-b0d6-37934efae801.jpg,Settings — Calendars,https://refero.design/screens/4d00c011-0cba-487d-95cb-d21e0fd04e53
33,Cron,033-Cron-04,24,b4df2fc8-c9d1-4310-a2b0-4ba7d79a2879.jpg,Settings — calendar view,https://refero.design/screens/1a91a033-519d-4811-a164-cbd2530ed514
33,Cron,033-Cron-05,25,febbc37b-5518-4032-932f-dc4405ea9406.jpg,Sign in — Google account chooser,https://refero.design/screens/69a973a4-1f04-4ed2-86d7-49c232392bf2
33,Cron,033-Cron-05,26,2df6e443-5492-44ed-a05b-703bef25e3cd.jpg,Sign in — Google permission request,https://refero.design/screens/898f4404-c84a-41b6-8363-20570f7ba8db
33,Cron,033-Cron-05,27,446c8e65-b40d-4dc5-944f-d44fd6cfbefa.jpg,Notifications permission alert,https://refero.design/screens/0a664e5a-144e-4fc8-9031-f841927af401
33,Cron,033-Cron-05,28,22cff44b-eb00-4322-8791-ed430f8d0b46.jpg,Sign in with google.com alert,https://refero.design/screens/cd7e7ef6-2aad-4460-a649-60f987781ac7
33,Cron,033-Cron-05,29,5e887e50-c37b-4470-843c-8b1a5eda0c4c.jpg,Settings — Home screen widget,https://refero.design/screens/6515f37f-f335-4b44-8a4e-1b214514397b
33,Cron,033-Cron-05,30,2fce2f41-4608-494a-a0c4-407bf7f1da6c.jpg,Widget — month and agenda (dark),https://refero.design/screens/bf8c65dd-3774-4e8f-9106-48f8cbb35d37
33,Cron,033-Cron-06,31,9937dd51-5a1d-4a46-b13a-987191861416.jpg,Send feedback form,https://refero.design/screens/39acacdd-66b2-41db-9839-a66f05e56ba4
33,Cron,033-Cron-06,32,b690e572-6418-41fe-834d-ebdde7248782.jpg,Widget — Wed 24 events (dark),https://refero.design/screens/788a31a6-1fa6-4af5-8eee-c2eeaea43ee8
33,Cron,033-Cron-06,33,e528e134-6e51-47c0-ab72-6c9358055868.jpg,Settings — Lock screen widget,https://refero.design/screens/19f76825-1b96-45f9-ad1c-5ced5293dbbe
33,Cron,033-Cron-06,34,33485817-99dc-4def-b5c3-f89b5a06c3b5.jpg,Settings — Home screen upcoming events,https://refero.design/screens/472ad695-c426-4e21-a275-227e54427f4d
33,Cron,033-Cron-06,35,fe803ee2-44ba-4917-a44e-6767b0b04678.jpg,Launch screen,https://refero.design/screens/1c8b26b5-b057-4765-bdae-d92ec77c30a3
34,Todoist,034-Todoist-01,1,33a9c5d3-7d57-4983-ba38-9659ba67e4ec.jpg,Inbox — task list,https://refero.design/screens/8505311a-4ee2-4334-9e72-082fe4fed31c
34,Todoist,034-Todoist-01,2,c57ed27f-900e-4652-9e31-adbca7a76327.jpg,Home — task dashboard cards,https://refero.design/screens/f8784fd7-4f96-473f-8c52-aebf2d174936
34,Todoist,034-Todoist-01,3,08a6318f-bc98-4f76-8516-d8c39bf501e6.jpg,Home — dashboard (dark),https://refero.design/screens/56b9fbb1-5a25-4b98-a5bf-89d6fcdc55c2
34,Todoist,034-Todoist-01,4,49d608dd-66c4-433e-86ac-0855fb0c04c1.jpg,Inbox — list with FAB,https://refero.design/screens/0f4e64b8-fe00-491f-8703-8fef32218aac
34,Todoist,034-Todoist-01,5,78696f97-f52b-40e1-9c97-339fd3175dd9.jpg,Inbox — sections and sub-tasks,https://refero.design/screens/40314618-eb67-445b-ad5d-80ca20376b5a
34,Todoist,034-Todoist-01,6,9252da84-742f-4153-8aca-71563d92b89f.jpg,Inbox — quick add keyboard,https://refero.design/screens/7a258614-ed78-490a-9e68-8cd5897e1eb2
34,Todoist,034-Todoist-02,7,31bc21f5-f4e8-446a-9066-f88e3bd6c947.jpg,Quick Add — action labels,https://refero.design/screens/f3182aa5-b859-428d-a33a-9cf4e4f352c6
34,Todoist,034-Todoist-02,8,3aebee81-b7ea-4c3b-a166-9d652f9065f4.jpg,Task detail — subtasks and assignee,https://refero.design/screens/b2238ef6-05a2-4abd-997f-9845ea281951
34,Todoist,034-Todoist-02,9,6ad18735-4c8c-4825-a63d-a3316433a066.jpg,Help — Getting Started guide,https://refero.design/screens/5d042d39-a0ca-4ed5-b912-b4c402463aae
34,Todoist,034-Todoist-02,10,b9cbc73a-fcbd-45e3-b83d-02b6cb9bc184.jpg,Widget — Add Task (dark),https://refero.design/screens/cc41511c-d2c3-4006-965c-5917a7ff6ec9
34,Todoist,034-Todoist-02,11,91be0b90-4e45-4b2c-9922-8ead85f9e0c5.jpg,Widget — Today list (dark),https://refero.design/screens/1780a536-0c1d-4d73-aa47-89c791199dcb
34,Todoist,034-Todoist-02,12,38d25d09-5711-4428-8b4f-99fd7419050a.jpg,Widget — Today task list,https://refero.design/screens/3dd28b57-518e-4320-9667-3f0c7b95dda7
34,Todoist,034-Todoist-03,13,b110648b-8dac-4b58-8863-49a933dd43eb.jpg,Notification permission alert,https://refero.design/screens/6fcc419d-8780-4960-8ed6-194f25326c71
34,Todoist,034-Todoist-03,14,5ea5f2bb-1fd4-4b3f-9f22-71fdf9b13780.jpg,Settings — General (dark),https://refero.design/screens/60146b24-6043-4c8f-a7a5-94fc037be596
34,Todoist,034-Todoist-03,15,e46b3685-922b-4592-ad9c-08f5686ecd6a.jpg,Settings — General,https://refero.design/screens/ed9eeb14-3472-4113-bb14-8171eb5edfcc
34,Todoist,034-Todoist-03,16,fa9f1ea9-27ce-47d4-a36d-b50366d221bc.jpg,Activity log,https://refero.design/screens/6219ff14-322c-40bb-bd29-28db255f3e83
34,Todoist,034-Todoist-03,17,8636aa6f-71b1-4077-8bb5-32dba289a961.jpg,Attachment preview,https://refero.design/screens/7826e126-2dfd-4885-98eb-841ac0f60f31
34,Todoist,034-Todoist-03,18,7be74010-bdf0-434d-933b-f155da6c5c58.jpg,Camera — photo preview,https://refero.design/screens/f554f741-4f1f-43de-ac49-bf9a2e3c733a
34,Todoist,034-Todoist-04,19,9c49a096-042b-4ea8-aed7-6f8d1fc71574.jpg,Daily goal summary,https://refero.design/screens/7705b208-8b80-4d8c-8cfd-7c3c74846f21
34,Todoist,034-Todoist-04,20,a83baefb-dfa4-4424-98df-28fe735f0bd7.jpg,Research survey form,https://refero.design/screens/ec1e6030-b44c-443d-b940-e43f9a60fa54
34,Todoist,034-Todoist-04,21,05182428-4ffc-4393-9984-559df2335039.jpg,Search — recently viewed,https://refero.design/screens/44e2c8a7-3ea8-4955-afd5-e8bb728f9efa
34,Todoist,034-Todoist-04,22,e5f277de-6414-4802-8c8f-4549996e3738.jpg,Activity — filter by project,https://refero.design/screens/3e53f08d-666c-4e96-806f-87ccfc623a0d
34,Todoist,034-Todoist-04,23,e7291b19-4be3-4962-8211-a5cc5be98db3.jpg,Inbox — task metadata sheet,https://refero.design/screens/9db09563-5f60-401e-82b6-e1cfabc426fa
34,Todoist,034-Todoist-04,24,719181ff-7b75-4635-82e5-eebefae48bc0.jpg,Task detail — priority picker,https://refero.design/screens/ad492a2f-dbc7-468d-9870-e79974f7c064
34,Todoist,034-Todoist-05,25,47445595-5f5b-4dc4-bbe6-63a65e89056f.jpg,Inbox — drag to reorder,https://refero.design/screens/fb2ea832-1b57-4580-a406-22644e3ac8fc
34,Todoist,034-Todoist-05,26,16d79803-bca6-46ad-9294-9cbf755ba33f.jpg,Inbox — multi-select mode,https://refero.design/screens/4d2b4163-38e9-4ebd-884d-0fc796e66dec
34,Todoist,034-Todoist-05,27,d105c450-f517-4e3c-be29-5ff9b53a9816.jpg,Activity — Inbox updates,https://refero.design/screens/a9725c6e-636c-4087-b4e1-cd83eeaf207a
34,Todoist,034-Todoist-05,28,2c54b8eb-63cf-4881-947c-f5091a18e48a.jpg,Edit Project,https://refero.design/screens/818230aa-e5e5-47bc-9e2f-2280a2fb1753
34,Todoist,034-Todoist-05,29,61447972-4383-4933-92fd-b0c8d4bc7b61.jpg,Layout — List or Board,https://refero.design/screens/d1b2300e-0d9a-4be9-b91f-adb7da22470c
34,Todoist,034-Todoist-05,30,767ca20f-f360-41d8-a843-4c7dd1980b7b.jpg,New Project modal,https://refero.design/screens/a2ece59c-3c2a-4d5d-b5c2-7618261fd840
34,Todoist,034-Todoist-06,31,a7cf178e-83a9-40bb-a839-9d13f138e9a6.jpg,View settings — view and sort,https://refero.design/screens/a9153005-a70d-4982-97ee-73d94b905500
34,Todoist,034-Todoist-06,32,c3b56066-1eb8-475d-b7ea-d6fdb5e50979.jpg,Task detail — breadcrumb and comments,https://refero.design/screens/9c7cb900-4cf8-42cc-bc26-92dbbdc8c632
34,Todoist,034-Todoist-06,33,c50e621b-a5bc-4bff-83d6-aad77d2577f2.jpg,Widget — Today with add button,https://refero.design/screens/37bf6186-b2d3-4e16-9a44-0c5b6743881a
34,Todoist,034-Todoist-06,34,352af0b1-c1f0-45d9-8945-30533d2c5430.jpg,Inbox — bulk actions sheet,https://refero.design/screens/51666fbc-ecbe-4bb6-8313-37a59be10b8a
34,Todoist,034-Todoist-06,35,55329b9d-b9f3-48cd-8143-50eddb8cc822.jpg,Settings — App Icon picker,https://refero.design/screens/be462871-4da9-43eb-9ec5-b754be504239
34,Todoist,034-Todoist-06,36,0d41ea3d-3ea3-4526-a77c-afe7fc5bfca4.jpg,Onboarding — experience question,https://refero.design/screens/77317b93-45a1-49a8-981c-493e5a718e49
34,Todoist,034-Todoist-07,37,b9f8728b-236c-44ad-81d4-d09b8bc1ced0.jpg,Welcome — sign in,https://refero.design/screens/21dc633d-20d8-4e1a-baac-6bc4a338e265
34,Todoist,034-Todoist-07,38,bbd95b13-f9a3-47c2-984a-6ea364084ace.jpg,Onboarding — how will you use Todoist,https://refero.design/screens/f37caeb7-dd43-4ac2-870e-d6a7a8c59438
34,Todoist,034-Todoist-07,39,1d07a381-b90d-4eda-aba1-26fa6a47182d.jpg,Onboarding — thanks for your answers,https://refero.design/screens/a829a500-7b02-4c9a-96f0-e4ff4b8aeda2
34,Todoist,034-Todoist-07,40,e95ee0fc-db64-4f25-955d-602ed795cec2.jpg,Widget — progress bars,https://refero.design/screens/ec5ed3fd-5fea-492a-ac2a-63db759324e3
34,Todoist,034-Todoist-07,41,d70278ad-0d15-4d84-b65f-ac74ccfbfac5.jpg,Settings — Siri integration,https://refero.design/screens/dc2f9e2a-deac-4328-bfac-5a98dc4f4e06
34,Todoist,034-Todoist-07,42,02ceefd3-839c-43cb-8d67-34cb8bad2952.jpg,Reset password,https://refero.design/screens/37f6c7d7-2b1f-479b-8253-ab06635138a3
34,Todoist,034-Todoist-08,43,51af039a-8e9e-4d38-ac14-89ed21700ee0.jpg,Help Center,https://refero.design/screens/0ebb4154-968d-4c0d-bfca-576b5048b65b
34,Todoist,034-Todoist-08,44,b55a08fe-023e-4d94-a79c-a72c552a7f7b.jpg,Help article — pin reminders,https://refero.design/screens/0c466430-5814-42ba-b7e6-cf5b9950e841
34,Todoist,034-Todoist-08,45,6987c0ef-ff16-4eb8-8771-839adb1fed75.jpg,Help article — snooze options,https://refero.design/screens/a93050a3-2b66-4298-92b4-91c7ad53ebad
34,Todoist,034-Todoist-08,46,d1ec1ac8-3f8e-4a6f-89f7-64c5d05bee7b.jpg,Forgot password,https://refero.design/screens/6c802aaa-dc1a-4e52-8308-df049062c777
34,Todoist,034-Todoist-08,47,9a77bf92-ca88-44ad-86f7-4027688b6ceb.jpg,Onboarding — Your Profile,https://refero.design/screens/89121646-b996-447d-af47-eb923cb29bd6
34,Todoist,034-Todoist-08,48,38ed2c65-6acc-47d5-9a42-a904c8779da8.jpg,Settings — Notifications,https://refero.design/screens/3dface39-c3de-4c55-be86-decc4163f223
34,Todoist,034-Todoist-09,49,01f9c18b-e874-4fb8-bb25-9aaef9b8f47f.jpg,Comments (dark),https://refero.design/screens/2475e17b-f6cd-4d50-ba6a-d8e693f08070
34,Todoist,034-Todoist-09,50,1f20c169-f101-43ab-abcd-084cbe43eb00.jpg,Comments thread,https://refero.design/screens/0539da0f-7367-48ac-995d-eecafd4cf19f
34,Todoist,034-Todoist-09,51,e58c9eb2-c3b2-4812-83ad-178a05da02f5.jpg,Comments — attachment and keyboard,https://refero.design/screens/0bc7dabc-f6c6-45e6-8b8d-f93c75e14d5b
34,Todoist,034-Todoist-09,52,a37de05c-5fb7-4f36-a435-df7cf2eebdc3.jpg,Camera permission alert,https://refero.design/screens/a6603505-002d-4146-8854-36c4f6984848
35,YouTube,035-YouTube-01,1,042606e5-a27e-4be0-bb47-3fd15d2631b3.jpg,,
35,YouTube,035-YouTube-01,2,05c5f399-fc26-4a59-93de-b67c80a34e21.jpg,,
35,YouTube,035-YouTube-01,3,09f9e68c-b121-4b3d-984b-0d8f3a7504e6.jpg,,
35,YouTube,035-YouTube-01,4,0a413f18-656b-4d35-8c2e-a3a6163faebb.jpg,,
35,YouTube,035-YouTube-01,5,0dfaac66-0e6e-4c3e-9f44-18ad0c0f9f37.jpg,,
35,YouTube,035-YouTube-01,6,0ee69059-4b7b-4f19-ba59-404438705d50.jpg,,
35,YouTube,035-YouTube-02,7,18cc2bb1-cb08-4e32-b402-38f32e02acb6.jpg,,
35,YouTube,035-YouTube-02,8,19548d0b-41b0-48fb-ad9e-033b84975f88.jpg,,
35,YouTube,035-YouTube-02,9,1ce2f94a-fc14-4745-a49f-d3c378f5d9b3.jpg,,
35,YouTube,035-YouTube-02,10,1f2d0fb0-170a-42aa-a566-ecbac18e5632.jpg,,
35,YouTube,035-YouTube-02,11,20354d9b-a3a5-48d9-8e77-5fa7c87f0710.jpg,,
35,YouTube,035-YouTube-02,12,22b23f5c-73f5-4158-829e-026bad1f1241.jpg,,
35,YouTube,035-YouTube-03,13,28527d05-5085-4cfd-a436-221b59bb48f0.jpg,,
35,YouTube,035-YouTube-03,14,293e74ad-2403-4cfd-9d44-3422a6ea4c76.jpg,,
35,YouTube,035-YouTube-03,15,2b8e1a99-516f-48b7-8e4a-5f7cebb13f11.jpg,,
35,YouTube,035-YouTube-03,16,3223b2df-efbb-4f7c-a4ee-7467f1700e10.jpg,,
35,YouTube,035-YouTube-03,17,442a254a-ec53-41a3-b3e9-2c89dfc7026d.jpg,,
35,YouTube,035-YouTube-03,18,4ac4536e-097a-4d57-b87a-c3f4f728a632.jpg,,
35,YouTube,035-YouTube-04,19,4cd10055-3a11-4eb2-8790-27560752e8c5.jpg,,
35,YouTube,035-YouTube-04,20,4d62c55c-d229-4e40-bc2c-2e04ee45f5d8.jpg,,
35,YouTube,035-YouTube-04,21,5144d1e6-536f-46fc-a09d-8d40f5f721e7.jpg,,
35,YouTube,035-YouTube-04,22,550d61ed-200c-4333-b133-d07951fdf1b5.jpg,,
35,YouTube,035-YouTube-04,23,5680b2cf-a0ef-4a71-ba4d-256b765acdea.jpg,,
35,YouTube,035-YouTube-04,24,59469706-9804-44c1-9584-154eb4b09f9b.jpg,,
35,YouTube,035-YouTube-05,25,5cd581cc-98ad-412f-b840-f9b593de6224.jpg,,
35,YouTube,035-YouTube-05,26,67249632-450b-40cb-960c-9a1fb2a73ecb.jpg,,
35,YouTube,035-YouTube-05,27,68fb3b64-8fcf-4930-a12f-93e2c502ff07.jpg,,
35,YouTube,035-YouTube-05,28,6d7f1bbd-9f0e-4c47-9046-bfdd51c556c3.jpg,,
35,YouTube,035-YouTube-05,29,735e11ba-ecd8-49b1-b9c1-c5a4728fc13d.jpg,,
35,YouTube,035-YouTube-05,30,7544c90f-35a0-486b-9f73-040678675dbb.jpg,,
35,YouTube,035-YouTube-06,31,779d144b-ae96-4f07-9289-b61e0a3e42db.jpg,,
35,YouTube,035-YouTube-06,32,797b23e0-c8fa-4407-b159-d897d2abf0d4.jpg,,
35,YouTube,035-YouTube-06,33,7b7f05c1-d15d-4ac0-8572-692298254560.jpg,,
35,YouTube,035-YouTube-06,34,7d51f55b-f975-471c-a88b-ed192f9dc038.jpg,,
35,YouTube,035-YouTube-06,35,833bb2de-3400-4312-9d72-37201b65721d.jpg,,
35,YouTube,035-YouTube-06,36,8864dea9-c589-4e44-9d89-f5083948e8a5.jpg,,
35,YouTube,035-YouTube-07,37,91e9f18b-63aa-4699-976e-d5dd9125e272.jpg,,
35,YouTube,035-YouTube-07,38,95b8e5f9-e6a8-4fcf-b0d1-d4c7e68c2668.jpg,,
35,YouTube,035-YouTube-07,39,9768338e-4f27-4ee6-9c05-1f4bf2186ecf.jpg,,
35,YouTube,035-YouTube-07,40,9887d93b-5f21-483e-a871-a4743a964b40.jpg,,
35,YouTube,035-YouTube-07,41,9b462378-e69e-4304-8ae0-927fb45f12f3.jpg,,
35,YouTube,035-YouTube-07,42,a22c86f5-6e95-4b2f-b181-a7676023f567.jpg,,
35,YouTube,035-YouTube-08,43,a4f0b084-26ea-4332-bd3c-8c68f9a798e5.jpg,,
35,YouTube,035-YouTube-08,44,a7401c6f-c7b7-4b80-895f-c57450847ef3.jpg,,
35,YouTube,035-YouTube-08,45,af2a7586-b811-4732-9853-423f0447189e.jpg,,
35,YouTube,035-YouTube-08,46,b78de657-13f3-4e3d-b6a1-49a24e9cb101.jpg,,
35,YouTube,035-YouTube-08,47,c11c4c05-a9f4-4775-bab3-7513143c5ac1.jpg,,
35,YouTube,035-YouTube-08,48,c2ec5765-e2c2-432b-8774-4d288f712d88.jpg,,
35,YouTube,035-YouTube-09,49,c779aa6e-e1bd-49aa-9967-9ca6d361fe05.jpg,,
35,YouTube,035-YouTube-09,50,ddebaf21-724d-467d-b242-381f2597fcc6.jpg,,
35,YouTube,035-YouTube-09,51,e1c85d60-dcd5-472d-a4a1-becaa5e9aa04.jpg,,
35,YouTube,035-YouTube-09,52,e4db81a8-c244-4aca-ba3d-204fb1d039c1.jpg,,
35,YouTube,035-YouTube-09,53,e98e8f97-da16-4f26-b173-31c126c7b933.jpg,,
35,YouTube,035-YouTube-09,54,ec40739f-0e72-4345-8ae2-b485d2656770.jpg,,
35,YouTube,035-YouTube-10,55,ee332c7e-51e4-4f29-a2b3-08bae6fa4ea3.jpg,,
35,YouTube,035-YouTube-10,56,ee429480-59cf-40a7-b77c-7b4e71d2e336.jpg,,
35,YouTube,035-YouTube-10,57,ef05e5e4-4479-447a-9ea2-46b12cf68a40.jpg,,
35,YouTube,035-YouTube-10,58,f81203b5-c9ce-4116-bb78-24ff261cf462.jpg,,
35,YouTube,035-YouTube-10,59,f9b27115-ed07-43ca-8fbe-73b65980fac5.jpg,,
35,YouTube,035-YouTube-10,60,fe174774-58a9-4a65-b9e3-a17e777959bb.jpg,,
38,The Athletic,038-The Athletic-01,1,aceb221c-0e5a-4a94-b62c-8012145a275e.jpg,Paywall — read free for a week,https://refero.design/screens/c51ff17d-7f82-4340-979a-d5ae815df5c4
38,The Athletic,038-The Athletic-01,2,d52ecf39-7a41-4f71-b1a0-f11f28341980.jpg,Feed — NHL hero and list,https://refero.design/screens/40907610-03c7-44e7-abd9-ea6f40db83fc
38,The Athletic,038-The Athletic-01,3,de9c4942-8670-4ad9-87bb-af3b510d3ad7.jpg,Feed — headline carousel,https://refero.design/screens/269b68d1-b5ca-44a8-8ae8-1441f6822876
38,The Athletic,038-The Athletic-01,4,36bf945c-5f37-40ad-b789-6664e069715b.jpg,Feed — Women's World Cup,https://refero.design/screens/024ff1ba-0b47-40a3-8fdd-65c2c675cab8
38,The Athletic,038-The Athletic-01,5,f475ee36-f063-4a54-8031-27a29e7f1a3a.jpg,Feed — NBA headline,https://refero.design/screens/cb2760b0-6dd2-4bd8-b471-0038296ca733
38,The Athletic,038-The Athletic-01,6,0b2beb47-ae06-4233-a32d-9cfcd1002de3.jpg,Feed — hero image and stories,https://refero.design/screens/1940231e-3339-4157-a4fe-cb4502e71d77
38,The Athletic,038-The Athletic-02,7,c6416a60-7a84-489b-b1be-6ef7ffa655a7.jpg,Most Popular list,https://refero.design/screens/dc3d6d22-7b94-4534-8ee7-9665a5db5e9d
38,The Athletic,038-The Athletic-02,8,b2b0a471-8ee0-4c31-ac07-d6ef7dfc5ecd.jpg,Headlines widget,https://refero.design/screens/cedc3925-556e-43f1-ab5b-809275edb7ab
38,The Athletic,038-The Athletic-02,9,4528feb5-701a-430a-bf1f-667e682902f6.jpg,"Game — final score, details",https://refero.design/screens/07277312-5c6a-4ed3-8925-28738157c8af
38,The Athletic,038-The Athletic-02,10,8eb0478d-5aca-4676-83e9-98241e6978ec.jpg,"Game — final score, header",https://refero.design/screens/9c4115f3-842f-41d6-a763-3c23ed3fe597
38,The Athletic,038-The Athletic-02,11,b251a99d-54d4-4677-913b-5285ea8afba2.jpg,Help — how to use The Athletic,https://refero.design/screens/f998c4b1-4e24-43ee-a9ac-a899716a4a60
38,The Athletic,038-The Athletic-02,12,eea3df2d-e626-4c8a-af8b-631d9268ee74.jpg,Article — stat chart,https://refero.design/screens/18da6c91-a9fa-4d12-98ec-aec8c090996a
38,The Athletic,038-The Athletic-03,13,0ddde2d2-9c26-4198-9b0c-a234823a8c3e.jpg,Article — scatter plot,https://refero.design/screens/36d1703f-210c-4303-84b8-69f6ac6b999e
38,The Athletic,038-The Athletic-03,14,d73abe6e-49b4-49fb-acdd-2171ca8804d3.jpg,Help — account management,https://refero.design/screens/91249c83-0b20-4f04-a022-15e05d07ceb3
38,The Athletic,038-The Athletic-03,15,486b1ef4-9f15-46e3-adfe-388e038ee242.jpg,Help — billing FAQ,https://refero.design/screens/88f54bda-29fb-4c66-acd0-c8c1f055fe78
38,The Athletic,038-The Athletic-03,16,7304e488-d610-469e-8525-66c11ceedda5.jpg,Help — student billing FAQ,https://refero.design/screens/fce94572-5ab5-4126-8471-9d25ac10ccb8
38,The Athletic,038-The Athletic-03,17,a068b330-b52e-4f2b-b99d-9b1fa6520ff6.jpg,"Scores — schedule, dark",https://refero.design/screens/480a125b-5dde-4927-aea2-521faa9007a8
38,The Athletic,038-The Athletic-03,18,e00d0f7f-88e5-4e52-89af-64f40b960e9e.jpg,Scores — league search,https://refero.design/screens/bbc1f5fb-603d-49d0-83a5-eab4f023e579
38,The Athletic,038-The Athletic-04,19,1e69e871-8b91-415d-aa91-407980a26e90.jpg,"MLB standings, dark",https://refero.design/screens/fdc96154-2e26-4f57-91e6-cc1af45ff03a
38,The Athletic,038-The Athletic-04,20,8ef7c075-2221-4032-a240-0cadd0da2077.jpg,NBA standings,https://refero.design/screens/c5a5c786-4734-4b45-8a4f-94abd9366267
38,The Athletic,038-The Athletic-04,21,6a41f7f8-39bd-4955-b692-713fe7254df8.jpg,Champions League table — empty,https://refero.design/screens/07fe04f8-8dd8-4150-886e-8f1a87b37d78
38,The Athletic,038-The Athletic-04,22,9aeb94fa-3aba-4838-938e-5501d3625ed3.jpg,League page — NBA home,https://refero.design/screens/3c5b99e8-d7ee-48d1-8be5-71dda14ce8f2
38,The Athletic,038-The Athletic-04,23,498bdabc-a045-40a2-b539-8f4745a47a00.jpg,"Team page — Senators, dark",https://refero.design/screens/c37e266a-bef8-418a-a7b8-9c46babf7170
38,The Athletic,038-The Athletic-04,24,d7c36e13-1a2d-4d57-bda3-9c3b274c101f.jpg,"Edit followed teams, dark",https://refero.design/screens/2de34261-d495-4e30-b03b-bfe10e0ec6e5
38,The Athletic,038-The Athletic-05,25,84ffb5aa-4653-4c35-a476-3eff462d9299.jpg,"Account page, dark",https://refero.design/screens/443ed4a9-8f67-469b-a831-e78619e3e010
38,The Athletic,038-The Athletic-05,26,bf93aef2-1599-4404-a3cc-9ce594fb5446.jpg,Account page,https://refero.design/screens/ed679d7f-b226-4fcf-85dc-34ac153e74a2
38,The Athletic,038-The Athletic-05,27,9c92a8d1-7074-4162-9771-4b8c2a2e7510.jpg,Settings search — appearance,https://refero.design/screens/e897e38a-34f5-4e1e-b638-8ad6a2fe4925
38,The Athletic,038-The Athletic-05,28,65984763-24a6-4274-91c4-d23916c67c14.jpg,Help — student subscriptions,https://refero.design/screens/dcbf112d-bb7f-47b9-91fd-275f48e239f1
38,The Athletic,038-The Athletic-05,29,d409edb5-97f6-4629-b903-3c4de5298a54.jpg,Game — baseball summary,https://refero.design/screens/6cbab372-f944-4a08-87ec-923da0e8be83
38,The Athletic,038-The Athletic-05,30,3744df39-b58b-4e6d-964d-d3fcb4b3a41e.jpg,Game — NBA Finals box score,https://refero.design/screens/20e06a0b-08be-494d-a0e7-58636d21a325
38,The Athletic,038-The Athletic-06,31,2869fd14-1487-4949-a80b-952e4dcbada0.jpg,Game — NBA Finals scoreboard,https://refero.design/screens/72ddaf64-8751-4e5a-add5-f1a0cdb7c1f5
38,The Athletic,038-The Athletic-06,32,4f65444c-1639-413b-872e-a7c80443eabc.jpg,"Game — hockey stats, dark",https://refero.design/screens/33502b67-ae7a-4923-8feb-d3d0563458e2
38,The Athletic,038-The Athletic-06,33,e0164bd3-4601-4f35-8069-a42306eb2777.jpg,"Team stats — Senators, dark",https://refero.design/screens/76feac55-72f2-4756-bb1b-76088cfca1b3
38,The Athletic,038-The Athletic-06,34,2c2644e8-95a0-4ffa-a813-3e2fefb84d4a.jpg,Settings — app icon style,https://refero.design/screens/2a307ac7-85b3-4460-9ee6-830184b3bce6
38,The Athletic,038-The Athletic-06,35,3c733d0b-3ee4-407f-bc1e-5dc6721c275d.jpg,Onboarding — notification prompt,https://refero.design/screens/d72bfaef-c599-46f3-95fa-bc6404a805e6
38,The Athletic,038-The Athletic-06,36,170e755d-a99e-4089-8ea3-c04da0fc95e2.jpg,Onboarding — push permission alert,https://refero.design/screens/c5b8e583-118e-4c8c-9b66-75fb045e8c49
38,The Athletic,038-The Athletic-07,37,3055e8fd-d615-4c6c-90ed-f75e9d16fcf4.jpg,Gift subscription — App Store confirm,https://refero.design/screens/bc846f90-b753-4b84-a69a-706b0ac8714c
38,The Athletic,038-The Athletic-07,38,430c84b6-b3f7-4ce3-b6c3-51485e8ebebe.jpg,Following — manage teams,https://refero.design/screens/fbb87841-3e32-47d7-ac91-9e6d28687991
38,The Athletic,038-The Athletic-07,39,03b6ccc7-0cdd-4b49-b185-8b89eabb1879.jpg,Following — team ticker,https://refero.design/screens/283f1a1b-d245-4027-971f-e73ed870cdea
38,The Athletic,038-The Athletic-07,40,bf5751f8-e488-446b-a1ff-1cec3885ffea.jpg,Following list sheet,https://refero.design/screens/0aa15747-a1d8-4292-83a6-545b32fdcd0a
38,The Athletic,038-The Athletic-07,41,b962f711-0d9c-4ab4-818e-213c62be17c0.jpg,"Following list, scrolled",https://refero.design/screens/5088d59a-e1c7-44c1-b486-f6e089c1b8e6
38,The Athletic,038-The Athletic-07,42,f07d9f6d-6d99-4d6a-b6d6-1c1d3c444596.jpg,Podcasts — latest episodes,https://refero.design/screens/4404a292-343b-4623-887f-6e1bc6708a16
38,The Athletic,038-The Athletic-08,43,14704732-49d7-40af-a032-a358df40237d.jpg,"Podcasts — latest episodes, dark",https://refero.design/screens/f765e123-ad3a-4a77-a1ae-e7c4e022729d
38,The Athletic,038-The Athletic-08,44,fb83ae0c-fe6a-489a-b9b3-d9ea08f9ad70.jpg,Podcast show — The Glue Guys,https://refero.design/screens/9ca75def-6290-48bc-bbfc-0918209bf02e
38,The Athletic,038-The Athletic-08,45,b3c6d44f-78db-4691-a93f-2f8455c539ba.jpg,Podcast episodes — Glue Guys,https://refero.design/screens/1e6dfe30-1c16-466c-bed0-6e54a4e45c82
38,The Athletic,038-The Athletic-08,46,02df8176-7ca2-49ef-87a6-43eb9429c946.jpg,Podcast player — Baseball Show,https://refero.design/screens/20ac5a85-11b4-4cbd-afe6-1d5511ca3c25
38,The Athletic,038-The Athletic-08,47,9c784513-209d-4e44-bb3a-6d427e0cde14.jpg,"Podcast player, dark",https://refero.design/screens/7af9935c-b1d7-4395-bbff-6bb715b4e2f8
38,The Athletic,038-The Athletic-08,48,4ec5d5ac-92b7-4c5c-b167-19b4f30ad9c7.jpg,Podcast player — Rates and Barrels,https://refero.design/screens/74f03945-6a5f-4067-9ce3-a81e8dfd6d3c
38,The Athletic,038-The Athletic-09,49,3e936da4-7b4d-4cfd-869f-295b39dc939d.jpg,"Player queue, dark",https://refero.design/screens/b2cdff77-aecd-498f-bc3c-9d9c6c982ec2
38,The Athletic,038-The Athletic-09,50,16a2fea6-3010-4813-bffb-607004eaaf4b.jpg,"Player queue — edit, dark",https://refero.design/screens/10233595-e06c-4e29-a1c5-d4822319699a
38,The Athletic,038-The Athletic-09,51,213df31c-65f7-4633-9f10-54f47e3f4f51.jpg,Saved offline podcasts,https://refero.design/screens/42d6ea8c-8c2c-441e-8a2b-1fe79c627390
38,The Athletic,038-The Athletic-09,52,5e61378a-2a7c-409a-bfb3-76903ff064fb.jpg,"Home — NHL Draft, followed teams",https://refero.design/screens/9f1b2bec-77ca-4cbd-9c77-dce5c388cb93
38,The Athletic,038-The Athletic-09,53,82292e03-136f-4a21-83c7-46efda9a3175.jpg,"Article — hero image, dark",https://refero.design/screens/ce62f294-b550-4c02-929c-a7101b37df7b
38,The Athletic,038-The Athletic-09,54,73e976e8-3f0d-4e43-b610-9ce7d82f5753.jpg,Article — draft prospect profile,https://refero.design/screens/b95b065b-1d5f-4e60-a7e5-c14441b11891
38,The Athletic,038-The Athletic-10,55,e81f7897-077d-4e33-bf8e-55837926c47b.jpg,Article — NBA draft analysis,https://refero.design/screens/f5244b06-7bdb-4916-8977-ee29c937cdf1
38,The Athletic,038-The Athletic-10,56,712d59f4-f892-4965-b2f2-afc7a7f15521.jpg,Article — player stats table,https://refero.design/screens/4def6d8f-5ca9-4993-af1f-1714a9076442
38,The Athletic,038-The Athletic-10,57,689a1539-2e11-4d19-b06c-3781488fee0d.jpg,"Game — baseball final, stats tabs",https://refero.design/screens/afd0f226-3425-4ab0-afdf-1bfad90ef36c
38,The Athletic,038-The Athletic-10,58,be5e9ffe-fd3a-42c7-b85c-bf918aeb629d.jpg,"Game — matchup preview, pitcher profile",https://refero.design/screens/43c47829-3291-4182-b727-67ac3ccbbde7
38,The Athletic,038-The Athletic-10,59,44bce334-e2c6-4a20-9688-2ea28282d6b8.jpg,League page — NBA home,https://refero.design/screens/a574f4a7-973b-4a1e-b357-ba2882003d47
38,The Athletic,038-The Athletic-10,60,0d53dadc-f5d6-4c0c-a686-d53e6e105854.jpg,League page — NBA draft feed,https://refero.design/screens/b1b179a5-fcd6-419b-b388-5a3429e72865
39,Wise,039-Wise-01,1,160317b5-c9df-4c5a-a47b-1233d6f894ad.jpg,Home — multi-currency account cards,https://refero.design/screens/0b60ce88-f3ad-416c-a23d-13c28b2cbab1
39,Wise,039-Wise-01,2,2d92773b-5b06-4489-a521-a75fc33fa533.jpg,"Home — account overview, Earn button",https://refero.design/screens/78ebb3c5-e275-498c-bdbe-5004ee957b83
39,Wise,039-Wise-01,3,ed80d4af-db1c-49cf-b126-3f486b8a7de9.jpg,Home — empty state over orange pattern,https://refero.design/screens/045ad40a-c1b1-4086-b381-e5b893318c35
39,Wise,039-Wise-01,4,4b012ce6-64bd-4445-8726-209b66261dce.jpg,Home — balances and promo card,https://refero.design/screens/2e8b6191-adf7-4cbb-8ddf-8e4457ea78b7
39,Wise,039-Wise-01,5,917df2e6-4898-48cb-bd37-c1131ff48fc9.jpg,Home — skeleton loading state,https://refero.design/screens/5fa5b721-b781-4839-b410-9ffc035a74af
39,Wise,039-Wise-01,6,bfc77132-6f78-4dbe-86cb-59c9826f1eac.jpg,"Home — transactions, receive locally",https://refero.design/screens/8d042b2b-9981-44e2-be6a-1660293be108
39,Wise,039-Wise-02,7,837fe237-42e1-481e-ae37-9e24e05a9cfd.jpg,Home — transactions and interest banner,https://refero.design/screens/34eaccb4-c358-4a81-a631-d17c4942ae3e
39,Wise,039-Wise-02,8,072dc213-83cc-4b1f-a644-6f875a726fb2.jpg,Home — exchange rate chart,https://refero.design/screens/a218bb2f-5e82-4703-a550-12c673eedb0d
39,Wise,039-Wise-02,9,3a162bbe-e06a-46cf-9722-1e215f6c2dc7.jpg,Home — dark mode currency list,https://refero.design/screens/794f6e09-cb0c-4b14-9eab-03a70c196479
39,Wise,039-Wise-02,10,36057d2e-a5c3-438d-a70c-a678257b69d1.jpg,Your account — profile menu,https://refero.design/screens/fac3a0c7-d886-41dd-b9d5-12b86df97f1b
39,Wise,039-Wise-02,11,6c5c2d24-8da9-4377-a694-b550088f5652.jpg,Add money — USD balance summary,https://refero.design/screens/4d84afd9-c535-47a8-99f1-b331f403ac76
39,Wise,039-Wise-02,12,f5db0755-0bca-4a4f-9594-48ade21fb1b5.jpg,Add money — amount form,https://refero.design/screens/d731b7e6-b1f7-4ed5-80d8-a838749634dc
39,Wise,039-Wise-03,13,75d6f9a1-dc7e-42fa-851c-1320f3b45662.jpg,Send — international calculator,https://refero.design/screens/90491eb8-07ca-4f41-a646-8b7ff5272dc8
39,Wise,039-Wise-03,14,f90c60ce-6241-49d3-8a47-9b2aa00c611d.jpg,Send — calculator with rate,https://refero.design/screens/450e9e3d-6ca7-4554-adaa-48460ced657a
39,Wise,039-Wise-03,15,9964ac04-e1a9-4d51-a53c-7c2d42020e59.jpg,Send — same currency tab,https://refero.design/screens/60e30097-c7dc-488f-bd8b-724e8f5316b4
39,Wise,039-Wise-03,16,8f3ea05e-fee7-4926-90c4-0b34ee8f05b6.jpg,"Send — calculator, dark mode",https://refero.design/screens/9277bc21-a511-4ddd-927b-f7ac17c6fd35
39,Wise,039-Wise-03,17,49007752-2870-45ef-9f5c-dfaf0f259482.jpg,"Send — calculator error, dark mode",https://refero.design/screens/efba2cfd-01a7-496e-ac47-a58fa612e873
39,Wise,039-Wise-03,18,6aca71cf-40b9-4d7e-88cf-5e16cc2524f9.jpg,Recipient — enter account details,https://refero.design/screens/fd7a91fa-5ab9-4007-ab5a-0a9c9048758b
39,Wise,039-Wise-04,19,0b990916-c1f8-40e5-936b-54704e22942a.jpg,Recipient — email field form,https://refero.design/screens/d5c33bf1-df35-4597-be5e-2460d1fcd4bc
39,Wise,039-Wise-04,20,d87af62a-59d4-44ad-9172-a30b63209d3b.jpg,Recipient — bank and address form,https://refero.design/screens/ab153b75-acff-4bb0-931d-d69aa1643e75
39,Wise,039-Wise-04,21,6394731e-f86e-40a8-abb8-99cf724d7ba3.jpg,Recipient profile — actions,https://refero.design/screens/9351c994-b02d-4c7c-847c-6194c32a5d3b
39,Wise,039-Wise-04,22,e9523e4b-1c57-4730-8a8d-1dd2f63ea121.jpg,Recipient — delete alert dialog,https://refero.design/screens/3c046d24-04bc-4dde-8233-8b0715b96e62
39,Wise,039-Wise-04,23,017d8eb5-50f0-450a-837f-0fdd00335541.jpg,Transfer — review details,https://refero.design/screens/1f9c05aa-d913-40d3-b66d-03f520f8789e
39,Wise,039-Wise-04,24,c0446796-a3c0-43c5-b272-d11127608508.jpg,Confirm your order — checkout,https://refero.design/screens/dd7306a3-ea71-41d9-a60b-007f4f3490e3
39,Wise,039-Wise-05,25,f5ccad1b-bcca-4d2e-9948-36a385eeace3.jpg,Confirmation — money illustration,https://refero.design/screens/944e1517-9b8e-4849-a547-60f85ffa4593
39,Wise,039-Wise-05,26,506318fa-f1d9-40b4-9434-3f9881ca3bef.jpg,Choose currency balances — accordion list,https://refero.design/screens/8932adf7-4069-417c-86dd-e7d5c44f9c00
39,Wise,039-Wise-05,27,967c8d51-ce46-4bf0-91b2-25549953630a.jpg,Currency balances to open — search,https://refero.design/screens/a1a8754b-2e8c-480f-901f-4d25df382315
39,Wise,039-Wise-05,28,50a6ff7c-d060-49d7-b41f-306cd92648c8.jpg,Choose a currency for this jar,https://refero.design/screens/45073a2a-0b12-4c8f-ab47-0b000040ccc9
39,Wise,039-Wise-05,29,635c504b-2ffc-4e61-8429-b0fc5c4665ed.jpg,Currency picker — bottom sheet,https://refero.design/screens/bcd216d2-8b69-4a8d-b148-325985a8dfd9
39,Wise,039-Wise-05,30,69ed8d94-7455-4539-8b46-5f224cfa1977.jpg,Currency picker — search sheet,https://refero.design/screens/929f5f57-4875-45d9-beb4-87aa875ae265
39,Wise,039-Wise-06,31,183109b1-a770-45d6-9526-e1a97afe8147.jpg,Change currencies — source and target,https://refero.design/screens/be9ff8e9-cf22-4c7b-bb96-064bcba9f7e2
39,Wise,039-Wise-06,32,9bbbe5f3-1bf6-45e9-8c72-e154257764fc.jpg,Currency picker — full list,https://refero.design/screens/e9fd0e89-ba8b-41cf-bdf0-5ec84088408b
39,Wise,039-Wise-06,33,cf94553d-818c-40b0-bb7d-c271f598427f.jpg,Onboarding — let's open your account,https://refero.design/screens/f4394bae-6eda-479e-9a5c-f45c2715c0f5
39,Wise,039-Wise-06,34,9394bcae-1ada-4721-a7f0-f2cf443c015a.jpg,Onboarding — account setup sheet,https://refero.design/screens/9fe39dc1-2004-4203-ba99-019f5a07c2de
39,Wise,039-Wise-06,35,2645c5f2-0af8-44e0-bada-921abc3ccf81.jpg,Onboarding — goal for today cards,https://refero.design/screens/79254458-f883-483f-8f38-215213e932a3
39,Wise,039-Wise-06,36,01d0d9c8-0200-4b71-bbb9-2fd872559247.jpg,Onboarding — purpose form,https://refero.design/screens/1158987b-576b-4622-9efb-ad390f82f19c
39,Wise,039-Wise-07,37,7a2be255-e9b6-4de1-b499-44552b2599c6.jpg,"Welcome — universal card, progress bar",https://refero.design/screens/f28fd12f-5862-427d-b917-08f65eef22c2
39,Wise,039-Wise-07,38,4cbbae3d-e8f3-47a0-87d7-48e1749d3614.jpg,Walkthrough — 3D globe and coins,https://refero.design/screens/7101aec3-f2d0-408f-b1b9-bede0ff9f96c
39,Wise,039-Wise-07,39,ea5c4a18-0cf9-4b6c-95ef-f8c5d4e4a7b5.jpg,Walkthrough — send to friends,https://refero.design/screens/f871b554-47cf-4a17-9fd5-68224c0df720
39,Wise,039-Wise-07,40,1f0d020f-144a-4e2d-809b-82a5de050cc3.jpg,Walkthrough — how direct debits work,https://refero.design/screens/3f268b6d-09f4-4f73-90c5-953ba0d1ed20
39,Wise,039-Wise-07,41,e174e1c4-9503-4466-99ce-f82980668882.jpg,Direct debits — modal illustration,https://refero.design/screens/69316cbc-6f54-45e9-8a14-d106849bd62a
39,Wise,039-Wise-07,42,3ff8ec29-0855-4167-b720-5953a4f7db4e.jpg,Verify identity — ID card intro,https://refero.design/screens/1bffdcf3-853d-47ac-981a-59ab918b71e5
39,Wise,039-Wise-08,43,2342b81d-74bd-4c3f-bd2e-550f78d3a11e.jpg,Verify identity — country and document,https://refero.design/screens/e764a04d-1303-4475-97e3-4198b6914dec
39,Wise,039-Wise-08,44,90627435-16f0-4716-ad7a-bee94d6c704b.jpg,ID photo prompt — bottom sheet,https://refero.design/screens/c67fc025-c204-499e-9d99-ade93eb50a7a
39,Wise,039-Wise-08,45,3ccd227a-07fc-4f18-bf71-af3b19b59b51.jpg,ID photo check — is everything clear,https://refero.design/screens/adcd4f85-64f0-420d-95fa-d9163a289b91
39,Wise,039-Wise-08,46,71944459-da55-46a5-895e-b222c0bd8d91.jpg,Confirm your Social Security Number,https://refero.design/screens/9727f6c8-95e1-4ace-aa62-1d282f2b6d03
39,Wise,039-Wise-08,47,7f4e40d2-bd95-4ce4-a91b-e48c8e0be9c0.jpg,Settings — receiving by email or phone,https://refero.design/screens/808074fa-eb19-4064-80d3-a19eef7c425e
39,Wise,039-Wise-08,48,cb366465-758c-4750-9325-9d8f34a3ec60.jpg,Settings — 2-step verification,https://refero.design/screens/f922fc66-2cd5-4921-9eee-c272379f9597
39,Wise,039-Wise-09,49,6214f435-1921-4ade-a710-bb335f860e9b.jpg,Feedback survey — radio groups,https://refero.design/screens/6c3fc8cf-6672-462f-8abd-43117be8aaa9
39,Wise,039-Wise-09,50,bf0cc890-f20a-41db-ab96-24e0c392ec28.jpg,Help — search how can we help,https://refero.design/screens/8787720c-1059-40e3-ba9b-decfdf76ebfc
39,Wise,039-Wise-09,51,7efa91d9-a73a-45fb-b1c2-2ef9f3f8724c.jpg,Help article — what is a Wise account,https://refero.design/screens/890677e7-6e24-44e1-b0a1-1dfc2058fa68
39,Wise,039-Wise-09,52,1e0f2499-a093-4ecf-afb6-473421d91c58.jpg,"Help — FAQ, balance questions",https://refero.design/screens/4fa7d33e-e7d1-4080-a2cf-91c370f17bd4
39,Wise,039-Wise-09,53,ed693491-3e17-4829-accc-e820bc4a3f85.jpg,"Web article — a better way, card hero",https://refero.design/screens/85947c3c-91a5-4b5b-a692-1419b2d939dd
39,Wise,039-Wise-09,54,2d2361a3-ad63-4360-95b6-a301229ccb03.jpg,Web article — text page,https://refero.design/screens/917b4920-38f6-4aa2-ab30-086d853be1b0
39,Wise,039-Wise-10,55,80d7a4d4-030d-44a4-ab44-6fae608c2cb9.jpg,Web article — good stories headline,https://refero.design/screens/eb39b704-7923-40ad-a0ab-e1f23963802e
39,Wise,039-Wise-10,56,c8e57de8-3583-487b-bb21-8f211261ceac.jpg,Web page — the Wise story,https://refero.design/screens/4232b57c-31dd-465b-8743-34f7385c2286
39,Wise,039-Wise-10,57,fa0f4263-f739-4b76-b6c0-2d43c00a6d36.jpg,Card payment paused — status screen,https://refero.design/screens/0e0e16b4-0c1c-47a9-8241-82755c69afce
39,Wise,039-Wise-10,58,6f1340f5-a699-452d-bd43-1ad942086878.jpg,Card payment paused — with sheet,https://refero.design/screens/fe8616d6-7195-4cf5-8682-8887652de03a
39,Wise,039-Wise-10,59,3b2bd794-6b05-481d-a1c2-4c6a571f6d51.jpg,Paused payment — search and carousel,https://refero.design/screens/efff4c6a-c235-4349-b8e2-3b3e4c84a835
41,Instagram,041-Instagram-01,1,073816df-31cf-4cbb-aa14-124ee6466878.jpg,,
41,Instagram,041-Instagram-01,2,0b78ba21-1aa1-4215-867f-350c98477767.jpg,,
41,Instagram,041-Instagram-01,3,10038c32-3da2-437b-8e99-fd7f581a5186.jpg,,
41,Instagram,041-Instagram-01,4,1358c566-f523-410e-878a-af8103a3b0f6.jpg,,
41,Instagram,041-Instagram-01,5,13cddf03-5efd-4e6e-9380-c5cf263b1457.jpg,,
41,Instagram,041-Instagram-01,6,14c7e75a-e5d3-4c48-8b86-820060a75425.jpg,,
41,Instagram,041-Instagram-02,7,1fb76fe6-bb56-402b-8a36-9200df350a14.jpg,,
41,Instagram,041-Instagram-02,8,2073faf1-1e78-4c21-939c-493a8526b582.jpg,,
41,Instagram,041-Instagram-02,9,25adff9e-14cc-40b3-985b-a0f07c62925e.jpg,,
41,Instagram,041-Instagram-02,10,367e2b2c-6170-4a71-8118-9934265cf1b9.jpg,,
41,Instagram,041-Instagram-02,11,3b70f59f-2de9-4588-85be-ab960663268b.jpg,,
41,Instagram,041-Instagram-02,12,3c5d6240-27dc-422a-929d-07eb7a1e3f38.jpg,,
41,Instagram,041-Instagram-03,13,3cf00401-5d29-4610-82f8-4df3e6e2b5db.jpg,,
41,Instagram,041-Instagram-03,14,3f6d2a9e-36f9-4c35-8184-b8aa123c8fa3.jpg,,
41,Instagram,041-Instagram-03,15,410561cd-4eea-446a-8371-451009fc9d51.jpg,,
41,Instagram,041-Instagram-03,16,44e3070a-3f7b-48e0-8411-d0b4a2f82845.jpg,,
41,Instagram,041-Instagram-03,17,48b477b3-54e9-416d-ba65-22f0ffa89159.jpg,,
41,Instagram,041-Instagram-03,18,4933c32c-6c43-4bf0-804d-f9cdfe26622b.jpg,,
41,Instagram,041-Instagram-04,19,571ee6a1-d3cf-431e-abce-17f4db5804ea.jpg,,
41,Instagram,041-Instagram-04,20,5dba1a37-382a-4623-9a91-0f1c348f4c96.jpg,,
41,Instagram,041-Instagram-04,21,631fec07-d21a-4855-893b-491b296959a3.jpg,,
41,Instagram,041-Instagram-04,22,6374241d-1348-4156-a3c6-f21d883fbf3f.jpg,,
41,Instagram,041-Instagram-04,23,6aea5377-706c-4151-9120-c59c19903cb7.jpg,,
41,Instagram,041-Instagram-04,24,6c5cff18-841f-4d3f-9555-e24d723bfae8.jpg,,
41,Instagram,041-Instagram-05,25,7273a8eb-81c1-472e-858b-38fcbfbe67af.jpg,,
41,Instagram,041-Instagram-05,26,7623bece-4983-4a7a-82be-48b326772db0.jpg,,
41,Instagram,041-Instagram-05,27,768b1b7f-65f1-481c-87e6-83f786a46f48.jpg,,
41,Instagram,041-Instagram-05,28,773dc6a7-7ca9-411f-8af9-cf08e80d1bbd.jpg,,
41,Instagram,041-Instagram-05,29,785c6716-cc33-49ab-b0f0-1dad2768ec74.jpg,,
41,Instagram,041-Instagram-05,30,7e9c472e-ca12-4541-a91f-6389bf6ccde9.jpg,,
41,Instagram,041-Instagram-06,31,857b697e-c1fa-43db-ac17-742268c2a3e9.jpg,,
41,Instagram,041-Instagram-06,32,89188f7f-719e-49be-8497-3a059e11461f.jpg,,
41,Instagram,041-Instagram-06,33,8ea8b228-3067-4ee7-840d-7b6831babbed.jpg,,
41,Instagram,041-Instagram-06,34,90b4d746-8088-4456-a111-40d4b432da5b.jpg,,
41,Instagram,041-Instagram-06,35,91c19c83-889d-4c5f-b15f-7f1980d865f3.jpg,,
41,Instagram,041-Instagram-06,36,97177529-d84b-4168-90ca-3fba924850f8.jpg,,
41,Instagram,041-Instagram-07,37,977f0d3d-aea1-490e-a8e0-37713f40c579.jpg,,
41,Instagram,041-Instagram-07,38,97c62fcb-5c5f-4cb6-b833-9157623c3508.jpg,,
41,Instagram,041-Instagram-07,39,9c0d9b1c-289d-4d0b-8475-548bad5fab99.jpg,,
41,Instagram,041-Instagram-07,40,9decb0c5-631a-460f-bdc0-9b08c6a0c399.jpg,,
41,Instagram,041-Instagram-07,41,9f9df3a5-a2e5-4a44-9246-29ebdf83b727.jpg,,
41,Instagram,041-Instagram-07,42,a9f1de94-cbcb-4fb0-b07b-1f1eae448354.jpg,,
41,Instagram,041-Instagram-08,43,b0601b55-5809-4e5b-988d-1eb17d76ad49.jpg,,
41,Instagram,041-Instagram-08,44,bd3eee92-9047-4eea-b221-fd2b99749676.jpg,,
41,Instagram,041-Instagram-08,45,cbc9778c-c75f-4780-91ff-950ab1610c02.jpg,,
41,Instagram,041-Instagram-08,46,cbe235e6-415a-4d16-814f-3863d5471ae8.jpg,,
41,Instagram,041-Instagram-08,47,cd65ca42-dde2-4299-a80b-bd1fd229be5a.jpg,,
41,Instagram,041-Instagram-08,48,d7fde7d9-aecf-4200-9150-54ab11c38d89.jpg,,
41,Instagram,041-Instagram-09,49,dd335fe5-e097-4672-9f1b-d1dc9de0b148.jpg,,
41,Instagram,041-Instagram-09,50,de3d5d08-9da9-4397-ac78-2e448fd33e7d.jpg,,
41,Instagram,041-Instagram-09,51,e5ca5523-5794-4d7e-a81d-d45711382ffc.jpg,,
41,Instagram,041-Instagram-09,52,e6902ae7-5fd9-4544-93f8-553a7da6c816.jpg,,
41,Instagram,041-Instagram-09,53,e980b83e-77fb-4a61-b7d7-d36129e47651.jpg,,
41,Instagram,041-Instagram-09,54,ec4a9246-73a1-470a-a9a8-0e96787d22e5.jpg,,
41,Instagram,041-Instagram-10,55,ed8ce36d-f641-47cb-8f0a-913decbc30da.jpg,,
41,Instagram,041-Instagram-10,56,ee64b694-6b45-4b8d-83fc-085c6785db66.jpg,,
41,Instagram,041-Instagram-10,57,f3ae605c-9142-4b01-8cc6-255d82634315.jpg,,
41,Instagram,041-Instagram-10,58,f8588292-4df4-4324-b52e-bc170ec0fa60.jpg,,
41,Instagram,041-Instagram-10,59,f9309e53-cbf2-41ae-87f1-c4d188b9c5c3.jpg,,
41,Instagram,041-Instagram-10,60,fe6cd44d-4156-4d58-8756-8f63c1e57342.jpg,,
42,Threads,042-Threads-01,1,006352a1-7ef8-4b8a-9b47-0547a2154481.jpg,,
42,Threads,042-Threads-01,2,0074c6d9-9d1e-4e6a-87a8-eadb3180f2ac.jpg,,
42,Threads,042-Threads-01,3,0674a59a-4213-4cdf-8bf6-6bc99056e6c1.jpg,,
42,Threads,042-Threads-01,4,067ce9d3-6677-4241-8c48-2fae907fdc53.jpg,,
42,Threads,042-Threads-01,5,0d3e089f-7238-42be-8072-dd2ea34e21c2.jpg,,
42,Threads,042-Threads-01,6,0f30c781-8fe3-4f60-a12d-60ec419f94ee.jpg,,
42,Threads,042-Threads-02,7,0f54604f-5d30-4147-be6f-aad0844369c6.jpg,,
42,Threads,042-Threads-02,8,18d6f30f-5cd7-4e52-9953-52e5fc3ae1d2.jpg,,
42,Threads,042-Threads-02,9,1a0300c1-4cff-4fa0-ac2f-5ae7d9d305c4.jpg,,
42,Threads,042-Threads-02,10,24f6e7d5-207d-4b81-9db6-120ebf3cba94.jpg,,
42,Threads,042-Threads-02,11,252a7fc6-952b-40c5-a738-0b07a3aabaf9.jpg,,
42,Threads,042-Threads-02,12,28d01738-d8eb-4eff-85c0-8e9e5bb4273a.jpg,,
42,Threads,042-Threads-03,13,29938808-d83c-4fa8-8dce-c7ab359c0e30.jpg,,
42,Threads,042-Threads-03,14,2b6ccc31-f581-4257-9479-964d7358bda2.jpg,,
42,Threads,042-Threads-03,15,32853fef-9c82-4fd8-8cc2-411ca00af977.jpg,,
42,Threads,042-Threads-03,16,3cd6216e-5419-4d01-8276-ab1c61729471.jpg,,
42,Threads,042-Threads-03,17,4114ff54-a2cf-44fc-84a5-394e9f9fcf99.jpg,,
42,Threads,042-Threads-03,18,414c496a-96c5-4d5a-b3b8-07f82d7db2f3.jpg,,
42,Threads,042-Threads-04,19,4197dedd-43a5-4270-9b7f-3fbc13b944d9.jpg,,
42,Threads,042-Threads-04,20,4ce5ab25-8e96-4b2c-8cef-56034f404a1c.jpg,,
42,Threads,042-Threads-04,21,4fade012-16fc-4288-8965-10df32975378.jpg,,
42,Threads,042-Threads-04,22,504350f4-9f25-43bb-93ee-e5c1c11a37e0.jpg,,
42,Threads,042-Threads-04,23,55fa5975-e3aa-48fd-8f5f-bf3d9368331d.jpg,,
42,Threads,042-Threads-04,24,5e6b5445-79d0-491a-8c71-1c2385fa56b2.jpg,,
42,Threads,042-Threads-05,25,61068860-5211-46e0-a1b1-a7c002abdcb7.jpg,,
42,Threads,042-Threads-05,26,611494e1-102a-4943-9882-c14c6c85fa60.jpg,,
42,Threads,042-Threads-05,27,6495057f-df1a-4ce4-9c91-2e5dbd7c430c.jpg,,
42,Threads,042-Threads-05,28,6597274f-a370-4135-be76-09b6d8da53ea.jpg,,
42,Threads,042-Threads-05,29,685bafd9-9788-4156-9d51-6c67d1b89a18.jpg,,
42,Threads,042-Threads-05,30,70cf076a-b7f7-4073-863e-ec7159ef8ce0.jpg,,
42,Threads,042-Threads-06,31,7b50151d-8e79-4051-b565-8b99cdc56625.jpg,,
42,Threads,042-Threads-06,32,7d29f62c-3256-4e7c-b0df-e15233e0d2a0.jpg,,
42,Threads,042-Threads-06,33,81118b33-930c-46a7-96d9-45d6a288af6e.jpg,,
42,Threads,042-Threads-06,34,82f418ea-1a0d-4af3-a92d-a1f4fc9e7a63.jpg,,
42,Threads,042-Threads-06,35,8311c0d4-615a-43d0-892f-4299080fdee9.jpg,,
42,Threads,042-Threads-06,36,83660ae8-7f59-447d-8ace-56945361a5e7.jpg,,
42,Threads,042-Threads-07,37,8e601fbb-8b18-4b67-a6ca-a32210bbca78.jpg,,
42,Threads,042-Threads-07,38,91da74b7-a24e-4bc2-9664-57b7e048cb40.jpg,,
42,Threads,042-Threads-07,39,949b9d11-199a-46a8-9a9c-875aec823ec6.jpg,,
42,Threads,042-Threads-07,40,a1146751-1d19-430f-9a3b-b26d64c81520.jpg,,
42,Threads,042-Threads-07,41,a5da0513-2221-4913-9c86-d62a96dc29d8.jpg,,
42,Threads,042-Threads-07,42,ad7b89d4-a8a6-4a16-809f-1c5c3ae49d74.jpg,,
42,Threads,042-Threads-08,43,ae20ed2d-460f-4fae-96aa-dce5a4e2022d.jpg,,
42,Threads,042-Threads-08,44,b0238ffc-fd3a-43dc-92cd-420c0d937d00.jpg,,
42,Threads,042-Threads-08,45,b2971e62-858d-4084-8162-d4c4beed64fe.jpg,,
42,Threads,042-Threads-08,46,b2e2205f-0051-4b5a-9a41-dc115baea2b7.jpg,,
42,Threads,042-Threads-08,47,b618c62e-96aa-42ea-b7bf-4e4277c09ba2.jpg,,
42,Threads,042-Threads-08,48,d28eff0f-0f57-4c13-b0c5-33a3d2bf692e.jpg,,
42,Threads,042-Threads-09,49,dd1f05aa-9234-4fd6-b3f4-a4679c42d34b.jpg,,
42,Threads,042-Threads-09,50,e0160370-85cc-4895-a96a-85eac6789faa.jpg,,
42,Threads,042-Threads-09,51,e48522ec-3b75-4dbd-8b67-76cb08200a5b.jpg,,
42,Threads,042-Threads-09,52,eaa039de-3cd2-4204-895f-cad3f2a823d3.jpg,,
42,Threads,042-Threads-09,53,ec6910c7-6e48-47df-8602-6e4f204ad89e.jpg,,
42,Threads,042-Threads-09,54,ec87538c-88c1-493b-9a8d-5a8f5000aa56.jpg,,
42,Threads,042-Threads-10,55,f2729b4e-3a99-4f7d-a155-20b034d29044.jpg,,
42,Threads,042-Threads-10,56,f3ee114b-e5fa-4f11-90bd-89b63daef20b.jpg,,
42,Threads,042-Threads-10,57,f6bc4a29-64d5-41c0-8bbc-bcd25816250a.jpg,,
42,Threads,042-Threads-10,58,fa1be144-f490-446b-b5da-c7e46a5c6376.jpg,,
42,Threads,042-Threads-10,59,fde73a6b-fa81-45a9-ab01-78e4d9f63c9f.jpg,,
42,Threads,042-Threads-10,60,fe9cd422-3680-4490-859e-321a3bd31b84.jpg,,
43,Bear,043-Bear-01,1,cdfc8816-6e4f-42b4-8a6f-37558e69fdbb.jpg,Pro intro — space bear,https://refero.design/screens/87e55d41-da7a-40fc-9bd3-93d73dc7eae7
43,Bear,043-Bear-01,2,2073dce5-6a7e-42db-91d3-5561eaf2051d.jpg,Widget — note list,https://refero.design/screens/3f06d490-9f1b-4728-87a7-cf9514fb8136
43,Bear,043-Bear-01,3,4e8b25b4-b77b-4d60-bbf6-c73603cb8860.jpg,Pro intro — heading,https://refero.design/screens/616eb50f-d161-4ea4-8191-21ca930d4d23
43,Bear,043-Bear-01,4,f3e2e2fc-7373-4c00-b221-fb29b6c2499c.jpg,Widget — New Note,https://refero.design/screens/a0b26ec5-2ba1-491f-9043-5ec9922d7fbd
43,Bear,043-Bear-01,5,8d4007cd-a13c-4f8d-8699-c17c6dcd4e72.jpg,Home screen — dark widget,https://refero.design/screens/2d9942ee-f162-433e-bd00-984a7cc0e526
43,Bear,043-Bear-01,6,ed73894e-afbe-4f97-8b0c-e5d50b4bce55.jpg,Widget — Find Note,https://refero.design/screens/08d7280f-5452-4777-a48e-a0c848dfd663
43,Bear,043-Bear-02,7,e5c07dc5-1278-42fd-b946-238cd0e23cf5.jpg,Widget — note preview,https://refero.design/screens/9cfc1084-d1e2-4bcd-a5fb-93103f2a66d2
43,Bear,043-Bear-02,8,14d412a4-8df0-4d2d-b87b-ffa9426363f7.jpg,Pro intro — Pro label,https://refero.design/screens/8073ffa5-0acf-4569-a4de-fd331c81d63a
43,Bear,043-Bear-02,9,d8a3a63d-c085-4c4b-bace-6a3bf97dec9e.jpg,Onboarding welcome,https://refero.design/screens/94449e85-df75-4f7d-b0c1-25611d99d2c5
43,Bear,043-Bear-02,10,18715fb1-53bb-496e-8bce-16bedeeaff6c.jpg,Notes list — single note,https://refero.design/screens/d7834074-2b58-4e82-82b7-c1a77bb3934e
43,Bear,043-Bear-02,11,350a687c-53e4-4685-a207-1833e1e9178b.jpg,"Editor — code block, keyboard",https://refero.design/screens/8e78e7bd-a75f-4bc2-aa14-a90e9afc587e
43,Bear,043-Bear-02,12,eff5aab6-1c91-46e8-b86b-7628d737c1c2.jpg,Drawing canvas — bear sketch,https://refero.design/screens/4548a833-a59a-40e7-9013-ac06ca7ea03e
43,Bear,043-Bear-03,13,6c949317-620d-4ab0-b73f-e7a8a747948d.jpg,Editor — handwriting and table,https://refero.design/screens/a678b872-b7d0-435f-95cb-d2ea2b326555
43,Bear,043-Bear-03,14,7646f773-1610-4af0-a5ca-403d2c45c447.jpg,Editor — table editing,https://refero.design/screens/b676348a-32d2-41bc-957f-88ebe2ac3e2c
43,Bear,043-Bear-03,15,3976f68e-65f7-498c-a53d-84d5109d3b80.jpg,Editor — dark mode,https://refero.design/screens/a3de5d00-ed41-46a2-800f-9e47708f0939
43,Bear,043-Bear-03,16,08c340da-5659-4742-976a-e3c8507824a0.jpg,Edit Tag sheet — sidebar,https://refero.design/screens/beb55a9f-cdf6-44ff-b34f-29d4129c12b9
43,Bear,043-Bear-03,17,7ca3f7e5-ae3f-494d-b5d8-3036d1e53f66.jpg,Typography sheet,https://refero.design/screens/d6735094-34b5-48d8-991b-26ac3333e27c
43,Bear,043-Bear-03,18,6b83734a-747f-4383-b2bf-f8533b1eb389.jpg,Editor — note with timestamp,https://refero.design/screens/85b56b6a-7dde-4a25-bc8d-70c38308097f
43,Bear,043-Bear-04,19,336f5e47-8908-435d-9d9b-95bbbf03d603.jpg,Editor — image attachment,https://refero.design/screens/88903040-a52c-4862-8dec-b3dbbbce6009
43,Bear,043-Bear-04,20,d80eed57-5ae6-4a37-be91-76f68bd62eac.jpg,Editor — selection and hashtags,https://refero.design/screens/4184865c-bffb-47fa-ae1d-6571b07ba5dd
43,Bear,043-Bear-04,21,07f5d2ba-1c1d-4143-b37c-100182147261.jpg,Settings — General (light),https://refero.design/screens/a9f6b5b4-1962-4e16-a0fe-b402bb1b5bf5
43,Bear,043-Bear-04,22,acf6470c-f7b1-4398-aab6-6df00d834fe3.jpg,Settings — General (dark),https://refero.design/screens/d5d602be-5250-41f1-8dd2-50ecf0a2ec23
43,Bear,043-Bear-04,23,365fb9dc-9c97-455b-9f28-747ccc51fdc6.jpg,Editor — scanned docs and PDFs,https://refero.design/screens/07c360de-092e-41a4-9568-1ebcf13558af
43,Bear,043-Bear-04,24,b2bcc2cb-f694-43f9-a771-18e2147a9b9f.jpg,Editor — side-by-side table,https://refero.design/screens/e7e91b14-c653-4d0c-9038-31102cc948fc
43,Bear,043-Bear-05,25,5527daf2-3821-4105-abfd-cdabb617e0ab.jpg,Editor — context popover,https://refero.design/screens/58564a5d-84ca-42cb-8c2b-5f71019c1435
43,Bear,043-Bear-05,26,4982ae00-0a16-41ae-ae21-b8c560c742e0.jpg,Editor — rich text styles,https://refero.design/screens/b422ed17-22aa-4f4c-befc-cf9308b4ffda
43,Bear,043-Bear-05,27,b056fcdf-dd8a-49ce-9011-43f76e50cc99.jpg,Editor — empty note,https://refero.design/screens/e2ed2f5b-e290-4a86-8415-07293afd9c67
43,Bear,043-Bear-05,28,56995e4f-3dc8-46c4-83d4-16be184e343f.jpg,Find and replace overlay,https://refero.design/screens/e0668294-e8fa-45c4-94d8-2200979f0178
43,Bear,043-Bear-05,29,18a0f4b6-745f-4123-8c01-649fd3c7617a.jpg,Settings — Bear Pro card,https://refero.design/screens/2977f992-cdb6-4ce7-8650-d13ff0076578
43,Bear,043-Bear-05,30,d774a906-b9d1-4d72-99ba-8d70d5ffacab.jpg,Settings — Pro header,https://refero.design/screens/2f5b3e2d-0a88-412f-ae38-d793449530ae
43,Bear,043-Bear-06,31,ee20a339-6db1-4f90-8fd1-1712c3490a93.jpg,Settings — grouped sections,https://refero.design/screens/aebac84e-7be5-4c04-aad7-e081fab77b0d
43,Bear,043-Bear-06,32,f0a2f1e2-86ef-444d-b777-f40193df11a4.jpg,Settings — dark mode,https://refero.design/screens/e086e402-2759-4e2e-b236-137e0d83fd25
43,Bear,043-Bear-06,33,28310e52-3156-4535-be70-4384b9fadd19.jpg,Privacy settings,https://refero.design/screens/a7df092b-6178-4c95-8fb2-fad13a6c59ff
43,Bear,043-Bear-06,34,f9191f8c-a083-4ec2-8eb4-cef4a9d7ab52.jpg,Privacy — passcode lock,https://refero.design/screens/fe6a4462-a877-4110-a946-f2652d16b6a0
43,Bear,043-Bear-06,35,187de8f7-ffb9-4a2e-acfc-004545abc78d.jpg,App icon picker,https://refero.design/screens/9a9282ff-8fa3-4ba9-bff9-a6173b1b5070
43,Bear,043-Bear-06,36,e97f92ec-7f7e-4f1a-b0a9-4d184e65b5d9.jpg,Typography — font size,https://refero.design/screens/9e1a2939-8d79-4d5d-ba71-c646bea306d9
43,Bear,043-Bear-07,37,92c9c9be-37e9-442c-8c93-4f984055c95a.jpg,Help page — privacy,https://refero.design/screens/facec0dc-b92e-4b7b-a90e-8d07a02eb92c
43,Bear,043-Bear-07,38,5e0c87e0-add1-4b39-a44c-6a1bc70c2e55.jpg,Notes — action menu,https://refero.design/screens/069822d9-b1c9-4b7c-b935-7e846879ddde
43,Bear,043-Bear-07,39,397971cb-7aa0-45ec-a29e-63f9409de422.jpg,Trash folder,https://refero.design/screens/03e51247-3a6b-43a0-861b-5114e2d33ad8
43,Bear,043-Bear-07,40,6acc6826-07ff-447e-8dd0-2cd1e62bcca9.jpg,Trash — dark mode,https://refero.design/screens/a87a2e10-d1d5-448d-8206-c2a86b90facd
43,Bear,043-Bear-07,41,9fc12c09-5bce-4538-8bad-b2ac3250d7e7.jpg,Backlinks modal,https://refero.design/screens/a3aa6d94-2d86-4f47-b0d2-245c658147a7
43,Bear,043-Bear-07,42,e32c26e0-2d5b-43a5-9123-56636a86a004.jpg,Notes — selection mode,https://refero.design/screens/56b72f87-319f-421a-90b4-f0d65e184256
43,Bear,043-Bear-08,43,eac27c59-dcb6-4193-adf0-2ffc2d4f283c.jpg,Export selected note menu,https://refero.design/screens/d3eff359-ea55-458b-bbec-fa5cf2b19605
43,Bear,043-Bear-08,44,57f18d30-273b-4bee-ae06-ffba13a829c3.jpg,Notes — swipe delete,https://refero.design/screens/c8009b0b-602d-401a-b959-f306b8ba7551
43,Bear,043-Bear-08,45,0c8f29aa-7864-478e-a5d2-52db3851afd9.jpg,Notes list — timestamps,https://refero.design/screens/4f2f1a9a-57db-4126-8dfb-7efcd240d8cd
43,Bear,043-Bear-08,46,65a9f023-c38a-437c-8353-78795ed8752a.jpg,Help — edit and format,https://refero.design/screens/ed0b8cb1-42a3-4ef9-9ba5-5b267a99a304
43,Bear,043-Bear-08,47,2cf1a57b-a852-4289-8b31-62dc9e73b044.jpg,"Sidebar — dark, tags",https://refero.design/screens/95528ce6-8a2c-40ee-96e3-8dbdb5e52206
43,Bear,043-Bear-08,48,37392a3e-dce1-4418-acc6-24792713c208.jpg,"Sidebar — dark, Notes selected",https://refero.design/screens/b178de83-42a2-4889-b994-61a55ea8b7c5
43,Bear,043-Bear-09,49,0cd64e63-89bd-4156-a439-4056f5a7a726.jpg,Sidebar — active tag,https://refero.design/screens/a825c455-b090-4032-b8cd-0b6f1443bcd7
43,Bear,043-Bear-09,50,a3453b54-5ea7-4bee-b9f3-f6cba20792b0.jpg,Export formats menu,https://refero.design/screens/44188fb3-f204-402d-b074-df95bdb7bdde
43,Bear,043-Bear-09,51,56125919-1198-42d2-9073-c2b2f114843a.jpg,Note overflow menu,https://refero.design/screens/4975b88a-9aec-415d-9f83-805748cd8fab
43,Bear,043-Bear-09,52,b2358bc1-1dc1-437c-94c9-f0181cc9dd2c.jpg,Notes list — home,https://refero.design/screens/2d4f5df0-1181-4f01-8999-a9d87da107e9
43,Bear,043-Bear-09,53,58f6612b-59c0-4e0e-9e33-5b27369ef0fc.jpg,Notes list — pull to search,https://refero.design/screens/df6d928e-9613-4c23-9760-93db871c6b50
43,Bear,043-Bear-09,54,13130f2f-cf4c-4c83-a325-6c549a909fb4.jpg,Notes home — organize and search,https://refero.design/screens/2034ec8e-cf7a-44e0-9594-fee7c875c21e
43,Bear,043-Bear-10,55,b0a38bcf-98d4-42a1-8729-ebc843b22b26.jpg,"Tutorial — organize, search, customize",https://refero.design/screens/7fa98e41-ac98-482c-b055-360ab21280ad
43,Bear,043-Bear-10,56,d1a2b48d-4944-42ca-93bf-7e71ed7ff1c1.jpg,Search — empty state,https://refero.design/screens/3c6567e3-0382-4889-ba37-a16e62ef0f02
43,Bear,043-Bear-10,57,9c1e9d7f-cdb0-4132-9578-cf77ce62dd00.jpg,"Search — empty state, dark",https://refero.design/screens/4bfe86d7-21b8-463e-b047-41dec0435419
43,Bear,043-Bear-10,58,d84e872f-a811-424c-99ee-9ccc78203edc.jpg,Backlinks bottom sheet,https://refero.design/screens/96904ed1-7364-4ce0-951e-e68567bad75c
43,Bear,043-Bear-10,59,30b81087-80eb-4a63-aec6-ba1ed236e07f.jpg,Help — search,https://refero.design/screens/92dd5655-781a-4c78-a24c-10ad47ca5dda
43,Bear,043-Bear-10,60,73fac1d0-14ef-46b9-87de-e3a0ce35ddb9.jpg,Help — note info and navigation,https://refero.design/screens/9c0d1c88-5362-40ed-a211-854f5b3856bb
49,Flighty,049-Flighty-01,1,0624b5e9-bdc9-47de-aea5-ffb24b6d8976.jpg,,
49,Flighty,049-Flighty-01,2,126c7c3a-ad2b-4fce-a298-796ae5c22402.jpg,,
49,Flighty,049-Flighty-01,3,140c55ad-f4d8-4b6c-a46e-6e8e6f6fb210.jpg,,
49,Flighty,049-Flighty-01,4,1b43e03a-8429-46f7-9f22-ebbfa4aca070.jpg,,
49,Flighty,049-Flighty-01,5,1f069830-355b-4950-b41a-ebe3985e6db5.jpg,,
49,Flighty,049-Flighty-01,6,2679ac34-b6d3-4f0e-8deb-e5c0bf65f99b.jpg,,
49,Flighty,049-Flighty-02,7,2d8b6277-31df-4dea-a167-1c8aa4ab6259.jpg,,
49,Flighty,049-Flighty-02,8,33cfae12-65db-40db-8e86-c8943ac1879e.jpg,,
49,Flighty,049-Flighty-02,9,3a1b6912-35ae-49e1-bd28-a6e05a720fdf.jpg,,
49,Flighty,049-Flighty-02,10,3f8919a4-3cd6-4818-960a-8c70f1f8a0ec.jpg,,
49,Flighty,049-Flighty-02,11,402eb42a-3048-4eeb-8257-7cd2b6a5cf45.jpg,,
49,Flighty,049-Flighty-02,12,4187c406-195e-4c4b-88f6-39dbf27b78dc.jpg,,
49,Flighty,049-Flighty-03,13,440e3a05-c0b0-45ef-b478-ac715a536b69.jpg,,
49,Flighty,049-Flighty-03,14,46261fbf-98cb-4725-9e4b-a1d22f4c7a74.jpg,,
49,Flighty,049-Flighty-03,15,56ce3639-c2ba-4aa1-b21b-0e98bc799f88.jpg,,
49,Flighty,049-Flighty-03,16,580d4352-a4df-4511-95a1-9cfcfce7ddb7.jpg,,
49,Flighty,049-Flighty-03,17,5e8bb824-9948-4d4b-b8a3-c81eeff2e8f4.jpg,,
49,Flighty,049-Flighty-03,18,5ff3affb-1b43-441c-9cd6-be88d8ede728.jpg,,
49,Flighty,049-Flighty-04,19,6982e258-9070-47d5-b4ef-ed1b0054ca22.jpg,,
49,Flighty,049-Flighty-04,20,6cf9d23c-eee7-4a35-82b6-412cbd0cfd82.jpg,,
49,Flighty,049-Flighty-04,21,6ddb1a12-70c7-4613-839b-74e1684427ca.jpg,,
49,Flighty,049-Flighty-04,22,784fc5d3-cfec-422d-b077-47a03675ba20.jpg,,
49,Flighty,049-Flighty-04,23,7b02a207-a329-4b33-a4a7-f9948eb006bb.jpg,,
49,Flighty,049-Flighty-04,24,7e1e9973-d547-4258-87e8-f1ec08b744a2.jpg,,
49,Flighty,049-Flighty-05,25,80448a44-7ba1-4657-bf44-40770ce0048a.jpg,,
49,Flighty,049-Flighty-05,26,857b0423-f51b-4164-956e-7f81e2a9efac.jpg,,
49,Flighty,049-Flighty-05,27,862e2789-86c8-4cf2-9e76-eb6e68b2f535.jpg,,
49,Flighty,049-Flighty-05,28,8764a68a-9b71-47c4-b575-c2a6903aa203.jpg,,
49,Flighty,049-Flighty-05,29,87c4be31-bfe0-4088-b242-1f2f1d600a49.jpg,,
49,Flighty,049-Flighty-05,30,8921d8da-a5a8-44fb-a618-f575a54b0890.jpg,,
49,Flighty,049-Flighty-06,31,90a44223-8f12-41f6-8dbf-e9a22d425299.jpg,,
49,Flighty,049-Flighty-06,32,92ea6d1a-3c23-4b88-8e71-d4100dfd1250.jpg,,
49,Flighty,049-Flighty-06,33,9ba62d3e-b792-422c-a131-8f4353ed89bb.jpg,,
49,Flighty,049-Flighty-06,34,9edd7afb-acca-4183-a15c-7e6bdf542b97.jpg,,
49,Flighty,049-Flighty-06,35,a4700c56-c633-4500-8aa6-625ef6b9a0f3.jpg,,
49,Flighty,049-Flighty-06,36,a4a4e3da-5be5-48da-b3dc-e6794577fc78.jpg,,
49,Flighty,049-Flighty-07,37,af5d259c-0139-43c9-8c15-a930dd0e12ce.jpg,,
49,Flighty,049-Flighty-07,38,b35772be-c429-4a20-8a50-ca876f132d4c.jpg,,
49,Flighty,049-Flighty-07,39,b3decc0a-115d-46dd-ac06-48ea747bbee2.jpg,,
49,Flighty,049-Flighty-07,40,b5c33b30-0c90-4418-9daf-ad68dae0a5af.jpg,,
49,Flighty,049-Flighty-07,41,be76f889-5dd6-441f-b016-6c7cbb006d90.jpg,,
49,Flighty,049-Flighty-07,42,be7d9fd0-8f23-4349-88d1-2a8a6bc8ebfb.jpg,,
49,Flighty,049-Flighty-08,43,c51f88b2-e367-4a86-a39d-c5a973f5f652.jpg,,
49,Flighty,049-Flighty-08,44,c76ffadb-040e-4eb4-bc5f-8204f8c5b902.jpg,,
49,Flighty,049-Flighty-08,45,c8f15e7f-74bb-46a8-8d8d-48dcc7e1b12d.jpg,,
49,Flighty,049-Flighty-08,46,c9b548f0-1d0b-4088-96a2-44b769b2e2f4.jpg,,
49,Flighty,049-Flighty-08,47,d2db519c-110b-441b-8536-1b0bef1a1f96.jpg,,
49,Flighty,049-Flighty-08,48,d5bd8d5d-5ebb-4952-9573-4d866b1efe70.jpg,,
49,Flighty,049-Flighty-09,49,d9b169c7-faf6-493e-af78-c2ec76f855f9.jpg,,
49,Flighty,049-Flighty-09,50,dcb799bb-db90-4339-a3fe-c640b70cf023.jpg,,
49,Flighty,049-Flighty-09,51,dcd1fbc3-5752-4aa8-a7a9-24f5c78e56d3.jpg,,
49,Flighty,049-Flighty-09,52,dd3bb22c-7d4a-4930-a11d-88a0ac33ef4a.jpg,,
49,Flighty,049-Flighty-09,53,dfb90b96-81e7-4a11-a7ff-6242aef61b5b.jpg,,
49,Flighty,049-Flighty-09,54,e2753bd2-e5d8-4960-9585-80cf576da2c3.jpg,,
49,Flighty,049-Flighty-10,55,e59d1c40-e1aa-4f49-a665-a1824182bfb0.jpg,,
49,Flighty,049-Flighty-10,56,e872c5f2-7d46-4ca6-8997-2ddb002a0633.jpg,,
49,Flighty,049-Flighty-10,57,e8ca907f-47bd-4df5-b22b-463450050f28.jpg,,
49,Flighty,049-Flighty-10,58,f6b55d64-86b3-4369-9127-dcbfacab95cf.jpg,,
49,Flighty,049-Flighty-10,59,fa820aaa-991a-4318-ae7d-1060df284025.jpg,,
49,Flighty,049-Flighty-10,60,fc4a058f-bd33-41b4-a672-a1c65ca47018.jpg,,
53,Google Maps,053-Google Maps-01,1,ed8113fa-2039-4596-b45a-c36dd301a810.jpg,Map home — search and chips,https://refero.design/screens/a81f5cab-25b1-4ec3-86ff-4966909b51b5
53,Google Maps,053-Google Maps-01,2,ca589c29-652f-4bb5-8542-05917adc2040.jpg,Map home — search bar and pins,https://refero.design/screens/f8b84d08-14d4-4742-b005-cf700ffc1804
53,Google Maps,053-Google Maps-01,3,228209c7-a4ab-4c3c-904f-098dd14f63c4.jpg,Map home — sign-in tooltip,https://refero.design/screens/e1a85ad5-92e7-4c18-a4e6-42bfb8d836cd
53,Google Maps,053-Google Maps-01,4,a18c4cbc-7f7f-4a37-8ce7-83e88c17193b.jpg,Category chips — bottom sheet,https://refero.design/screens/0532813a-518a-4e63-8e8b-6795884389af
53,Google Maps,053-Google Maps-01,5,e02359ab-89f0-4c89-8289-33c3861d115e.jpg,Satellite view with filter chips,https://refero.design/screens/fa17c809-a644-4baf-b65d-611ee7ddc789
53,Google Maps,053-Google Maps-01,6,c8904e39-67fa-4fc4-a4de-009093686b52.jpg,Map type and details sheet,https://refero.design/screens/637ccba2-cf78-4191-98c2-b293bd77d364
53,Google Maps,053-Google Maps-02,7,c797dbc9-65cb-42bd-8815-d9c43c3db9ef.jpg,Transit map layer with chips,https://refero.design/screens/a490160b-0f95-457e-be97-df0f7463fcb8
53,Google Maps,053-Google Maps-02,8,d680be3d-c4ca-4c1e-9084-7d0f53c2338b.jpg,Transit lines map — dark,https://refero.design/screens/0ed60f9f-ee03-4b48-86ac-b9bcb9f85155
53,Google Maps,053-Google Maps-02,9,29430b4e-df47-4aef-aeac-45b9eb5e05e7.jpg,Wildfire incident map,https://refero.design/screens/77949116-2cf0-413b-a8fc-296b7d9d0364
53,Google Maps,053-Google Maps-02,10,1647291d-f319-4e42-8dff-0445b9423773.jpg,Home screen widget — ETA to Home,https://refero.design/screens/410ea752-d4a1-490f-993e-bdfcf6104870
53,Google Maps,053-Google Maps-02,11,cd7dd0a3-6dae-4792-b2c0-e04d900edee5.jpg,"Shortcut widget — Home, Work, Restaurants",https://refero.design/screens/bc8965e0-5b9c-4995-ac73-a388a96a1f97
53,Google Maps,053-Google Maps-02,12,19a57b2d-3ed9-40bf-8240-6fb1c3dbea76.jpg,Choose destination — dark search,https://refero.design/screens/0e0d56af-73ed-4528-9b2b-45875f821192
53,Google Maps,053-Google Maps-03,13,ea7e67a8-c4e3-49d9-92d6-8484f5c9a0e3.jpg,Choose place — nearby list,https://refero.design/screens/73f5694f-c550-4af2-b3fb-2855ff26e044
53,Google Maps,053-Google Maps-03,14,f783c8d9-81ae-4bb3-9909-02cd3b1b641b.jpg,"Restaurants search — dark, filter bar",https://refero.design/screens/e710f73b-e027-4f38-9605-fea93c773ba9
53,Google Maps,053-Google Maps-03,15,fdab7969-a0e0-48a2-96aa-39d95f6c5cf4.jpg,Categories list,https://refero.design/screens/e329537c-b937-4487-add6-b50f1dcb91cf
53,Google Maps,053-Google Maps-03,16,0a704cb4-28d7-4893-8b78-a43ccc2c52f2.jpg,Place page — overview and photos,https://refero.design/screens/6a9ecd2d-aa58-49a2-8325-d75f5be90b93
53,Google Maps,053-Google Maps-03,17,208fa389-2afd-4131-ab4d-95bc20ab00fb.jpg,Place sheet — photo hero and map,https://refero.design/screens/87ae72ae-bdcd-47bd-aec7-da838fbdb52a
53,Google Maps,053-Google Maps-03,18,33948747-d11f-4051-90d6-eb9d5a3727da.jpg,Selected place — info panel,https://refero.design/screens/98f02442-d5fa-434a-bc56-c5ae4b0351bf
53,Google Maps,053-Google Maps-04,19,8fbf7cca-b817-4d37-80ec-0851c9f3935f.jpg,Private place — bottom sheet,https://refero.design/screens/e2a89712-e762-4fe6-b3fb-edeb1568fe05
53,Google Maps,053-Google Maps-04,20,ccf4eb5a-586a-45f5-8b60-4ebd97ee2e7d.jpg,Map with saved place sheet,https://refero.design/screens/b73c10d2-16ff-4ac6-be71-6f7da1298d1c
53,Google Maps,053-Google Maps-04,21,8e7197fa-c4e2-4867-aeb8-9a39eca9e56c.jpg,Dark map — places sheet,https://refero.design/screens/5faec16d-f559-4492-be47-0449230acefd
53,Google Maps,053-Google Maps-04,22,962cb95f-9458-4038-8dd5-4705b8a04077.jpg,Place photo overlay card,https://refero.design/screens/a2a41c70-1923-4713-b0a9-27882653706a
53,Google Maps,053-Google Maps-04,23,103f0a03-0054-495d-b813-1740b6d9c2e3.jpg,Museum overview — tabs,https://refero.design/screens/8a60caf9-c239-49ae-b8d4-a3ebe12109d3
53,Google Maps,053-Google Maps-04,24,8b56dd62-7e52-45cd-bbac-3957bb7e265f.jpg,Museum — transit nearby,https://refero.design/screens/2785564f-1a14-413f-afc8-6f08296baf05
53,Google Maps,053-Google Maps-05,25,0318c4ec-e35b-4928-857a-a51ff11c04ea.jpg,Reviews tab — topic filter tags,https://refero.design/screens/70611126-ab83-4220-b9f0-ab99bcc5d1ae
53,Google Maps,053-Google Maps-05,26,9c2a9192-34cd-45b8-bbb2-0411c93f3818.jpg,Place — your review,https://refero.design/screens/109b7a4b-d125-4cfb-a4ac-0e234aac826f
53,Google Maps,053-Google Maps-05,27,9ef12dff-4d65-4f4b-99fe-860d87196ef1.jpg,Write a review — dark,https://refero.design/screens/cd3c5478-8015-4927-8f9a-d1dfb06319f3
53,Google Maps,053-Google Maps-05,28,99b6296c-d92d-48a9-9658-d8acb9dbc6d3.jpg,Contribution success — confetti,https://refero.design/screens/a90e4fbf-5d25-41d4-ae56-ae74b4509531
53,Google Maps,053-Google Maps-05,29,25c09a3c-170e-4149-b4ec-1de4e3d267bb.jpg,Contribute — empty state,https://refero.design/screens/f34a6678-64e4-4a5c-b59d-945c68ea3b88
53,Google Maps,053-Google Maps-05,30,ad58dcc9-b8e2-4124-8442-1ca5c4ba95a6.jpg,My reviews list — profile stats,https://refero.design/screens/680d4722-2c63-4854-8f29-a28ffcdcbca3
53,Google Maps,053-Google Maps-06,31,bd214fb3-33ab-4c5c-877a-5d310b7a5ba4.jpg,Saved — lists overview,https://refero.design/screens/7d12720e-6049-481a-90e2-9ec0c9bd5666
53,Google Maps,053-Google Maps-06,32,d3f21fc0-5f71-4dca-83d2-4cd9ff38564e.jpg,"Saved — dark, place carousel",https://refero.design/screens/d08cea1e-8efb-401f-ab3a-a28f55c91b48
53,Google Maps,053-Google Maps-06,33,446615e5-a654-4d78-9845-e7cebbf45b6a.jpg,Saved — new list action sheet,https://refero.design/screens/a366452a-4595-4ff0-8ff3-85d60e5935eb
53,Google Maps,053-Google Maps-06,34,897ad259-d2a4-43a5-9f8b-22cfc04e8883.jpg,Labeled places list,https://refero.design/screens/f2f22ece-dfdf-4d7c-8f93-0a6caabfabd4
53,Google Maps,053-Google Maps-06,35,b961c5f0-8d8e-4ad8-a3c9-adc3a7b4c3f4.jpg,Labeled locations — bottom sheet,https://refero.design/screens/b5ee8121-60a2-49ff-a8ef-3d7755937958
53,Google Maps,053-Google Maps-06,36,9b74733c-b34e-45d9-96c1-bd8cd3df0ed0.jpg,Maps list — saved map,https://refero.design/screens/86b44f39-9376-472c-93e7-6e05826d4213
53,Google Maps,053-Google Maps-07,37,d2e7fcf5-8b3c-4810-807e-fe9611e6d81e.jpg,Untitled map — share actions,https://refero.design/screens/432638a3-e8ee-4b85-a426-7a37413657e9
53,Google Maps,053-Google Maps-07,38,dd58df8f-3ba7-4ea6-90ae-a1981b9d88bc.jpg,Select people — dark share,https://refero.design/screens/3af2286f-ecbc-470c-8730-59acb066c9f3
53,Google Maps,053-Google Maps-07,39,17673d82-e38f-41a2-9000-594fcb60baab.jpg,Edit home address,https://refero.design/screens/1556155c-4e47-446b-8878-611e10026633
53,Google Maps,053-Google Maps-07,40,95d75437-7e25-4d1b-88af-b0228ab3c924.jpg,Timeline — Day tab,https://refero.design/screens/a8ef20a4-3936-4810-a647-f901b3b1c847
53,Google Maps,053-Google Maps-07,41,967de33c-81ed-4dcc-824a-e579db4e5e1f.jpg,Directions — cycling route,https://refero.design/screens/51b8ee35-d3ec-4e20-a04c-d7a15b82bda5
53,Google Maps,053-Google Maps-07,42,59ff816e-2622-42bb-9384-e10e58be5eab.jpg,Directions — transit options,https://refero.design/screens/7a97db7c-cdd8-4126-bd1c-a76b6bde54ea
53,Google Maps,053-Google Maps-08,43,cf5cef5e-9ec7-45e5-aa56-6fefe2009634.jpg,Route — transport modes and times,https://refero.design/screens/ebfbcc15-f696-421e-8c82-81363a2a88db
53,Google Maps,053-Google Maps-08,44,f455f67a-5725-4cf3-8a47-80d2828af320.jpg,Route A to B — car,https://refero.design/screens/23a9701d-89ef-41b6-a540-ba524899b6eb
53,Google Maps,053-Google Maps-08,45,75165731-ff25-4668-8f3f-aba895f274d1.jpg,Directions — multiple stops,https://refero.design/screens/1ea8c7ed-b19b-4cb5-a3b4-538e939f20d3
53,Google Maps,053-Google Maps-08,46,247e7f4d-a6ec-4988-9ce9-cec49433079a.jpg,Directions — stops list,https://refero.design/screens/721542a2-bcf7-4326-be9f-2d4595426947
53,Google Maps,053-Google Maps-08,47,6fb7327b-9187-4df6-a7e8-7eb40c76b5bb.jpg,Directions — loading skeleton,https://refero.design/screens/cc9923c5-d968-4a70-a63a-ace18472c496
53,Google Maps,053-Google Maps-08,48,38a0ac16-882f-4a4c-88dc-283c846a3623.jpg,Depart at — time picker sheet,https://refero.design/screens/9a040e4c-bc9e-4bb2-85ac-4209d626ef29
53,Google Maps,053-Google Maps-09,49,b08df753-6c22-4d8a-9273-550586da3b18.jpg,Trip options — settings,https://refero.design/screens/5a0b14f4-b60c-4569-aa52-fa4964f70597
53,Google Maps,053-Google Maps-09,50,f603e0ae-5e38-4db7-b823-639dcf7e04c4.jpg,Route preview map,https://refero.design/screens/4fda1ad6-634f-4fa8-add7-8ba20d34995f
53,Google Maps,053-Google Maps-09,51,c1786ddb-b383-496f-a30b-f4b32ea06a6f.jpg,Walking route map,https://refero.design/screens/ec81bf89-67f9-45ce-8a3e-f833cdf1b4f3
53,Google Maps,053-Google Maps-09,52,14c50220-5b07-4d20-b7ed-ef0ae3c71012.jpg,Directions — step-by-step list,https://refero.design/screens/d8fc3b08-389b-4d3b-a8ea-b17178ac475d
53,Google Maps,053-Google Maps-09,53,4512e245-ccff-4c3e-9dbd-6eadb9a1a813.jpg,Route steps — fastest route summary,https://refero.design/screens/84051ee8-573a-4a69-9313-dda713a68f1b
53,Google Maps,053-Google Maps-09,54,7d6634db-22e6-4017-a4eb-f72567288bc9.jpg,Navigation — active guidance,https://refero.design/screens/74062fe4-e317-482a-9768-acfdba3eb3af
53,Google Maps,053-Google Maps-10,55,2fbf224a-d8ed-4c0c-8f55-e0d5f99225ba.jpg,Navigation — dark turn banner,https://refero.design/screens/eb08ba15-810e-4df2-904b-09c76e5e0ada
53,Google Maps,053-Google Maps-10,56,b42b1227-def7-4bb6-874a-8c9322e81890.jpg,Navigation — dark map guidance,https://refero.design/screens/57d77d7f-a8da-47cc-a019-e57702852427
53,Google Maps,053-Google Maps-10,57,0968f3b4-6146-4be4-9e6e-1a79890e6dac.jpg,Navigation — traffic map with toggle,https://refero.design/screens/591a6b04-c7da-4a30-9de4-035327c36be4
53,Google Maps,053-Google Maps-10,58,3d15dcfd-a922-48fd-a04c-900c068307fd.jpg,Offline map download progress,https://refero.design/screens/8abddb54-2d5e-43b1-8809-29ce38a389bc
53,Google Maps,053-Google Maps-10,59,b309e929-0566-4f64-8165-d45840c14e6c.jpg,Account menu,https://refero.design/screens/c494d2d2-a675-42a8-9a4a-ced706af011f
53,Google Maps,053-Google Maps-10,60,a93ff889-6851-4582-b04e-d9e2610a589d.jpg,Account menu — dark,https://refero.design/screens/985bd871-94be-4474-9c48-0ce65ee8ecb1
56,CARROT Weather,056-CARROT Weather-01,1,c603892f-8dfc-4087-a7fa-5deb7acbd4e2.jpg,Home — Manhattan blue current card,https://refero.design/screens/e0ab2722-f205-4e1b-ae84-f987d652494a
56,CARROT Weather,056-CARROT Weather-01,2,990d6901-4305-4628-8d1e-b9eeee883f1b.jpg,Home — bright forecast with hourly strip,https://refero.design/screens/dc70e945-e683-4f65-9a7c-90bf105efc43
56,CARROT Weather,056-CARROT Weather-01,3,b957ed4d-ecc6-49c3-b50f-af134c35ce9c.jpg,Home (dark) — blue card and hourly,https://refero.design/screens/71c63014-c92b-4a1f-91dc-bc899f4ea5ce
56,CARROT Weather,056-CARROT Weather-01,4,645c1dd0-06f8-4af1-a681-472561289512.jpg,Home (dark) — Manhattan carousel dashboard,https://refero.design/screens/17f43fe9-9e18-409a-8470-3536c901a769
56,CARROT Weather,056-CARROT Weather-01,5,4d517abf-2107-4e31-b185-49bfa6eaebe9.jpg,Home (light) — forecast list,https://refero.design/screens/a231fa2e-621b-4fc8-9615-623c6ce7ade6
56,CARROT Weather,056-CARROT Weather-01,6,c25ef4a6-fb00-48de-99ca-79d786d7a4d5.jpg,"Home — night theme, purple hills",https://refero.design/screens/c07fdade-eda8-4de7-bf2b-be72444d44b3
56,CARROT Weather,056-CARROT Weather-02,7,771b7eda-6229-4690-88ca-fb969cd0553e.jpg,Home — night sky with moon,https://refero.design/screens/addf1ed3-def2-4efa-94de-d450a41341c5
56,CARROT Weather,056-CARROT Weather-02,8,1b9b4893-b610-400a-a5ca-3a001d8627db.jpg,Night forecast — alert modal,https://refero.design/screens/45ca565c-ba13-4fec-84a4-d6e1eb157124
56,CARROT Weather,056-CARROT Weather-02,9,2a8789ca-0016-4734-afb2-91ea3927122a.jpg,Multi-day forecast list,https://refero.design/screens/5511442a-37c0-4aa5-a3a7-ee1fabf257eb
56,CARROT Weather,056-CARROT Weather-02,10,b7978760-8a62-42fd-8bec-37fe66d299d7.jpg,Daily forecast — details,https://refero.design/screens/5d8586be-9e50-4470-828a-5faa74fda1fb
56,CARROT Weather,056-CARROT Weather-02,11,97a74e6e-6230-4683-bb34-1b6a03c49431.jpg,Temperature — day chart,https://refero.design/screens/b0dddc7d-0867-4fad-97b7-84b078e3e26b
56,CARROT Weather,056-CARROT Weather-02,12,1e4086ff-0ef0-445f-a833-82a77783f21f.jpg,Temperature (dark) — day chart,https://refero.design/screens/a2ae3a48-fa8f-4cee-90dd-481777a4c16a
56,CARROT Weather,056-CARROT Weather-03,13,749143f6-5fbe-4883-b963-a466f18507ec.jpg,Wind speed — gust chart,https://refero.design/screens/f21414b3-3d3f-4e7a-bedc-ef832076540b
56,CARROT Weather,056-CARROT Weather-03,14,52ae1e27-ba2c-4f39-8efc-fd827c0ac212.jpg,Wind speed (dark) — chart,https://refero.design/screens/540e11f6-8328-484b-9625-659e435290e9
56,CARROT Weather,056-CARROT Weather-03,15,42db591f-a2f7-4673-8ffa-d324eb746f73.jpg,Dew point — chart,https://refero.design/screens/3b4e4127-d48e-4d0c-ab91-51c4527eb75c
56,CARROT Weather,056-CARROT Weather-03,16,574ee421-2889-48bb-ac6c-2333cb65b04e.jpg,Dew point (dark) — chart,https://refero.design/screens/38bddd23-12ca-4586-916f-cee59a8a6818
56,CARROT Weather,056-CARROT Weather-03,17,832a01a1-baf1-4354-8da3-f8f33a04e090.jpg,Precipitation chance — chart,https://refero.design/screens/e4acc750-1c6e-4cfe-b5cb-7e1c3848825d
56,CARROT Weather,056-CARROT Weather-03,18,db534c4c-a68c-422b-99d3-4fda0501d35c.jpg,Humidity — chart,https://refero.design/screens/3e2b71b4-c19f-499b-9c2f-ea8cb5d795eb
56,CARROT Weather,056-CARROT Weather-04,19,83a7b06b-0afa-428f-a6d8-6976a95e3f7a.jpg,Map — Next-Hour Radar,https://refero.design/screens/4bd4a0a6-18f0-4b1c-a680-2f694edfabc7
56,CARROT Weather,056-CARROT Weather-04,20,83c053cf-fb3d-41ff-bccc-3d2065d73e79.jpg,Map — radar mode dropdown,https://refero.design/screens/cd99850d-e21f-4896-abc4-b29bdb092eec
56,CARROT Weather,056-CARROT Weather-04,21,5c85b700-6133-4cd3-b684-b0263701610a.jpg,Map — radar premium alert,https://refero.design/screens/3cbbdf49-008f-4e55-b8a2-25dafdec6e78
56,CARROT Weather,056-CARROT Weather-04,22,2ae77dc5-f749-46e5-b9c5-f891883a29cb.jpg,Map (dark) — radar mode dropdown,https://refero.design/screens/25e03de1-7fd0-4c55-853c-aecfb5f4fa43
56,CARROT Weather,056-CARROT Weather-04,23,ce0c3910-f943-4d7e-8b75-4408cfd0a08e.jpg,Map — Half-Day Forecast,https://refero.design/screens/cf2a7f3e-7efb-4ea9-8bfc-24d5eaeb0dc8
56,CARROT Weather,056-CARROT Weather-04,24,3038f663-ea36-4f76-b44e-586c1eb738cd.jpg,Map — half-day precipitation overlay,https://refero.design/screens/52cc6d12-f1b7-4e71-b70e-57e99d75b22b
56,CARROT Weather,056-CARROT Weather-05,25,9bd6a009-3300-41cb-b6c7-0aebe6654e0e.jpg,Map — Multi-Day Forecast,https://refero.design/screens/be31a9f8-164a-4c4a-9589-ad9c59b9909f
56,CARROT Weather,056-CARROT Weather-05,26,a3597834-0269-4e6b-89a5-94535c674a2b.jpg,Map (dark) — multi-day globe,https://refero.design/screens/ecf007fe-2673-4577-af5e-707dc751f333
56,CARROT Weather,056-CARROT Weather-05,27,10837f8d-e420-4a3b-a758-e5955400600e.jpg,Map — Weather Stations,https://refero.design/screens/41a0ef19-4259-469a-8363-f83fb8231567
56,CARROT Weather,056-CARROT Weather-05,28,d0dbc508-2b71-4666-9c80-3284a473a48e.jpg,Locations — list with search,https://refero.design/screens/0bd50e85-5c03-423a-92af-2fc2f492c1ae
56,CARROT Weather,056-CARROT Weather-05,29,666415d1-5f93-43b3-93ee-277b632b2835.jpg,Locations (dark) — list with search,https://refero.design/screens/3c844e8b-2668-4c0b-a889-e391b72b852f
56,CARROT Weather,056-CARROT Weather-05,30,6759a06f-cff4-4071-890c-4b769ad830ac.jpg,Locations — New York card,https://refero.design/screens/f7752854-40e4-4d2d-a2bd-e74006f0acb1
56,CARROT Weather,056-CARROT Weather-06,31,9e2b47c9-bcc1-478b-85d5-b7754ad1ad0d.jpg,Widget — small temperature,https://refero.design/screens/e8b85ecb-7eea-43a3-9bcf-dd914f4bd1b9
56,CARROT Weather,056-CARROT Weather-06,32,5d322a1f-4899-4b6b-a0ff-6df6d487921e.jpg,Widget — medium 76° Manhattan,https://refero.design/screens/8bb52212-6e41-46d1-ba18-522c139ddb0c
56,CARROT Weather,056-CARROT Weather-06,33,84ac6b92-7874-4fe1-8382-d1f3927171a5.jpg,Widget — hourly forecast strip,https://refero.design/screens/38a0cc91-1ca5-428c-9014-0a6345b125db
56,CARROT Weather,056-CARROT Weather-06,34,4f5969f8-5554-4841-938b-bd786926a642.jpg,Widget — white sunny card,https://refero.design/screens/d2bafcd8-25d1-45a1-beb4-c62a0ddf9bce
56,CARROT Weather,056-CARROT Weather-06,35,febbe673-c414-4d9e-a920-e6f8834cd3f9.jpg,Widget (dark) — NY forecast,https://refero.design/screens/b07e30ec-65ed-41a2-8486-a614b3ec0e5b
56,CARROT Weather,056-CARROT Weather-06,36,a497c47c-90c8-4346-81e5-c6ca727de9f8.jpg,"Widget — UV, humidity, dew point",https://refero.design/screens/de6f329a-3559-4d59-9c10-5b5f6b3adc6f
56,CARROT Weather,056-CARROT Weather-07,37,3f0e767e-fb82-454b-867c-d8984217b89a.jpg,Share sheet — widget preview,https://refero.design/screens/46cb3373-7e6f-49cc-bd97-2914c874b981
56,CARROT Weather,056-CARROT Weather-07,38,880ca186-8dd9-42c0-8996-76e7420300a0.jpg,Widgets — lock screen how-to,https://refero.design/screens/b9c05d77-142b-4a65-8418-36e815eba46d
56,CARROT Weather,056-CARROT Weather-07,39,70ceeebb-5da6-44f5-9e9c-6977287f8de4.jpg,Sheet — Insert Section,https://refero.design/screens/0072c0f8-5c05-4a36-831d-c828f069e164
56,CARROT Weather,056-CARROT Weather-07,40,7bd58f40-e735-4e0c-ab7c-1e3343bd7eff.jpg,Settings — Weather Alerts,https://refero.design/screens/9418e550-8ff7-4eb6-9fda-a97c4707bbf9
56,CARROT Weather,056-CARROT Weather-07,41,d3bf560f-e1f2-4a44-8ee1-79336ac1904c.jpg,Weather Alerts — permission modal,https://refero.design/screens/4ea7e3cb-7b64-4fac-bf24-d529742c536e
56,CARROT Weather,056-CARROT Weather-07,42,ce381bdb-9768-49fc-9e7b-dc5364e9b552.jpg,Settings (dark) — Weather Alerts,https://refero.design/screens/db708123-a9af-4e8d-b2ce-d88ab5567d91
56,CARROT Weather,056-CARROT Weather-08,43,6b9e42ae-7db9-4a1d-b739-0894864fdd4c.jpg,Alert — empty state (dark),https://refero.design/screens/87930440-9bd1-4801-907f-a1fe868e3510
56,CARROT Weather,056-CARROT Weather-08,44,ad882f87-5ea5-4f95-87a9-24ab2a5d96b2.jpg,Settings (dark) — Layout: Classic,https://refero.design/screens/61987ce0-d56a-410f-bcc5-f44ceb201550
56,CARROT Weather,056-CARROT Weather-08,45,335c4b80-397b-4eff-9dcb-bf7f22f44cbf.jpg,Settings — Layout: Classic,https://refero.design/screens/3006b3f3-7b8b-41de-8fc7-98c8e29e4ea0
56,CARROT Weather,056-CARROT Weather-08,46,96490929-124f-4c7f-8cdc-24b5e8ad799f.jpg,Settings — Current Observations,https://refero.design/screens/03e90817-b227-4c84-bde6-3b0db4aaa991
56,CARROT Weather,056-CARROT Weather-08,47,23eb535e-724f-4b2f-a24f-807115797207.jpg,Settings — Hourly Forecast,https://refero.design/screens/a1584779-105d-44bf-b0ed-a5340e6cbabd
56,CARROT Weather,056-CARROT Weather-08,48,1ac9a707-43cf-4055-8173-d9c6863aaa13.jpg,Settings — Units,https://refero.design/screens/aad4d7dc-1c9a-43d4-9d30-993170c9fccf
56,CARROT Weather,056-CARROT Weather-09,49,2f05f59e-9c8e-4591-aa3d-11cad68e18eb.jpg,Settings — Siri Shortcuts,https://refero.design/screens/ff13d310-1455-48c8-933c-ec9d61000896
56,CARROT Weather,056-CARROT Weather-09,50,74c28be1-b5db-42b1-8603-375dbb02a2a7.jpg,Settings — App Icon picker,https://refero.design/screens/bf791c70-8bc1-44c4-8ae6-ea4e063546c5
56,CARROT Weather,056-CARROT Weather-09,51,ca3452ca-3e0d-424c-a839-7870a092387a.jpg,Achievements list (dark),https://refero.design/screens/6b29509d-38b7-402c-9a64-d8a43547f5ad
56,CARROT Weather,056-CARROT Weather-09,52,171ce65d-0835-41f3-9e66-7c1bd6f9a32f.jpg,Splash — CARROT Weather intro,https://refero.design/screens/1ba7bfb1-062f-4b87-a287-26c48070f8cc
56,CARROT Weather,056-CARROT Weather-09,53,94940d7d-e4f8-4acf-82c5-0ce10bc36958.jpg,Onboarding — welcome greeting,https://refero.design/screens/f11e9f8c-490f-4e3d-983b-bb51926597c7
56,CARROT Weather,056-CARROT Weather-09,54,c615abf6-eb05-447e-907e-fcdbd0584976.jpg,Onboarding — 1/4 Introduction,https://refero.design/screens/84c09664-8dba-4d24-8499-3a44abb48dba
56,CARROT Weather,056-CARROT Weather-10,55,7aa5b630-c56b-4a6e-9d71-dca2e922a3af.jpg,Onboarding — 3/4 Look Ahead,https://refero.design/screens/1d082c1b-1bfc-42c9-a63c-f4087a43a9c2
56,CARROT Weather,056-CARROT Weather-10,56,91f413bb-471a-496d-9995-d3df19c63fb9.jpg,Onboarding — 4/4 Outro,https://refero.design/screens/bbbb60a0-5127-40cb-8863-ab20cb85dbed
56,CARROT Weather,056-CARROT Weather-10,57,2755b484-76b3-4fd3-8720-aae56ea5c3cd.jpg,Personality picker — sliders,https://refero.design/screens/6bfaa631-49d1-4b1f-8902-484b644e549f
56,CARROT Weather,056-CARROT Weather-10,58,4d612350-cd56-4b58-b86f-aeb91ae4f378.jpg,Personality picker (dark),https://refero.design/screens/a94356f1-bb5a-4020-8d09-ca95cfddccc9
56,CARROT Weather,056-CARROT Weather-10,59,791e0d59-a3e2-4311-8bc6-f409d1a8f0bb.jpg,About — Walkthrough,https://refero.design/screens/37589f9e-7fcd-4662-9bd3-ba23baefe7ec
56,CARROT Weather,056-CARROT Weather-10,60,3725592a-d917-478b-876d-9e1d2ae3de30.jpg,About — Walkthrough (dark),https://refero.design/screens/72453746-fdac-41db-afc1-fb4bb251c4ba
57,Nike Training Club,057-Nike Training Club-01,1,0f197956-1b26-45e6-85b8-40ebf22a2ef7.jpg,Launch — NTC logo,https://refero.design/screens/4fa8c958-3bd1-4df3-a74d-e475081f721c
57,Nike Training Club,057-Nike Training Club-01,2,0b7ddef7-920a-4391-8bee-ac1ef682b003.jpg,Welcome — Your space for wellness,https://refero.design/screens/cd21b1e5-5e9a-4f47-8e24-49911b9f6cba
57,Nike Training Club,057-Nike Training Club-01,3,11042fcb-44a2-468a-b4c7-58799bae7d86.jpg,Sign in — system permission alert,https://refero.design/screens/9ed22224-42f0-44d0-b9c1-443c9887f079
57,Nike Training Club,057-Nike Training Club-01,4,fdf45d26-ede9-43e1-830d-72679ccaf02b.jpg,Intro video with Skip,https://refero.design/screens/80ab0cb9-8eda-42d7-a2c5-822b7a6ac883
57,Nike Training Club,057-Nike Training Club-01,5,e6cebe5a-9f99-4f5e-b1ef-b461cb4c64ec.jpg,"Account setup — Welcome, you're in",https://refero.design/screens/a5e49438-97e2-47b1-8dc7-e0b96d892612
57,Nike Training Club,057-Nike Training Club-01,6,0c5daa42-1a56-4008-867c-861c82ed8289.jpg,Setup — tailor gear recommendations 1/2,https://refero.design/screens/3f7c7044-b1b8-43b1-be63-8796681ce3d9
57,Nike Training Club,057-Nike Training Club-02,7,25a0428a-9f78-4896-a907-b83067e05ff2.jpg,Setup — tailor gear (intro),https://refero.design/screens/ff004248-4f11-48a1-952d-18ad6bd0be88
57,Nike Training Club,057-Nike Training Club-02,8,0f09b155-52a5-470e-8269-dff597b6e555.jpg,Setup — weekly workout frequency 2/2,https://refero.design/screens/067be17b-4457-4b00-9e36-ab2fcb0b6026
57,Nike Training Club,057-Nike Training Club-02,9,f1fdd81e-c747-4e2b-bf14-5eef9d2a4b4c.jpg,Permission — Apple Health,https://refero.design/screens/ab70fb27-150c-4e8f-ad57-9a731eb64461
57,Nike Training Club,057-Nike Training Club-02,10,a8350210-2f3a-4303-9457-35051ce2277f.jpg,Permission — notifications alert,https://refero.design/screens/bc18e129-5516-45e1-9636-339ee6654b08
57,Nike Training Club,057-Nike Training Club-02,11,c0672946-80fd-4615-b3df-ad4f56c96ab6.jpg,Find Friends — contacts permission,https://refero.design/screens/78e6c284-6fb6-491b-95e3-c6d0bcdfaafa
57,Nike Training Club,057-Nike Training Club-02,12,93b340bc-ae19-467c-8763-dc9cf0359449.jpg,Home — What's New,https://refero.design/screens/6d5cbabd-60c4-48cb-84d2-5bccb688b15e
57,Nike Training Club,057-Nike Training Club-03,13,3d98799f-02f8-4096-a6e1-bdcc4a41a977.jpg,Home — greeting and avatar,https://refero.design/screens/fadadc11-5795-4ac8-a148-9bc526450b4f
57,Nike Training Club,057-Nike Training Club-03,14,26682cde-5b0a-4df0-850d-9e8ec1a80a5d.jpg,Home — hero with View All,https://refero.design/screens/9f97b67e-6d8d-4d4a-97f7-dbe8bd1cc9f4
57,Nike Training Club,057-Nike Training Club-03,15,7d1ae621-ab67-40bc-a461-e72d7e8ddb56.jpg,Home — Community Activity,https://refero.design/screens/9cba05bb-0573-4f7e-9a5a-cee45c9d4abf
57,Nike Training Club,057-Nike Training Club-03,16,a45a21c9-fe4f-45f6-a5e9-eb64b459b110.jpg,Workouts — For You tabs,https://refero.design/screens/ed94861d-9a97-4fda-ae3c-b660039f5f77
57,Nike Training Club,057-Nike Training Club-03,17,f2883ecb-f181-44fc-9a4d-470943b02b48.jpg,Browse By — Full Equipment tab,https://refero.design/screens/25d4095e-9218-4996-abc3-0dc9c18d48e7
57,Nike Training Club,057-Nike Training Club-03,18,427d070b-50a5-40b2-bd18-5001ea0a861b.jpg,Browse By — Full Equipment list,https://refero.design/screens/ecd50d7b-5526-4ebb-a5fd-7d35b2f95d94
57,Nike Training Club,057-Nike Training Club-04,19,fc27aa4a-7496-4ee8-a311-e7228956edd0.jpg,Browse By — Basic Equipment tab,https://refero.design/screens/a9a61e3d-d963-4f0c-96b2-d6f98f9c6a07
57,Nike Training Club,057-Nike Training Club-04,20,20950da3-e34a-4318-9c41-116a491f6241.jpg,Browse By — empty state,https://refero.design/screens/ccc975e4-b7ac-40c0-a0e6-e1d25aa3b3f7
57,Nike Training Club,057-Nike Training Club-04,21,6b64df68-d6cf-4bad-989b-011aa86c08f2.jpg,Browse other programs — cards,https://refero.design/screens/a25b26e5-c54b-4f10-a696-9223205b2da8
57,Nike Training Club,057-Nike Training Club-04,22,5f0b5293-58ec-4e24-98f6-02d7581a8e7f.jpg,Search — image tiles with keyboard,https://refero.design/screens/4da31f79-8c28-4c2d-a4d1-885b541c9794
57,Nike Training Club,057-Nike Training Club-04,23,f78d5b7f-d1b0-42f1-b793-96b9e9fc7449.jpg,Program overview — Watch Trailer,https://refero.design/screens/7d0eb394-aba2-4439-ac0e-19a1e457a307
57,Nike Training Club,057-Nike Training Club-04,24,3bac638f-9678-461d-bd38-9e9a05ed9a30.jpg,Program stages — Stage 1 and 2,https://refero.design/screens/d610ee09-cffa-452e-ad05-ab50eb1a814f
57,Nike Training Club,057-Nike Training Club-05,25,88a10c96-05bc-4200-a259-6564ddc6cc72.jpg,Program stages 2-4 (dark text),https://refero.design/screens/5e13e562-aeb1-4ca8-8cd9-9a6339719524
57,Nike Training Club,057-Nike Training Club-05,26,6d35b2a9-634e-45e5-862b-e42b2b0a6dc8.jpg,Program intro — dark carousel,https://refero.design/screens/66d6eb4e-08e0-4d09-9152-b2d4b0925822
57,Nike Training Club,057-Nike Training Club-05,27,854da2b1-4834-4a1a-8332-1e91df68e82f.jpg,Program — video list Upper and Core 1,https://refero.design/screens/dd2b5c1c-ceef-4ccf-96d9-e31d21acd9c7
57,Nike Training Club,057-Nike Training Club-05,28,ce889869-18be-4e76-ae3d-669f77a51311.jpg,Workout detail — Super Upper Body Strength,https://refero.design/screens/9f4974a2-732c-4c03-ba5d-1d21bebf49d5
57,Nike Training Club,057-Nike Training Club-05,29,f098f568-231a-4f69-ad92-65141018f282.jpg,Workout detail — Balancing Bears,https://refero.design/screens/c20a1b67-1866-478f-88b0-5eb28022fc3b
57,Nike Training Club,057-Nike Training Club-05,30,3941977a-79cc-4ab4-ad4f-2c31e46b9ecc.jpg,Workout hero — Super Upper Body Strength,https://refero.design/screens/820c1ef5-6713-4c51-8932-bb967ef6508f
57,Nike Training Club,057-Nike Training Club-06,31,0985407c-08c5-4c34-8d09-426f341f81dc.jpg,Workout session — Quick Core Crush,https://refero.design/screens/6bb2e95e-98c3-4af2-8c98-45129c6e4724
57,Nike Training Club,057-Nike Training Club-06,32,d8f0221c-453f-4fb4-b54b-526722da5597.jpg,Workout timer — exercise list (dark),https://refero.design/screens/4b451631-3c84-4f02-bfce-ad24048c6bdb
57,Nike Training Club,057-Nike Training Club-06,33,20bfa39d-369b-4774-8c09-0999d5e18a46.jpg,Workout timer — warm-up card,https://refero.design/screens/8978915e-7b86-4c0a-887f-6d3b2561c27a
57,Nike Training Club,057-Nike Training Club-06,34,a76f20ce-76db-42bd-ae64-aee82d454202.jpg,Workout video — timer overlay,https://refero.design/screens/36cc94f0-5dd6-4023-ba55-903d5c2eeec1
57,Nike Training Club,057-Nike Training Club-06,35,4eedbb8a-8307-452e-bfc9-90b2035c53d7.jpg,Timer — Warm-Up segment,https://refero.design/screens/04cdc032-1b8b-4fa5-9e51-4db1ef7d2615
57,Nike Training Club,057-Nike Training Club-06,36,52e458e2-2ce8-4417-82ec-f702d7f183de.jpg,Video player — paused exercise,https://refero.design/screens/18613543-210a-40f8-b51b-81ae1944be6a
57,Nike Training Club,057-Nike Training Club-07,37,fd019e16-b786-46b4-977f-e68f176477a6.jpg,Story — Quick Core Crush social post,https://refero.design/screens/49bdef34-be11-478a-98de-5014aa81958b
57,Nike Training Club,057-Nike Training Club-07,38,e53e9468-4a7a-48c0-9e0a-24850cb20a24.jpg,Story — likes and reactions,https://refero.design/screens/56b85141-43e5-4079-9a6d-d0eef6e841d4
57,Nike Training Club,057-Nike Training Club-07,39,981a23dc-760f-417a-953c-9a16b65ac94f.jpg,Story — delete action sheet,https://refero.design/screens/9ad4f7cd-7fc5-4679-a672-810a516d1502
57,Nike Training Club,057-Nike Training Club-07,40,b0364bc7-9cb9-4012-ae88-32f07d04ca2c.jpg,Share card — Quick Core Crush,https://refero.design/screens/1119d8f6-665a-4357-ac46-4ef5b1d3d3ae
57,Nike Training Club,057-Nike Training Club-07,41,10b65097-5ab6-40dd-84e4-df1814d6115d.jpg,Share — posting in progress,https://refero.design/screens/c1140cef-fa40-4e6d-9b21-d251cfd212c8
57,Nike Training Club,057-Nike Training Club-07,42,342c50e2-a31b-4873-a1c1-4a3e4b332fc5.jpg,Share — post composer,https://refero.design/screens/e59c500b-97a2-4052-8bfb-018506e64577
57,Nike Training Club,057-Nike Training Club-08,43,8290acef-5c8f-4e45-ab81-e660e2d1fa00.jpg,Share to — destinations,https://refero.design/screens/2de8fe15-b9da-426f-a016-b347ea92b1f8
57,Nike Training Club,057-Nike Training Club-08,44,d5c5923b-452c-4229-9211-55ad7e5a624c.jpg,Share — post ready,https://refero.design/screens/5d8a22b3-bdc9-4409-86d8-7f7a2f474cbb
57,Nike Training Club,057-Nike Training Club-08,45,780e1b87-fed8-4444-bdad-233c6bc93d59.jpg,Achievement — workout milestone badge,https://refero.design/screens/a57cc0bf-ce9f-481f-a9c2-b87e6970f879
57,Nike Training Club,057-Nike Training Club-08,46,10e14bf1-d415-4f98-9a85-3509f144f2f5.jpg,Activity — stats and history,https://refero.design/screens/a07ce919-ca0c-448d-b93e-8725a3c19aac
57,Nike Training Club,057-Nike Training Club-08,47,c2094860-da99-4d40-b8d0-94714347bf61.jpg,Profile — Pass and Settings menu,https://refero.design/screens/392f3a6a-3810-4276-8728-ed18d9fd320b
57,Nike Training Club,057-Nike Training Club-08,48,4eddc606-7e18-498d-a207-812bb9d8f77c.jpg,Profile and feed — what's included,https://refero.design/screens/747e74d9-62f7-41bf-ab35-4d268136f12e
57,Nike Training Club,057-Nike Training Club-09,49,d118e7ed-b1ed-4de3-8b30-11b1a3d4f643.jpg,Inbox — notifications list,https://refero.design/screens/eac42f4e-2726-499e-a237-215e0426564d
57,Nike Training Club,057-Nike Training Club-09,50,a89ec87c-189b-474a-92e9-cc3810cea67d.jpg,Settings — profile visibility alert,https://refero.design/screens/aa1c670f-9353-4ec2-a339-abe047ddba77
57,Nike Training Club,057-Nike Training Club-09,51,42c5b117-7c87-4aa7-8d53-90f36257fab9.jpg,Settings — workout info toggles,https://refero.design/screens/d0d934cd-f4ba-4886-8389-aaa0f4114de3
57,Nike Training Club,057-Nike Training Club-09,52,6cc7e4e3-7a9d-4edb-b582-83f4ee718e48.jpg,Settings — list,https://refero.design/screens/4f3f9d3f-7a6b-41de-a0f2-af5fd6f210ce
57,Nike Training Club,057-Nike Training Club-09,53,98104d55-8464-4ff8-85f0-46fbd9f8ec62.jpg,Settings — shopping preferences,https://refero.design/screens/01e77d54-a52c-40ed-a393-779bc91d9707
57,Nike Training Club,057-Nike Training Club-09,54,d577ea73-f16b-40b8-85e1-c4f9cd791cc2.jpg,Settings — Delete Account,https://refero.design/screens/269c8cf2-bec5-4e92-9f5a-c2b5c3b174ed
57,Nike Training Club,057-Nike Training Club-10,55,f4b4c8b2-f224-4415-9251-c6e81053d1d2.jpg,Settings — Partners list,https://refero.design/screens/2559efde-a58c-428f-b112-e30040a7f8ab
57,Nike Training Club,057-Nike Training Club-10,56,801fcb49-6801-457a-9f69-a60a9b28c00b.jpg,Member rewards card,https://refero.design/screens/cd6a66dd-8a46-4542-b832-caa87ed22973
57,Nike Training Club,057-Nike Training Club-10,57,1e5fd47c-cb0a-4551-931d-9a97cdf85186.jpg,Member Pass — intro,https://refero.design/screens/ebae83c6-267d-4b94-98cd-a92f081acc3c
57,Nike Training Club,057-Nike Training Club-10,58,1670616f-2fdb-4c73-af1a-3ceba1474741.jpg,Help — connect to Apple Health,https://refero.design/screens/035cc995-4fb3-4f57-bad3-335b0e88ea32
57,Nike Training Club,057-Nike Training Club-10,59,c61cd18f-5d80-43e4-83f5-d9cb99284c84.jpg,FAQ — NTC and NRC,https://refero.design/screens/22adb6dd-4f5e-4b94-8345-c3dec8d4c299
63,Luma,063-Luma-01,1,008f5fa2-0e89-4b81-97c6-13e9695c9855.jpg,,
63,Luma,063-Luma-01,2,06989645-eec4-4d1a-8143-8b84e54d1792.jpg,,
63,Luma,063-Luma-01,3,077ad35c-81bf-4181-9207-c26a234c4ff6.jpg,,
63,Luma,063-Luma-01,4,09ca4b6e-dacc-4cc4-92ce-73533fb9701e.jpg,,
63,Luma,063-Luma-01,5,0ae1f145-4a84-46f8-8238-658dae80ad6e.jpg,,
63,Luma,063-Luma-01,6,0b086593-3d91-4562-a546-810a661ba814.jpg,,
63,Luma,063-Luma-02,7,11d64b27-1b2c-489e-9719-1bccc5af1386.jpg,,
63,Luma,063-Luma-02,8,12ba5173-90f8-4490-a1ea-74f06650ef07.jpg,,
63,Luma,063-Luma-02,9,1664ba90-01a0-4643-8d0d-71240674f9ef.jpg,,
63,Luma,063-Luma-02,10,189451a0-98de-4c6a-96f8-133a03468e40.jpg,,
63,Luma,063-Luma-02,11,1b67f5fc-5901-4591-86b4-9d7b97936e21.jpg,,
63,Luma,063-Luma-02,12,2217193c-1e2c-4591-9c1c-a71968a927f7.jpg,,
63,Luma,063-Luma-03,13,22c7200e-16a5-4bec-8ed0-6a29379e4074.jpg,,
63,Luma,063-Luma-03,14,29d38995-8a50-4252-891e-dff49a7334f3.jpg,,
63,Luma,063-Luma-03,15,29f3f6d8-92ed-4772-bd21-1991ad809746.jpg,,
63,Luma,063-Luma-03,16,2baa9a41-aa49-4651-a383-1c180eb29f7a.jpg,,
63,Luma,063-Luma-03,17,2ee9ecea-c74f-483b-9361-2b2873c329a2.jpg,,
63,Luma,063-Luma-03,18,34d65995-66cf-4514-9f98-d2ecad0d583c.jpg,,
63,Luma,063-Luma-04,19,38d24e00-fae3-4920-961f-ec5694e942a0.jpg,,
63,Luma,063-Luma-04,20,40c767a6-a580-4032-9f20-041c6d62a516.jpg,,
63,Luma,063-Luma-04,21,4663a2cf-c76c-4b85-aafe-dc6f22f00872.jpg,,
63,Luma,063-Luma-04,22,4790bb84-b528-4c9a-bdad-2b7ca35f52f6.jpg,,
63,Luma,063-Luma-04,23,4c14621d-49f4-45fe-9b80-98286d2c5265.jpg,,
63,Luma,063-Luma-04,24,610daa49-5d31-4dc9-8ea9-28460615d598.jpg,,
63,Luma,063-Luma-05,25,613d840c-1143-4fae-a77b-495aed888c95.jpg,,
63,Luma,063-Luma-05,26,63181551-2b92-4c25-9b6b-59a8b367c9bd.jpg,,
63,Luma,063-Luma-05,27,659f3c50-1ded-48db-ac42-b29ffcdb5cfb.jpg,,
63,Luma,063-Luma-05,28,68891ac0-bfbf-4cdb-ba01-3d4ea99b6ea8.jpg,,
63,Luma,063-Luma-05,29,6dae369c-ce17-486d-9bc0-c02f870782fb.jpg,,
63,Luma,063-Luma-05,30,6e59de23-93bd-4eca-9fad-56ebe932c94f.jpg,,
63,Luma,063-Luma-06,31,857bf349-7b8a-424d-9ba4-68db2e5f7b5e.jpg,,
63,Luma,063-Luma-06,32,8a4d7dbd-ccbe-43a3-80da-81bf4e55aafc.jpg,,
63,Luma,063-Luma-06,33,8aaaa090-ce53-4d5d-88f4-b6dbbf559d15.jpg,,
63,Luma,063-Luma-06,34,8be04f84-136f-4b19-8b5b-59d4e85e1fa0.jpg,,
63,Luma,063-Luma-06,35,8d849039-1235-462c-8227-01c5ea887aab.jpg,,
63,Luma,063-Luma-06,36,8df639ac-c539-472f-bb0b-578df2d80eff.jpg,,
63,Luma,063-Luma-07,37,91aee96f-d6c9-4654-843f-3d4c8aa38a73.jpg,,
63,Luma,063-Luma-07,38,925552f6-1616-4964-bd21-c4a762f14468.jpg,,
63,Luma,063-Luma-07,39,95c88b37-d42e-455a-a47e-c7c53ab79c69.jpg,,
63,Luma,063-Luma-07,40,9f3daa6a-862a-41b3-8ebc-0c5e8c4c8be7.jpg,,
63,Luma,063-Luma-07,41,9f53c9db-d7c2-4fba-ba72-bd2d189b8a89.jpg,,
63,Luma,063-Luma-07,42,a096d0f4-30b3-4984-8426-40efe621ab7d.jpg,,
63,Luma,063-Luma-08,43,af9ea451-666b-467c-840a-1d3fa0a25f1f.jpg,,
63,Luma,063-Luma-08,44,b17f552e-dfe6-4311-b316-5e8c4cb9eb3d.jpg,,
63,Luma,063-Luma-08,45,b1b351f5-120d-4ef9-b111-81ab99b884b5.jpg,,
63,Luma,063-Luma-08,46,b6b61386-b5af-441c-b4ac-f7b1221c6cb5.jpg,,
63,Luma,063-Luma-08,47,ba1a121e-3003-40c3-9e47-421b535c306d.jpg,,
63,Luma,063-Luma-08,48,bb1ab341-5429-4e1d-b342-22917675cf12.jpg,,
63,Luma,063-Luma-09,49,c406a179-4457-430e-aae0-9cb525419a7b.jpg,,
63,Luma,063-Luma-09,50,ce11d652-09cc-4ef7-878b-fd19d1ef3aac.jpg,,
63,Luma,063-Luma-09,51,cf25102e-6229-461b-b87e-8c91c3c539f7.jpg,,
63,Luma,063-Luma-09,52,d2cd8f36-ab6a-4d98-a2c0-35712f12e191.jpg,,
63,Luma,063-Luma-09,53,da779153-30b7-4a71-af5c-312f382f2d7b.jpg,,
63,Luma,063-Luma-09,54,db6da9e2-64b1-40e8-8b89-5314c54601d3.jpg,,
63,Luma,063-Luma-10,55,dd223469-8a93-4dfe-ad67-1a90f172e285.jpg,,
63,Luma,063-Luma-10,56,e2b955ca-ef40-4956-9568-78f0017fe860.jpg,,
63,Luma,063-Luma-10,57,e5e0a3ab-0aa5-4079-a723-bd8d0c073a34.jpg,,
63,Luma,063-Luma-10,58,eb5421ed-4f45-4e32-bf71-6ac39d0faaa6.jpg,,
63,Luma,063-Luma-10,59,f3187d5d-b0e9-498a-b4fa-0d72cf0965e9.jpg,,
63,Luma,063-Luma-10,60,f5503319-0e06-444b-961b-4709157618c4.jpg,,
64,Notion,064-Notion-01,1,01a0e84d-b503-40a6-ad87-bcdd9f7f4e85.jpg,,
64,Notion,064-Notion-01,2,07f268f2-5318-486b-bfc2-7902b75ab2ac.jpg,,
64,Notion,064-Notion-01,3,1683c5f2-a2a7-4142-8f7a-41d4f3af5410.jpg,,
64,Notion,064-Notion-01,4,17e8644b-5b0c-47bb-bf5e-1b8397758064.jpg,,
64,Notion,064-Notion-01,5,1afd4c38-c3f1-42d8-8b36-e11af468b8ae.jpg,,
64,Notion,064-Notion-01,6,1eaa4daa-d27e-43d6-9b29-c8d988bcef8d.jpg,,
64,Notion,064-Notion-02,7,1ff597a4-515d-4e7d-aaf3-1324b1c46116.jpg,,
64,Notion,064-Notion-02,8,2f60ca99-f95e-4868-a2b9-41138d684533.jpg,,
64,Notion,064-Notion-02,9,3171c9ce-d13b-45ad-920b-642b6379208b.jpg,,
64,Notion,064-Notion-02,10,3598ece5-056d-4fb4-8187-c0a89d40b120.jpg,,
64,Notion,064-Notion-02,11,3fec891b-60c2-4205-a77b-a587b1c1d8f0.jpg,,
64,Notion,064-Notion-02,12,4a0ca9ec-63e6-4abe-9a18-95d3be68d17c.jpg,,
64,Notion,064-Notion-03,13,4a785466-c7c4-40ab-8026-c150e84fa61b.jpg,,
64,Notion,064-Notion-03,14,4c42f79b-7d57-475d-b55d-e8d024651a21.jpg,,
64,Notion,064-Notion-03,15,4f186508-ec78-46d9-b6da-de4e92236980.jpg,,
64,Notion,064-Notion-03,16,4ffc09df-6c26-42cb-8081-ae393df5f1d2.jpg,,
64,Notion,064-Notion-03,17,57b3ab32-03ba-458d-853f-61c0013d9ef6.jpg,,
64,Notion,064-Notion-03,18,5ca5abcb-00b2-408f-9ac5-943b87f97957.jpg,,
64,Notion,064-Notion-04,19,5dd6827d-b3cc-4540-acb3-a2a04268ffbd.jpg,,
64,Notion,064-Notion-04,20,5f088122-29a4-4ed0-8859-ea94a6f08500.jpg,,
64,Notion,064-Notion-04,21,626e9dea-2a0d-4178-96c9-c7e495d4db31.jpg,,
64,Notion,064-Notion-04,22,66f71a1a-7038-4018-973e-3164cd3c90c9.jpg,,
64,Notion,064-Notion-04,23,6c24690a-b672-4acf-a912-3b4adbfa1484.jpg,,
64,Notion,064-Notion-04,24,704656e7-9c56-414f-b012-91fc50289121.jpg,,
64,Notion,064-Notion-05,25,7bcc2cc9-5b2d-4616-a08b-acec1a30f10e.jpg,,
64,Notion,064-Notion-05,26,7c59b923-1947-42f1-8241-4df41b7b14d1.jpg,,
64,Notion,064-Notion-05,27,8248e87a-e157-4d38-9a8b-6f162f95b68f.jpg,,
64,Notion,064-Notion-05,28,8507b1b5-4534-4e60-9af8-3fafc7ceff40.jpg,,
64,Notion,064-Notion-05,29,8e315cff-00c0-4b53-877f-d2374bf5e732.jpg,,
64,Notion,064-Notion-05,30,8f03f651-4f5f-47bb-8331-2ece738d954e.jpg,,
64,Notion,064-Notion-06,31,932eecdf-79ae-4ecf-85e9-d9a318f5ef30.jpg,,
64,Notion,064-Notion-06,32,939f8207-f6b3-416c-b6b6-1b767f182969.jpg,,
64,Notion,064-Notion-06,33,97de171c-594f-45cf-ba2a-cfdcfa62906a.jpg,,
64,Notion,064-Notion-06,34,9b60621c-399a-46ce-93f0-c2dee8d59ad7.jpg,,
64,Notion,064-Notion-06,35,9b7cba2b-118c-44e9-89cb-6d055a42b868.jpg,,
64,Notion,064-Notion-06,36,9c127179-a1c0-4c75-a75e-c7bd89456692.jpg,,
64,Notion,064-Notion-07,37,9c1cbdb9-2a20-4c3f-bf56-d575aaeca2fa.jpg,,
64,Notion,064-Notion-07,38,a203a818-a46b-433b-826b-e0c548fcfe5a.jpg,,
64,Notion,064-Notion-07,39,a98a6198-57fa-4512-af97-77fb89d1d867.jpg,,
64,Notion,064-Notion-07,40,ab28d7bf-6b4c-45f2-98bf-3db661a4aba0.jpg,,
64,Notion,064-Notion-07,41,abe0b854-7118-4972-868b-ae3b731803c0.jpg,,
64,Notion,064-Notion-07,42,ad01d094-c7e0-4d5e-8c8a-5d096021ea40.jpg,,
64,Notion,064-Notion-08,43,af022796-60df-4b39-a062-e917b1ca7493.jpg,,
64,Notion,064-Notion-08,44,b60ce7de-32c7-418d-9a7c-dd383bcd6e9c.jpg,,
64,Notion,064-Notion-08,45,c8f2c6d5-86f5-42d6-b322-62ee386ac34e.jpg,,
64,Notion,064-Notion-08,46,c975438f-5b99-4f98-aa29-781818f919b4.jpg,,
64,Notion,064-Notion-08,47,d6ece680-260a-4e91-9eb4-b4b4d5d499b0.jpg,,
64,Notion,064-Notion-08,48,da4efca9-e5f6-4ddd-bc79-912fc9b8f5a6.jpg,,
64,Notion,064-Notion-09,49,daeac58a-9877-4b2f-afab-22cdd17ac4ae.jpg,,
64,Notion,064-Notion-09,50,dd27b16a-8ac2-44f0-b528-76de83a16f95.jpg,,
64,Notion,064-Notion-09,51,e18325bc-c226-4934-9863-2d7050afb1b1.jpg,,
64,Notion,064-Notion-09,52,e9bd2b11-06ba-456b-b9fc-5e4776042b00.jpg,,
64,Notion,064-Notion-09,53,ea3c3575-9fa8-4e11-af1d-95260a269fb3.jpg,,
64,Notion,064-Notion-09,54,eb95d75c-3f8a-4d7f-8462-4bde676c6711.jpg,,
64,Notion,064-Notion-10,55,f0bedcb9-b660-46df-88ce-1f98003c13a5.jpg,,
64,Notion,064-Notion-10,56,f36124aa-c5d9-4889-bdf8-ef4d61e7647b.jpg,,
64,Notion,064-Notion-10,57,f532e341-344f-4f86-a887-44df84c9beae.jpg,,
64,Notion,064-Notion-10,58,f782c628-f95d-4702-8cfd-7438a5e1e2b6.jpg,,
64,Notion,064-Notion-10,59,f96877e8-4950-41b4-b007-b038f56a62b9.jpg,,
64,Notion,064-Notion-10,60,ff5d2a1e-3cd5-49d0-9e59-abdd71433d96.jpg,,
69,Gmail,069-Gmail-01,1,e75a9479-4b4c-4533-b76a-c61509988c22.jpg,Inbox — Primary tab,https://refero.design/screens/b0514945-e1e9-4b66-951b-d52a4741c33b
69,Gmail,069-Gmail-01,2,51f7af69-8144-4014-a386-4281b34790d4.jpg,Inbox — pull to refresh,https://refero.design/screens/cd567085-f474-4ba7-ba4e-26b167f33aa7
69,Gmail,069-Gmail-01,3,167111c7-6d34-4300-b4bc-d3acdb3be05b.jpg,Empty inbox — all done,https://refero.design/screens/ca1e7db2-a172-421d-912b-df025b7fb515
69,Gmail,069-Gmail-01,4,cff34068-b48e-4e41-bab0-34da6c85f127.jpg,Inbox — dark mode,https://refero.design/screens/5900d2c0-9f7d-4a84-83e0-ca386ca6d568
69,Gmail,069-Gmail-01,5,075359fb-9d90-4f36-87fb-04300e755831.jpg,Inbox — multi-select with 2 chosen,https://refero.design/screens/6f37b881-6236-4f9e-8fde-11779b7899dc
69,Gmail,069-Gmail-01,6,bfde0464-84fa-4f08-8045-317653bb54f4.jpg,Sidebar — Primary selected,https://refero.design/screens/76dd9339-081a-4f9f-a6cd-cbff86c86081
69,Gmail,069-Gmail-02,7,2b70cc40-30fe-4237-898c-0c79bda28ee1.jpg,Sidebar — Primary selected (dark),https://refero.design/screens/4640991f-e083-4d73-a40c-af17c4612aeb
69,Gmail,069-Gmail-02,8,45236e60-bbe7-49dd-bf87-d128a90e32b4.jpg,Thread — conversation view,https://refero.design/screens/339fa36e-aecf-49ea-8e93-09f3dd545ecc
69,Gmail,069-Gmail-02,9,08a90e5a-f1b0-43ee-9b96-de42d846d84f.jpg,Thread — expanded messages,https://refero.design/screens/7fa57c1a-4ea1-47f2-84dc-e56d5370c665
69,Gmail,069-Gmail-02,10,b6d13738-51d9-449b-a1ce-7007e82ffda7.jpg,Thread — dark mode,https://refero.design/screens/4268a3a3-30f9-496d-92a5-38dd46b85ff3
69,Gmail,069-Gmail-02,11,90bfd1ed-aec6-4b54-9a5b-21025c59b053.jpg,Compose — recipients and body,https://refero.design/screens/6583fb77-8c5e-4297-a919-3066a6107f2c
69,Gmail,069-Gmail-02,12,3b12eba3-9fe3-4d35-9113-88af4850f3c5.jpg,Compose — keyboard,https://refero.design/screens/5ea441cd-7a99-4b57-b288-f93ec51b1850
69,Gmail,069-Gmail-03,13,0884eca2-9c2f-4811-a3ce-c2e77158790c.jpg,Widget — choose an account,https://refero.design/screens/0ca286d7-1f67-4fb8-8b88-db55ea3a8e11
69,Gmail,069-Gmail-03,14,b8318291-459b-487e-831b-9badeb40800e.jpg,Sidebar — labels and folders,https://refero.design/screens/fe0f3bf1-a310-4b31-a513-0f5ae83ca31b
69,Gmail,069-Gmail-03,15,8f0ef859-d7f6-46f4-895d-a72f0e2988e0.jpg,Sign up — choose Gmail address,https://refero.design/screens/c0724291-ef64-44df-95a0-62976153f9a4
69,Gmail,069-Gmail-03,16,e716771c-2d67-418f-926c-be727e30c905.jpg,Help Center — Gmail ads article,https://refero.design/screens/d1dfb589-419f-4564-9404-ea551ff6ed01
69,Gmail,069-Gmail-03,17,6977cde4-4b53-4e0d-8494-032284b1e159.jpg,Sidebar — chat status,https://refero.design/screens/a7c7bece-a9e1-4c87-9e5d-0f9cef1a7adc
69,Gmail,069-Gmail-03,18,1613cc7b-8fbb-4665-a376-af82b614ac5b.jpg,Sidebar — status options,https://refero.design/screens/c7ad31b7-6621-47b5-8ec4-9a881df10ba2
69,Gmail,069-Gmail-04,19,67d4eb64-3b70-4e87-baf8-e9f68f3abf6d.jpg,Sidebar — dark,https://refero.design/screens/0ff69496-d058-4d48-9f5f-f97aef7611cd
69,Gmail,069-Gmail-04,20,679b9a6e-a23c-453c-8159-be1fa2d3ab35.jpg,Compose — From account picker,https://refero.design/screens/65fd50cf-f351-4606-b9b2-7d5319c9c307
69,Gmail,069-Gmail-04,21,5922f0a0-e7b3-4bd3-89f8-abc708efe599.jpg,Compose — discard alert,https://refero.design/screens/70e6b9de-e530-45f5-b7d0-00e3218abf9a
69,Gmail,069-Gmail-04,22,bb383450-ac15-4120-8531-5d73079ca4ff.jpg,Settings,https://refero.design/screens/6ace7762-8e75-4030-9daf-0d2fdac17d1b
69,Gmail,069-Gmail-04,23,8ca0f729-b95f-416b-a4df-8a8d26e4a2dc.jpg,Settings (dark),https://refero.design/screens/dd0e6e9f-2501-4d97-b538-2f657c040741
69,Gmail,069-Gmail-04,24,5c55f782-6f59-4bce-8bd3-798d6b26e282.jpg,Widget — search in mail (dark),https://refero.design/screens/b9e56ebc-d7cd-4cae-921d-c4bfcef052f5
69,Gmail,069-Gmail-05,25,c454ec23-5d56-41ca-bf6f-9903db5b4472.jpg,Widget — email previews (dark),https://refero.design/screens/4c3e3e5e-5d16-4d9e-bd63-da31e9d0c42e
69,Gmail,069-Gmail-05,26,1d37df69-69b9-40c8-9964-56f784096d30.jpg,Manage members list,https://refero.design/screens/ee71fc52-7e7f-4ecc-a6db-25439ae6fd02
69,Gmail,069-Gmail-05,27,e95c7f3d-555d-45b2-8e0d-c6db13a9c338.jpg,"Search results — dark, filters",https://refero.design/screens/079e7614-e7f5-43e4-917c-93da55d0bc41
69,Gmail,069-Gmail-05,28,fb22a833-6005-4c32-887a-a0965ec0fa09.jpg,Search — dark empty state,https://refero.design/screens/7f91aa23-7d7c-4f62-8574-eef9f8038a17
69,Gmail,069-Gmail-05,29,ae50e5bc-3331-42c5-8d03-ed4c52d3e1c9.jpg,Search — results with filters,https://refero.design/screens/74dfe5fe-8430-46ea-88c1-cdf2a1892f77
69,Gmail,069-Gmail-05,30,65c7caa4-39fa-494d-a6ce-5747e0df13ae.jpg,Search — no results,https://refero.design/screens/71ac894b-a300-4a13-b5ea-1546465f46ff
69,Gmail,069-Gmail-06,31,61239fb8-3f26-46e0-afc4-7505511384a0.jpg,Search — From filter active,https://refero.design/screens/ff57c0ba-7450-40b1-ae5b-aea754a7d7a0
69,Gmail,069-Gmail-06,32,68fd96aa-5c94-44dc-8a35-acb31b790df5.jpg,Search — Starred filter active,https://refero.design/screens/8ff7edc2-00c3-46af-9827-dac95c4bce0a
69,Gmail,069-Gmail-06,33,93eb8509-5d2f-4a6f-84aa-742026fa0096.jpg,Search — typing with keyboard,https://refero.design/screens/c198d586-4ec9-4987-bb30-91d467028d17
69,Gmail,069-Gmail-06,34,65bd889c-f235-4359-9d8b-f2657d70e3cc.jpg,Search — date range filter,https://refero.design/screens/da8d0990-4acf-4824-a9bd-442d05d0f901
69,Gmail,069-Gmail-06,35,34c65d43-04c5-4e57-9e82-f5b9bdb766c2.jpg,Search — dark filters,https://refero.design/screens/4e0bf158-1c4b-48aa-9db0-279b2942f693
69,Gmail,069-Gmail-06,36,20bcbb75-afb5-4a27-9ce8-bdb8c705c0fc.jpg,Search — swipe to delete,https://refero.design/screens/77fcc4dd-298e-4d6e-8ce5-90c7d18a7074
69,Gmail,069-Gmail-07,37,913474db-5536-438b-a13e-83ed45fa4f6c.jpg,Email — verification code message,https://refero.design/screens/ef74a516-a417-4261-ab7f-57528429f556
69,Gmail,069-Gmail-07,38,9ce767ed-4717-46c8-8fd1-8615ac89bc22.jpg,Storage manager,https://refero.design/screens/bf0384a3-2928-496a-9737-bee5317715ff
69,Gmail,069-Gmail-07,39,c3c8de64-42f2-403c-b136-5dd8b44b9e5c.jpg,Recovery email verified — success,https://refero.design/screens/57233936-c011-41be-99fe-678eb541254b
69,Gmail,069-Gmail-07,40,a8aa69e3-7203-4f3b-9496-6f54c66c2a9d.jpg,Add account — set up email,https://refero.design/screens/f0a308c0-42f6-4dce-9ba8-679a48432b8c
69,Gmail,069-Gmail-07,41,e86b53cd-fb07-4013-9223-b5504b9c4e90.jpg,Send feedback to Google,https://refero.design/screens/43f66bfd-7cab-49a6-8565-2fdf110e919d
69,Gmail,069-Gmail-07,42,40ed2d26-744a-4775-ba93-d72c91e71180.jpg,"Settings — account, notifications, inbox",https://refero.design/screens/019c5eae-2d1d-4865-a923-2ad7932f74da
69,Gmail,069-Gmail-08,43,86dd8e1a-956b-4c9e-8669-ace3d8aa43c3.jpg,Settings — dark toggles,https://refero.design/screens/e2048ebf-2742-4355-8bb5-694d9b102a58
69,Gmail,069-Gmail-08,44,57e68214-d3b2-4d60-a92b-48f7b7d5fb03.jpg,Search — attachment type sheet,https://refero.design/screens/24ee7df4-48f2-46d5-81bc-49caaeae9b1c
69,Gmail,069-Gmail-08,45,19d04da3-0335-453d-970f-973fd6e5b936.jpg,Reply composer,https://refero.design/screens/62e38acf-5a0e-448f-834d-3372d508f434
69,Gmail,069-Gmail-08,46,79ab21d1-c570-4d51-a256-4f7d706e86ae.jpg,Thread — message cards,https://refero.design/screens/962795c4-2b70-4973-97bc-4afad1db0d5a
69,Gmail,069-Gmail-08,47,73c8cc3b-44d6-4a5c-a9ad-5302a6942d76.jpg,Thread — with toast notification,https://refero.design/screens/ffa21892-050d-4ab2-ac21-a5d77813d247
69,Gmail,069-Gmail-08,48,12020524-34e9-4b49-8f20-a79e084fbcb8.jpg,Reply — nested quoted replies,https://refero.design/screens/7e60dcc1-0d97-4b3f-83cd-a6246eebd5ea
69,Gmail,069-Gmail-09,49,312a0cfa-a17f-4a5e-95bb-4fa1f114d96c.jpg,Reply — nested thread (dark),https://refero.design/screens/b1e9b6cc-75ef-417a-811e-4b8cd4dd3f14
69,Gmail,069-Gmail-09,50,d5dcad35-53ee-456e-a366-f6849328430a.jpg,Chat — conversation with image post,https://refero.design/screens/03d0de67-bd33-4463-ad95-70ffd3544d05
69,Gmail,069-Gmail-09,51,79dd7c13-9a93-4a60-8ac0-c03fcb51148e.jpg,Chat — replies thread,https://refero.design/screens/0baeb038-c1e8-4393-aebd-f4403749ec6f
71,Craft,071-Craft-01,1,022b5654-73b3-44ca-86c2-f586b2776aa7.jpg,,
71,Craft,071-Craft-01,2,035d2fbd-c47b-4ed8-a26c-f100d106263b.jpg,,
71,Craft,071-Craft-01,3,111b0829-1a89-4650-b6fd-16829874e0c0.jpg,,
71,Craft,071-Craft-01,4,11583061-b2e5-484f-9108-108610848af6.jpg,,
71,Craft,071-Craft-01,5,15520304-c029-4511-abcc-ac0081186a58.jpg,,
71,Craft,071-Craft-01,6,184e63a1-6fd5-4f7e-a2c4-2b4939d23a46.jpg,,
71,Craft,071-Craft-02,7,19129d93-cfb1-497b-8279-1ac988d18b89.jpg,,
71,Craft,071-Craft-02,8,1bfb69b2-f151-47d7-aca8-62fd0864a890.jpg,,
71,Craft,071-Craft-02,9,2174e45d-bd29-49e0-8037-c951e6f5523b.jpg,,
71,Craft,071-Craft-02,10,292c16f3-bfdf-4fdb-8034-1f526f617a47.jpg,,
71,Craft,071-Craft-02,11,2e982cd3-0c40-4a06-bf77-597f415c8f10.jpg,,
71,Craft,071-Craft-02,12,32cb5cfb-1e43-4471-b14f-35938a41ccfe.jpg,,
71,Craft,071-Craft-03,13,333180c0-3f4d-490c-8239-d10814212041.jpg,,
71,Craft,071-Craft-03,14,344adcc0-6309-4fae-a439-fff46bd74043.jpg,,
71,Craft,071-Craft-03,15,36a3f376-1361-4f74-a9a1-6004d11e45c0.jpg,,
71,Craft,071-Craft-03,16,3b7106df-4c14-459c-8ae2-ad9fe63cc987.jpg,,
71,Craft,071-Craft-03,17,5c2ef175-0a3e-42d6-bc0a-07f746d45747.jpg,,
71,Craft,071-Craft-03,18,5cd32cee-5553-4bb0-859a-86a11023a3c3.jpg,,
71,Craft,071-Craft-04,19,5eddd8bd-9f18-4576-9304-99e380d36d84.jpg,,
71,Craft,071-Craft-04,20,61594530-3398-4395-86a0-5b8e6f003f9d.jpg,,
71,Craft,071-Craft-04,21,677f9885-77d7-4147-89dd-7a0d682305e8.jpg,,
71,Craft,071-Craft-04,22,6eed7760-ea46-4482-ab06-b40f25970f1f.jpg,,
71,Craft,071-Craft-04,23,6fd5c5c3-09db-4b9e-a685-5fb3feaa2181.jpg,,
71,Craft,071-Craft-04,24,70f6fc31-1867-4571-8823-ad46889b224d.jpg,,
71,Craft,071-Craft-05,25,72583e90-f95c-48e5-83c3-8819244dd21a.jpg,,
71,Craft,071-Craft-05,26,79e21b3f-0110-42e7-984e-c2a6308d05e1.jpg,,
71,Craft,071-Craft-05,27,7d22a1af-583d-41e1-ac1d-9fbebf1cd59a.jpg,,
71,Craft,071-Craft-05,28,863866a2-4bf2-424e-9dd8-8185cb2b3903.jpg,,
71,Craft,071-Craft-05,29,88332623-1ec9-4052-b0c3-5652e395cb40.jpg,,
71,Craft,071-Craft-05,30,8890ff29-c1b2-49d2-aac5-089a66e06095.jpg,,
71,Craft,071-Craft-06,31,8b228ad5-5617-4a8c-87ab-751c3b147268.jpg,,
71,Craft,071-Craft-06,32,8ddca292-52b5-4b44-b844-18c4db7bd69b.jpg,,
71,Craft,071-Craft-06,33,9358faf5-58db-46b5-8a6e-e991130ce56f.jpg,,
71,Craft,071-Craft-06,34,9615e4fe-ffc9-4890-8504-35091aab187e.jpg,,
71,Craft,071-Craft-06,35,9abfacc8-22a0-4e8f-a218-3446efc34206.jpg,,
71,Craft,071-Craft-06,36,9d75155e-aecb-4970-9d17-68623f9b289b.jpg,,
71,Craft,071-Craft-07,37,9d7c7c91-4290-44cb-97fb-19c4b0588f7a.jpg,,
71,Craft,071-Craft-07,38,ad08e154-5f24-4157-8dce-e09a25fce2f9.jpg,,
71,Craft,071-Craft-07,39,b56126db-82de-4534-913d-0f7e6c5b5290.jpg,,
71,Craft,071-Craft-07,40,b7f0e427-60ba-429f-8f91-327371d2a946.jpg,,
71,Craft,071-Craft-07,41,b967b6f4-0d58-45e5-9d7c-ee4c9928a232.jpg,,
71,Craft,071-Craft-07,42,b97e584b-6662-4d60-b1b6-21c0094431fc.jpg,,
71,Craft,071-Craft-08,43,bc5b7a40-a2ca-4a67-b7f6-01f67dbc4955.jpg,,
71,Craft,071-Craft-08,44,c0723e26-2c4e-4ab7-aa10-dbb6ce2a24d3.jpg,,
71,Craft,071-Craft-08,45,c1ae9a64-fe29-4132-aa90-1138e582d13d.jpg,,
71,Craft,071-Craft-08,46,c4b4ccfb-a64b-4960-901e-1abf5def3834.jpg,,
71,Craft,071-Craft-08,47,c5597c3a-751e-42fa-b918-aec36c54f08a.jpg,,
71,Craft,071-Craft-08,48,c74349e8-3bc9-45e2-8a9e-505aded56a02.jpg,,
71,Craft,071-Craft-09,49,c811a2a8-1742-4bfd-ab72-e147f4baaabb.jpg,,
71,Craft,071-Craft-09,50,c949ba12-8111-47d5-bdde-83abbb081815.jpg,,
71,Craft,071-Craft-09,51,cc126512-3432-43a2-be4c-4dc388dd1929.jpg,,
71,Craft,071-Craft-09,52,d377f11b-5bfe-42e6-93b8-460d2d5b3188.jpg,,
71,Craft,071-Craft-09,53,d50e8898-eeea-42b8-9910-8fa5eca4189c.jpg,,
71,Craft,071-Craft-09,54,df4f91e5-3c72-479e-b8fb-7c7cf1c18bb8.jpg,,
71,Craft,071-Craft-10,55,e58004ef-1b0e-492d-abf0-fdbff3a7ecae.jpg,,
71,Craft,071-Craft-10,56,edbd2964-3a13-4586-811a-30df1a7a0e51.jpg,,
71,Craft,071-Craft-10,57,f03512cf-6a24-4a23-8771-7f58c172a29e.jpg,,
71,Craft,071-Craft-10,58,f1486fc1-f038-45bf-8b6c-609520f748bd.jpg,,
71,Craft,071-Craft-10,59,f5fa4257-46dc-44ad-adb7-209577c12950.jpg,,
71,Craft,071-Craft-10,60,fdb40d3f-6bd6-4244-8237-810dc3674db0.jpg,,
72,Figma,072-Figma-01,1,0354d29c-b642-4f47-ba93-1a4c0d91a26d.jpg,,
72,Figma,072-Figma-01,2,076de670-9e0d-4890-befb-9944ea96e20d.jpg,,
72,Figma,072-Figma-01,3,0be4b083-e403-4715-af6c-a435c0bb830b.jpg,,
72,Figma,072-Figma-01,4,1a13e18a-c208-4351-b404-730c8bbfb815.jpg,,
72,Figma,072-Figma-01,5,1c082b07-29a9-46f1-816e-5f480c1e91bc.jpg,,
72,Figma,072-Figma-01,6,1d1d3c74-731d-4f55-8cf3-1612adfb4d28.jpg,,
72,Figma,072-Figma-02,7,2753104b-3599-4ea7-99b8-3e534767e4d0.jpg,,
72,Figma,072-Figma-02,8,29e80464-df1d-40d7-a1cf-f862702449be.jpg,,
72,Figma,072-Figma-02,9,35c398f1-3e77-40bd-99f0-7870aea4e7b2.jpg,,
72,Figma,072-Figma-02,10,3bf83e89-0ab4-44d8-bdc5-b791bac37af6.jpg,,
72,Figma,072-Figma-02,11,3d38827a-71e7-4cf3-bfca-ad37dea046aa.jpg,,
72,Figma,072-Figma-02,12,3dc8a3d3-cee1-4193-860b-1fb5a1838327.jpg,,
72,Figma,072-Figma-03,13,48c7842b-bdca-4688-9bbc-46a6f7188b8b.jpg,,
72,Figma,072-Figma-03,14,49eae6f5-2686-47b8-b2d2-91ab6a366c44.jpg,,
72,Figma,072-Figma-03,15,4d4b8477-38eb-45e1-b5e2-ba21532b6287.jpg,,
72,Figma,072-Figma-03,16,51b4ba96-ff99-42ff-ad87-fd1de2fd153e.jpg,,
72,Figma,072-Figma-03,17,5cf270bc-d1e4-4ad2-b0be-789bfd542266.jpg,,
72,Figma,072-Figma-03,18,60b544d0-1a80-4b9d-a294-134dbe841a71.jpg,,
72,Figma,072-Figma-04,19,666c1ff4-d9c1-407f-a2b4-c2cb024ad8ba.jpg,,
72,Figma,072-Figma-04,20,67f24b90-4b7b-4f37-9e84-98c7ee6aea44.jpg,,
72,Figma,072-Figma-04,21,69de43aa-cca2-47ea-bbed-9f8372679667.jpg,,
72,Figma,072-Figma-04,22,6b0822a6-aed2-47a8-8914-9b1d2425d9ca.jpg,,
72,Figma,072-Figma-04,23,6f8de1a6-9ed7-447b-a749-25ec5127b0e0.jpg,,
72,Figma,072-Figma-04,24,72b728a0-d3a4-4579-8352-e08e3c9b87fc.jpg,,
72,Figma,072-Figma-05,25,73bfe41a-e151-46c7-a851-900146ca49ee.jpg,,
72,Figma,072-Figma-05,26,75a45da9-cf63-4462-8677-a50e15f018b0.jpg,,
72,Figma,072-Figma-05,27,7810f8c1-411f-449d-b5de-6f6c97668c29.jpg,,
72,Figma,072-Figma-05,28,7a7426db-f5e5-4471-8c60-505c8ed24a8f.jpg,,
72,Figma,072-Figma-05,29,83c30e01-5e0b-4b10-be5c-e7cff6609bf0.jpg,,
72,Figma,072-Figma-05,30,86926605-377b-406e-bf62-799ba606a033.jpg,,
72,Figma,072-Figma-06,31,87f9eb81-abf4-437e-82f3-5d9a88921df6.jpg,,
72,Figma,072-Figma-06,32,8af194a7-08ae-46e4-a616-1affddfcbd74.jpg,,
72,Figma,072-Figma-06,33,8c8e3bcf-1558-4ab4-88e2-653b40ab5b6e.jpg,,
72,Figma,072-Figma-06,34,8d82cfde-683a-4db5-ab97-0a3a8ed32fba.jpg,,
72,Figma,072-Figma-06,35,9d35ddbe-1b77-4286-9e1a-edcf9361d943.jpg,,
72,Figma,072-Figma-06,36,9df11872-f64c-49bd-84f9-f4185860d802.jpg,,
72,Figma,072-Figma-07,37,a1676a5c-3320-4ce3-99d1-ba3295205a6d.jpg,,
72,Figma,072-Figma-07,38,a60c279a-9365-4d98-aad5-b9728fc7c91b.jpg,,
72,Figma,072-Figma-07,39,a8067489-ffa3-4497-ab49-f3c8f3dd728b.jpg,,
72,Figma,072-Figma-07,40,a875fccb-8166-49c0-b00c-7c2557d87019.jpg,,
72,Figma,072-Figma-07,41,a8ef7628-bd34-445a-9b5c-fe6e77365161.jpg,,
72,Figma,072-Figma-07,42,a90a9c8a-0e6e-42e9-9711-7907cf46c480.jpg,,
72,Figma,072-Figma-08,43,acd3ea7f-3651-4c2f-9aba-46257430cdcb.jpg,,
72,Figma,072-Figma-08,44,afc48a8f-dae7-4a5e-8bcf-a5cd2e30cd33.jpg,,
72,Figma,072-Figma-08,45,b34dbd99-0be6-446f-96ea-c207b6ab43d7.jpg,,
72,Figma,072-Figma-08,46,b43d9a90-d931-465d-aad1-c4f4d922f8cf.jpg,,
72,Figma,072-Figma-08,47,b79f0848-fb94-4e94-b453-98b661ff11b9.jpg,,
72,Figma,072-Figma-08,48,ba3b9483-c4c7-4571-bbcd-03f666dfd0e3.jpg,,
72,Figma,072-Figma-09,49,c2ece264-93e6-49f5-8d5b-773b00df98d6.jpg,,
72,Figma,072-Figma-09,50,c4364f77-2805-40f5-8930-aae8d0e74afe.jpg,,
72,Figma,072-Figma-09,51,cde7f311-86c0-4df4-bbe5-8a35c8e35959.jpg,,
72,Figma,072-Figma-09,52,da372eb7-352e-456f-825d-ffc27bee9a3b.jpg,,
72,Figma,072-Figma-09,53,daa7d778-4464-4b66-a56c-96ad9a004913.jpg,,
72,Figma,072-Figma-09,54,daeed31b-e1f1-4890-9025-a7dbd75e55f1.jpg,,
72,Figma,072-Figma-10,55,ed859b1d-f016-4bfa-8a65-11d4bc0ae585.jpg,,
72,Figma,072-Figma-10,56,edf922d9-49d0-4b23-8a59-0e64266e466f.jpg,,
72,Figma,072-Figma-10,57,f2bea58e-cffb-457f-8829-f6444a4656b9.jpg,,
72,Figma,072-Figma-10,58,f6b839cd-f6e4-49f3-aecc-639dc0951475.jpg,,
72,Figma,072-Figma-10,59,f6cf0446-9145-4373-aa34-c47b1c8f678d.jpg,,
72,Figma,072-Figma-10,60,ff74623c-1f18-4c1a-85ea-36f9ed008939.jpg,,
74,Revolut,074-Revolut-01,1,02110380-4dd0-4b38-a394-c9067a7a371d.jpg,,
74,Revolut,074-Revolut-01,2,084f05ef-1632-482e-b7f4-7965863536aa.jpg,,
74,Revolut,074-Revolut-01,3,0c502631-5946-4c3f-a76c-bd3740512fb5.jpg,,
74,Revolut,074-Revolut-01,4,0da7c56e-54c2-47dd-97ce-11e4e69719c2.jpg,,
74,Revolut,074-Revolut-01,5,128a84dc-4c37-4b04-9eae-8348d9e548a2.jpg,,
74,Revolut,074-Revolut-01,6,13d46f15-15a9-434a-aeb6-d6f16cd603b5.jpg,,
74,Revolut,074-Revolut-02,7,189196f8-e564-4efa-9331-ff7354d37298.jpg,,
74,Revolut,074-Revolut-02,8,297e3e03-5d1d-4c5d-8812-47f3f2465e16.jpg,,
74,Revolut,074-Revolut-02,9,31b78bf3-009b-44a2-9ee3-221f301d7031.jpg,,
74,Revolut,074-Revolut-02,10,3613567f-a2cb-4f5e-a8d9-587a1262420c.jpg,,
74,Revolut,074-Revolut-02,11,39c95eab-50ce-4b82-98cf-2fe246d0accd.jpg,,
74,Revolut,074-Revolut-02,12,3b239446-ec02-4403-b88a-eb70c5ac9193.jpg,,
74,Revolut,074-Revolut-03,13,3d6b329c-045c-4440-9afc-fab9a6049c9d.jpg,,
74,Revolut,074-Revolut-03,14,41cf6cef-bcf4-4253-993b-08fc22cdd1f2.jpg,,
74,Revolut,074-Revolut-03,15,428afc00-9941-4a28-bd2d-610b06fb8228.jpg,,
74,Revolut,074-Revolut-03,16,4461c286-c9f8-4451-a824-7204cba31544.jpg,,
74,Revolut,074-Revolut-03,17,4c31a723-3780-45cd-a488-6e5593cc5fc2.jpg,,
74,Revolut,074-Revolut-03,18,51ec3578-e4d1-423f-a748-5310d87f87ed.jpg,,
74,Revolut,074-Revolut-04,19,52a1c5ae-dddd-4899-9bcb-16fdd2a8cee0.jpg,,
74,Revolut,074-Revolut-04,20,5fb061fe-886b-4d75-8970-fda14d2a391c.jpg,,
74,Revolut,074-Revolut-04,21,765cdf98-b862-422a-bdc4-d001ebe3d67d.jpg,,
74,Revolut,074-Revolut-04,22,7d159167-3377-4a44-aaa5-b461b03b060d.jpg,,
74,Revolut,074-Revolut-04,23,84c52d75-6b67-4d6e-ab6d-08ef9a6e6b0c.jpg,,
74,Revolut,074-Revolut-04,24,85c41f52-1d9a-4834-9fb5-4e310ddeb38c.jpg,,
74,Revolut,074-Revolut-05,25,871defa5-c305-4925-b9ce-cb12cfde62e5.jpg,,
74,Revolut,074-Revolut-05,26,8b4cfddc-e1f3-474b-82a8-22936f52a1a9.jpg,,
74,Revolut,074-Revolut-05,27,8e739a11-c57d-4591-89d1-893f507fe326.jpg,,
74,Revolut,074-Revolut-05,28,8f491d79-537f-424d-a621-77ef5c125087.jpg,,
74,Revolut,074-Revolut-05,29,9242f79c-daf9-4f78-aa62-04843cfe8f3a.jpg,,
74,Revolut,074-Revolut-05,30,935823b4-c41c-4366-b901-fe8fceb7817d.jpg,,
74,Revolut,074-Revolut-06,31,9a1a362b-e8cc-4ac6-b9a2-6b7695c043ed.jpg,,
74,Revolut,074-Revolut-06,32,9f947ffe-1a4c-4acc-8e92-bfde94bd7e83.jpg,,
74,Revolut,074-Revolut-06,33,a0eba557-0173-4c06-b7b6-13d41d923dfb.jpg,,
74,Revolut,074-Revolut-06,34,a247ac21-7450-4b5c-8ae6-096e707e0c76.jpg,,
74,Revolut,074-Revolut-06,35,a637ed67-0072-4786-8373-4a8a41d1b387.jpg,,
74,Revolut,074-Revolut-06,36,a8d70636-9f11-44c7-ad3e-aa7a2c73742f.jpg,,
74,Revolut,074-Revolut-07,37,ae83b6ab-e469-48c1-9414-a005e9337baa.jpg,,
74,Revolut,074-Revolut-07,38,b02ea1e7-cec6-4df9-8091-6d0f1136a837.jpg,,
74,Revolut,074-Revolut-07,39,b4c8937a-0e70-41e0-8cd7-60ed18965d12.jpg,,
74,Revolut,074-Revolut-07,40,b574f013-a7de-48b9-8104-50d6499f45f0.jpg,,
74,Revolut,074-Revolut-07,41,b6f816ac-8a03-47f1-8e38-09bd0dade5b1.jpg,,
74,Revolut,074-Revolut-07,42,ba6ad4ca-c178-4d74-9bb5-be5696d62e91.jpg,,
74,Revolut,074-Revolut-08,43,be912027-7320-418b-9287-1fc3e819cd5f.jpg,,
74,Revolut,074-Revolut-08,44,c1112a86-60c0-4b33-a9e9-327bdde4b7d0.jpg,,
74,Revolut,074-Revolut-08,45,c4533f99-2aff-43e1-aa1e-f422aa27798c.jpg,,
74,Revolut,074-Revolut-08,46,c73bf155-cc29-42c4-b80c-3be9e98b2f46.jpg,,
74,Revolut,074-Revolut-08,47,ca127f5f-4dee-4320-aa0c-46c467789ad6.jpg,,
74,Revolut,074-Revolut-08,48,cc742cc7-9c16-48ec-a72d-dcfecbddb1a2.jpg,,
74,Revolut,074-Revolut-09,49,d3093ea6-6267-44ed-8b19-093424833d3e.jpg,,
74,Revolut,074-Revolut-09,50,d30946fb-5d2f-473f-9620-ce668cae4016.jpg,,
74,Revolut,074-Revolut-09,51,d52ec27f-9f84-471d-a375-8705820bb02d.jpg,,
74,Revolut,074-Revolut-09,52,d5dcb650-2ffc-4e12-ad32-c86f401989ca.jpg,,
74,Revolut,074-Revolut-09,53,d84d4186-6479-4747-a967-34bf2a59882b.jpg,,
74,Revolut,074-Revolut-09,54,ddff2c3f-5a3e-4c2a-bd37-1cb80827e54d.jpg,,
74,Revolut,074-Revolut-10,55,f1177b22-e97d-4961-8cf3-11f5ddac9744.jpg,,
74,Revolut,074-Revolut-10,56,fa7009f3-cef5-46f7-9e0e-b4c5e70f979b.jpg,,
74,Revolut,074-Revolut-10,57,fbd2ef5e-3b52-47b3-b73f-3c199814acf0.jpg,,
74,Revolut,074-Revolut-10,58,fc66e5ae-1d6e-4538-8a84-32fa0b9ae80d.jpg,,
74,Revolut,074-Revolut-10,59,fe66e0ec-4c76-46f3-a50b-b6c1a456da91.jpg,,
74,Revolut,074-Revolut-10,60,ff75ed9d-14f3-418e-a59b-6a95fe7aa0d9.jpg,,
76,Opal,076-Opal-01,1,00071718-afd8-45c2-98fa-0c9abfd0d95e.jpg,,
76,Opal,076-Opal-01,2,019141e4-df2c-4b2c-af4f-84b1c42d96b9.jpg,,
76,Opal,076-Opal-01,3,06fe19c1-30ec-400a-b3fa-1fc295e0d695.jpg,,
76,Opal,076-Opal-01,4,07c69af6-57b6-405c-bf9d-c81de11e5cb3.jpg,,
76,Opal,076-Opal-01,5,0b38abdd-3c1e-4f62-ba1b-3eb1fe0270cd.jpg,,
76,Opal,076-Opal-01,6,0bfede30-2986-46f3-b067-7a4939b2b59b.jpg,,
76,Opal,076-Opal-02,7,1412499a-f7d6-4e4f-8ab2-b40d2b52a788.jpg,,
76,Opal,076-Opal-02,8,14b526fa-152c-4658-b627-7807f8cda7e2.jpg,,
76,Opal,076-Opal-02,9,15e86e5a-4cf3-4e08-99ae-34d5daf80f7f.jpg,,
76,Opal,076-Opal-02,10,1760656d-9921-4ea7-a1d9-70e87100c141.jpg,,
76,Opal,076-Opal-02,11,2235b7ec-9154-4b48-86b5-e1742ccd0fe1.jpg,,
76,Opal,076-Opal-02,12,23c2dc48-343d-4445-8e4e-14900a879e8d.jpg,,
76,Opal,076-Opal-03,13,251c8020-bb3f-411d-813d-18c3ed397085.jpg,,
76,Opal,076-Opal-03,14,27176ea7-c792-4102-912e-7a05e1e3cd11.jpg,,
76,Opal,076-Opal-03,15,2bb28dce-6253-4981-80a4-ac65c8ab728a.jpg,,
76,Opal,076-Opal-03,16,2c191370-64ed-4deb-92c5-7e08c30cac59.jpg,,
76,Opal,076-Opal-03,17,2e1b7dde-8dde-444c-a5a3-3911b6d9c45c.jpg,,
76,Opal,076-Opal-03,18,30cc1dfe-ca1a-4905-aa8c-39531236f9bc.jpg,,
76,Opal,076-Opal-04,19,34c4d0be-592d-43ae-bab3-1a27ebf39c8e.jpg,,
76,Opal,076-Opal-04,20,3f5e189c-c0c7-4eb8-9289-006564578c32.jpg,,
76,Opal,076-Opal-04,21,41ac91f3-70ad-49bd-afde-a8071ac43f63.jpg,,
76,Opal,076-Opal-04,22,42077c26-190b-4fc4-8b82-f6854267a7c6.jpg,,
76,Opal,076-Opal-04,23,43490a19-28bb-45f5-8868-89a7251a0dfa.jpg,,
76,Opal,076-Opal-04,24,46fb0013-fdaf-40bc-8965-2347430923c1.jpg,,
76,Opal,076-Opal-05,25,4848dcc5-f6a1-4d2f-9135-754d4ed4fce1.jpg,,
76,Opal,076-Opal-05,26,50abd201-ded4-4957-9fb5-59cce2567d7f.jpg,,
76,Opal,076-Opal-05,27,511208a5-ab11-46cb-b1b1-d3f5ffe6a53d.jpg,,
76,Opal,076-Opal-05,28,51485dfc-22d4-486c-b390-9906cb2130ef.jpg,,
76,Opal,076-Opal-05,29,51bc0e24-1624-4ed4-b488-8998f29ee3ee.jpg,,
76,Opal,076-Opal-05,30,52ea9af2-e583-4935-9ef2-15ab55339acb.jpg,,
76,Opal,076-Opal-06,31,5abf3e3f-5040-46b8-89b6-6e06a9923263.jpg,,
76,Opal,076-Opal-06,32,5c3f8caf-9696-45ad-9677-87f96d050db4.jpg,,
76,Opal,076-Opal-06,33,5f1d099c-34e0-43cc-b12f-66ea6e1bd82b.jpg,,
76,Opal,076-Opal-06,34,5fdb706c-01cb-403f-a406-13ab314f69f4.jpg,,
76,Opal,076-Opal-06,35,62e6668a-60a0-496a-97d6-fb8b6ca7e797.jpg,,
76,Opal,076-Opal-06,36,6ce1dca7-f4be-40d7-bd3c-6f20643678ba.jpg,,
76,Opal,076-Opal-07,37,74f0e71b-4434-41a8-bb01-a607c653d69c.jpg,,
76,Opal,076-Opal-07,38,769cde5e-ac2a-4b90-8bb5-735d092cf1eb.jpg,,
76,Opal,076-Opal-07,39,77663750-c5b6-402e-84aa-c850ef28fe51.jpg,,
76,Opal,076-Opal-07,40,7cca03fc-c955-47bd-8e18-a528361f4631.jpg,,
76,Opal,076-Opal-07,41,8639f643-44b3-4275-90ce-c142dc281322.jpg,,
76,Opal,076-Opal-07,42,8a99094a-1e85-4b3a-9000-abfecad8e75a.jpg,,
76,Opal,076-Opal-08,43,99244669-26f1-43d2-833d-0da168779b9a.jpg,,
76,Opal,076-Opal-08,44,9d7dd166-6330-444c-b011-4d3fefc84cd4.jpg,,
76,Opal,076-Opal-08,45,a0df9c38-959a-4487-bb80-5a61c30acb5c.jpg,,
76,Opal,076-Opal-08,46,a22331d5-2dcd-4da4-a7cb-3d8db173278a.jpg,,
76,Opal,076-Opal-08,47,a7a90d52-97b4-406f-a9b1-dd3f82b0fb37.jpg,,
76,Opal,076-Opal-08,48,bc35780e-bf2b-42f9-a0e9-c07806f2edb1.jpg,,
76,Opal,076-Opal-09,49,bdbafac1-04c3-41c2-a93e-cb7d79bd5036.jpg,,
76,Opal,076-Opal-09,50,c2071a14-e2aa-4244-9c57-783bceb01294.jpg,,
76,Opal,076-Opal-09,51,cecbc309-aa86-4ecd-97e7-1fdcf9dc4307.jpg,,
76,Opal,076-Opal-09,52,cf649fc4-638b-4675-9f7e-39a0113d9182.jpg,,
76,Opal,076-Opal-09,53,d09cd692-49c6-4635-955d-5c3342eb262d.jpg,,
76,Opal,076-Opal-09,54,d1b137c5-0c68-496d-a760-8908eba6cbdc.jpg,,
76,Opal,076-Opal-10,55,d38a2b4f-9d80-42a6-9ca6-727d671c0cb4.jpg,,
76,Opal,076-Opal-10,56,dada3f95-aaee-4741-946e-b56c3c2add09.jpg,,
76,Opal,076-Opal-10,57,ef20c979-66a5-4545-8251-8287b6242805.jpg,,
76,Opal,076-Opal-10,58,f02b8985-05c6-495c-bf60-18ae631cac6a.jpg,,
76,Opal,076-Opal-10,59,f918db6d-d6e2-4385-90e6-19adf75cce60.jpg,,
76,Opal,076-Opal-10,60,fb84ce56-0bba-45d9-9774-83704bce6b30.jpg,,
93,Coinbase,093-Coinbase-01,1,855680c1-c0e0-46af-a7ae-741f5662597e.jpg,Home dark - portfolio dashboard,https://refero.design/screens/0f9d56b5-ec30-43ff-9c97-db179f3ba85c
93,Coinbase,093-Coinbase-01,2,7642433b-6ed9-4fd2-bcc2-2c4de54ebd65.jpg,Home - Coinbase One fee promo,https://refero.design/screens/9d52c5b6-107c-468e-af77-7c632b1f2a3b
93,Coinbase,093-Coinbase-01,3,1c90f408-8597-43f2-abc9-578df8d88d22.jpg,Home dark - promo carousel,https://refero.design/screens/d8653c5c-0fd5-483a-9414-d5f90fe58ba5
93,Coinbase,093-Coinbase-01,4,fd595e3d-a1ef-41cc-8c93-928e7028989c.jpg,Home - market overview,https://refero.design/screens/3bc3453c-5e6b-4f3e-b6fe-5b46287a350f
93,Coinbase,093-Coinbase-01,5,90f5a9e8-d4f6-4f8f-87e0-c50cbd37e34e.jpg,Home - cards carousel,https://refero.design/screens/4cdca4bd-36c4-4932-b247-ffb153c8b62a
93,Coinbase,093-Coinbase-01,6,91dfd68f-4d80-4196-a05d-01a8ed57e68d.jpg,Home - content cards,https://refero.design/screens/e5a0c77d-c923-4a73-887b-0dc07bb3e78b
93,Coinbase,093-Coinbase-02,7,8adb0ea1-2e73-41da-b744-3744075322b2.jpg,Home - search and promo,https://refero.design/screens/df35a38d-e6b6-4cc6-a1dc-bff5c37b37ef
93,Coinbase,093-Coinbase-02,8,0e95d987-f16c-42d3-8528-78fcb49f40bd.jpg,Home - action bottom sheet,https://refero.design/screens/bcf69565-b905-4314-ac5a-fcc445ee7382
93,Coinbase,093-Coinbase-02,9,2144747b-0bcf-44bb-85ed-7d6425f81d3e.jpg,Home dark - trading list sheet,https://refero.design/screens/1ef33e44-f1fd-4511-992a-cb68797d6534
93,Coinbase,093-Coinbase-02,10,256bb4ea-3a4a-4b57-89ef-04ca0d511f1f.jpg,Home dark - select sheet,https://refero.design/screens/6f92dc4e-194e-4ef3-b251-a0361b9004fb
93,Coinbase,093-Coinbase-02,11,03db243b-9644-4afa-b906-10f4aae20f0e.jpg,Free crypto for getting started,https://refero.design/screens/4572b829-5996-46b2-b38d-424112962a53
93,Coinbase,093-Coinbase-02,12,5e290c78-2d67-427d-a457-b8be679595ca.jpg,Home-screen widget dark,https://refero.design/screens/401384ce-268e-488c-ab47-84ca1400f5b5
93,Coinbase,093-Coinbase-03,13,76cd889d-31b2-4fd9-a367-49c6f41ec14b.jpg,Asset detail - Augur price chart,https://refero.design/screens/687b7a2b-e2a4-4ae6-adc6-2a3b58b39635
93,Coinbase,093-Coinbase-03,14,465970d9-a83b-4040-986d-e7fe8147585e.jpg,Asset detail - Ethernity Chain,https://refero.design/screens/1f9d01dc-b05c-4768-b8ae-2225d1b5a679
93,Coinbase,093-Coinbase-03,15,bbe69c21-8eb2-4ca9-b761-361f76409fe5.jpg,Asset detail - price and chart,https://refero.design/screens/ae3f5df1-15f1-434c-b4f5-d1484d0c661d
93,Coinbase,093-Coinbase-03,16,2d38ff82-c5f7-4681-b359-978d48aa44b1.jpg,Share price chart sheet,https://refero.design/screens/35f5d4d1-7a4b-437a-b252-669c7029a3fc
93,Coinbase,093-Coinbase-03,17,547c1831-b1eb-4f5c-93de-b1efb1ef3d99.jpg,Advanced Trade tour dark,https://refero.design/screens/a787efea-f277-4454-b029-d1eb15a51bd2
93,Coinbase,093-Coinbase-03,18,08f4486e-2ac8-4f3e-9a20-bd263df2fe14.jpg,USDC detail dark - APY card,https://refero.design/screens/ae4574ba-50c1-4662-9ac0-978e3630a047
93,Coinbase,093-Coinbase-04,19,de3d45c5-9424-4d17-a89c-161746752555.jpg,USDC wallet - supercharged trading,https://refero.design/screens/c6dea03a-ddf0-416f-b8a3-7ef725f47940
93,Coinbase,093-Coinbase-04,20,40800737-65f8-444b-82b5-30be45c5f86f.jpg,USDC wallet - empty state,https://refero.design/screens/d3203eef-d470-4038-ab0d-6496bc506663
93,Coinbase,093-Coinbase-04,21,17dd2a7c-bcd4-49b0-9df3-5760d80c27f9.jpg,Earn promo full-screen dark,https://refero.design/screens/fe0d77d6-7746-485d-9612-c5556b486525
93,Coinbase,093-Coinbase-04,22,4997fecf-aff3-4aa3-a9a6-34f3fc4268b5.jpg,Earn 5.1% APY on USDC feed,https://refero.design/screens/b72cbd50-6d25-4f6b-ad97-768288fda661
93,Coinbase,093-Coinbase-04,23,273b22c9-9fd6-44bf-a215-a158d3540602.jpg,Web3 wallet - empty state,https://refero.design/screens/289cafae-6a8c-4a03-a184-9983c12586f0
93,Coinbase,093-Coinbase-04,24,ec28893d-7934-4c63-8c67-ff2fa4cc4629.jpg,Web3 wallet - zero balance sheet,https://refero.design/screens/509b7d3b-eec2-422f-a3ed-0ac362d52fff
93,Coinbase,093-Coinbase-05,25,18fa554f-0276-4175-9a39-722e6f54a5bc.jpg,dApp browser - bridge dark,https://refero.design/screens/97be8b3f-7741-43e6-bdb8-c34d3842aa58
93,Coinbase,093-Coinbase-05,26,786f1e51-8875-4e77-9b01-ed3859a89be6.jpg,Add a payment method,https://refero.design/screens/0b8510e4-155b-422f-8e70-e2ead32b4fee
93,Coinbase,093-Coinbase-05,27,d0c085a7-42c8-47d3-94b6-0ff64e050f82.jpg,Help - add payment method,https://refero.design/screens/783ba891-feda-4c6d-a5a5-c85bfbf343a9
93,Coinbase,093-Coinbase-05,28,2f3b9d4b-1cb0-4903-80f9-609da65d852f.jpg,Help - add cash to USD balance,https://refero.design/screens/623dac3b-21ca-45c1-9e29-518f99a100e2
93,Coinbase,093-Coinbase-05,29,990a426e-fbca-4a55-86e9-701b24e88dde.jpg,Coinbase Card promo walkthrough,https://refero.design/screens/1cd42bc0-0e9d-4e2e-81bc-9dd55dba3fd7
93,Coinbase,093-Coinbase-05,30,67aae35d-2177-497c-8c83-47fb16d298d4.jpg,Rewards story with progress bars,https://refero.design/screens/d238af99-e906-4673-8004-ef227e5224ac
93,Coinbase,093-Coinbase-06,31,364be39a-4625-4267-ba69-bf579b5d61a1.jpg,Welcome carousel,https://refero.design/screens/fd70183c-d9ba-43da-bc05-986d510b846c
93,Coinbase,093-Coinbase-06,32,f7c66985-58ae-4075-9f17-38848743428b.jpg,Welcome carousel dark,https://refero.design/screens/a1f6dac7-37dc-4936-902a-5e0c21652ba0
93,Coinbase,093-Coinbase-06,33,81428e3b-676a-4760-a9f4-8f160c4e4369.jpg,Welcome dark - dollar coin,https://refero.design/screens/fab74b2b-16da-4bf6-9c59-386317509a23
93,Coinbase,093-Coinbase-06,34,e9d5331c-44cd-4812-9e77-ac2cbd283cb4.jpg,Create your account dark,https://refero.design/screens/13de342d-b3b7-4c4e-8768-cab04cff6327
93,Coinbase,093-Coinbase-06,35,22ba7545-65dd-40c0-8ae6-5130a301e4e4.jpg,Sign in to Coinbase,https://refero.design/screens/72ef70a6-ff02-4c86-8276-7993bfbe92da
93,Coinbase,093-Coinbase-06,36,4be7fbc0-29e9-4889-bb22-b9680d838b26.jpg,Sign in - password reset toast,https://refero.design/screens/f9e8c5c8-eaf7-4873-8f25-13981932a230
93,Coinbase,093-Coinbase-07,37,202bd8b2-1ae7-47da-bb9d-8e06c30cc6c6.jpg,Enter 6-digit email code,https://refero.design/screens/3232e643-561d-46a7-97c9-cdf4dca04291
93,Coinbase,093-Coinbase-07,38,b671dcbc-8146-4e6d-b58f-87235588933d.jpg,Email verified confirmation,https://refero.design/screens/a8a6a680-c99d-499d-9bb9-4bc3487ad2f2
93,Coinbase,093-Coinbase-07,39,305e0414-8b41-4e5d-af22-86cc656ff620.jpg,Passkey setup sheet,https://refero.design/screens/e79ac5cb-4e3d-48cf-8ee9-055a1a88ad9c
93,Coinbase,093-Coinbase-07,40,e261eae3-a363-4cfa-99fd-e0de9270c226.jpg,Identity verification intro,https://refero.design/screens/4e30b17d-0f11-4123-8cac-d8d7976ee257
93,Coinbase,093-Coinbase-07,41,06248d62-5922-4edb-bc92-25e673a2f71e.jpg,Verify identity dark,https://refero.design/screens/bdedc831-1602-4886-9492-96aa483b6e8f
93,Coinbase,093-Coinbase-07,42,8c031dd8-cda7-4392-90d2-bf93b817f099.jpg,Verify photo ID step,https://refero.design/screens/a4930b79-319f-4f55-8452-5c05f94b9ff1
93,Coinbase,093-Coinbase-08,43,fb54cf1a-62a1-46ef-9901-78509b9e4379.jpg,Select your ID type,https://refero.design/screens/22e6de86-a04c-4f57-8968-26b1c0c91521
93,Coinbase,093-Coinbase-08,44,ba803556-70bd-4bb1-af4c-d36979648d40.jpg,ID verification dark step,https://refero.design/screens/eb938756-4891-414f-941e-1ce526d718d0
93,Coinbase,093-Coinbase-08,45,74a4c845-dce6-4d03-b584-2a2770cdab9b.jpg,Verification checklist dark,https://refero.design/screens/c49c1528-d44b-4a73-9016-a69d35d42529
93,Coinbase,093-Coinbase-08,46,e17b9d6b-814f-4046-817a-04676eba2aeb.jpg,ID submitted - under review,https://refero.design/screens/839980d4-22c2-43e4-b40f-3f69c00bc427
93,Coinbase,093-Coinbase-08,47,14973f81-8b6f-49d5-93aa-44506edec37f.jpg,Profile and Settings dark,https://refero.design/screens/dd045088-6f17-4bff-a5d1-3f5d695022ff
93,Coinbase,093-Coinbase-08,48,d6c6ec37-620a-4027-939e-0a7529a2c093.jpg,Profile settings dark list,https://refero.design/screens/61625ef5-037d-4c9d-8c26-1f3d4d177291
93,Coinbase,093-Coinbase-09,49,689041f0-4ca1-454d-8e11-8cb079f4603b.jpg,Profile with toggles,https://refero.design/screens/bf2fd7c3-347e-41c2-83ad-3b3f41920387
93,Coinbase,093-Coinbase-09,50,d3076838-a2d6-412e-a9be-481c45bd2a94.jpg,Account settings list,https://refero.design/screens/304cdd50-b108-49fe-aefe-732c1451a1bc
93,Coinbase,093-Coinbase-09,51,0deb86e3-3430-4545-83f9-6ed82795757a.jpg,Settings - display and security,https://refero.design/screens/b9c88591-3c5b-4864-b71c-a9fe002ddbaf
93,Coinbase,093-Coinbase-09,52,93ce1d07-5fb6-4a3c-9912-30ae943aa529.jpg,Settings - appearance sheet,https://refero.design/screens/f8d9b33f-c934-47af-aaa6-febaa0e73b72
93,Coinbase,093-Coinbase-09,53,db790359-92d7-4612-bc91-26c0a6d38143.jpg,Security alerts settings,https://refero.design/screens/6fb96d12-cef3-42ee-87bb-6a5d54208408
93,Coinbase,093-Coinbase-09,54,0e760c4a-d652-4963-b0d6-28b52738ce44.jpg,Security alerts settings dark,https://refero.design/screens/58957f93-8e4e-47f7-bf04-1438d1d0d6fa
93,Coinbase,093-Coinbase-10,55,47a31868-e74f-47e6-b6a5-5ec022d62dc7.jpg,Notification settings,https://refero.design/screens/dfafb9cb-e8ec-4ea8-944d-0a30320e0226
93,Coinbase,093-Coinbase-10,56,5b1250c3-2827-4705-9ce1-f5ce0d818321.jpg,Virtual Assistant chat,https://refero.design/screens/10a42eb9-7522-4051-9d03-cfc8780048de
93,Coinbase,093-Coinbase-10,57,245c90c6-0e35-4224-90d7-a14aaf6dbb44.jpg,Virtual Assistant - quick prompts,https://refero.design/screens/0727f04b-1abf-4fad-9295-125b5fd70b75
93,Coinbase,093-Coinbase-10,58,f12364a8-5336-483f-b62c-d11680c9f3f7.jpg,Virtual Assistant dark,https://refero.design/screens/7d8586bb-aa3f-4b13-8bf1-872f599485e3
93,Coinbase,093-Coinbase-10,59,844fa866-661d-458d-80f8-911fd69c273d.jpg,Help center in-app browser,https://refero.design/screens/867be3c7-445a-44b7-be77-cb26f4f64549
93,Coinbase,093-Coinbase-10,60,c9aa2550-3fbc-4007-80ba-bcbe7cccb5d6.jpg,Help by product,https://refero.design/screens/841930df-9906-48ba-9d93-10d6f7fab9c6
96,Fable,096-Fable-01,1,036ac895-6204-47ca-94f0-c608f2886276.jpg,,
96,Fable,096-Fable-01,2,072bcc5c-915e-455c-bd1b-c6e2f0b4387b.jpg,,
96,Fable,096-Fable-01,3,08b2d140-b9f1-48f5-ad75-cdc9caab3fd4.jpg,,
96,Fable,096-Fable-01,4,0e813ee5-04de-4c02-9638-d1084886f710.jpg,,
96,Fable,096-Fable-01,5,13342ec6-844b-4141-9b34-03e5b73a756c.jpg,,
96,Fable,096-Fable-01,6,184957ab-648e-4802-8dab-e3941a481294.jpg,,
96,Fable,096-Fable-02,7,184d2f0f-a3ca-402c-ab6f-57e2c84c3a24.jpg,,
96,Fable,096-Fable-02,8,193cef84-c9d8-4f94-b525-3a3a62335371.jpg,,
96,Fable,096-Fable-02,9,249a2a27-92c7-48c0-bc6b-41c93963c823.jpg,,
96,Fable,096-Fable-02,10,2b6974ec-d27e-4bc3-ba39-3f7a7298d1e5.jpg,,
96,Fable,096-Fable-02,11,2ea51bda-a05c-462d-97cd-3b5a50df79b0.jpg,,
96,Fable,096-Fable-02,12,2edf4e47-5f47-493f-8ede-4e4703933638.jpg,,
96,Fable,096-Fable-03,13,35bf05b5-a6aa-445b-b343-7450fed5f0b5.jpg,,
96,Fable,096-Fable-03,14,3b2c37c9-95d7-4785-b39a-22ab4a877ce8.jpg,,
96,Fable,096-Fable-03,15,4e227aac-0ca7-4a78-83bf-92c3562ba6f4.jpg,,
96,Fable,096-Fable-03,16,5029ae73-9fc9-4a10-8029-0fd1f36362d9.jpg,,
96,Fable,096-Fable-03,17,507bcc7d-f330-42e5-81be-a62083ceafdd.jpg,,
96,Fable,096-Fable-03,18,543c5a00-037a-4759-9a5c-53985ecfd693.jpg,,
96,Fable,096-Fable-04,19,5ba38532-8725-4656-af02-6b7ca1611d2f.jpg,,
96,Fable,096-Fable-04,20,5ced2485-a89a-4dad-a097-db0b28ca9fea.jpg,,
96,Fable,096-Fable-04,21,5d1526ac-53fe-4c9e-996a-54efc5b33a33.jpg,,
96,Fable,096-Fable-04,22,66463153-1a27-4c48-ad91-f407f6a5f2a0.jpg,,
96,Fable,096-Fable-04,23,6d0916bd-7d95-4f0d-b039-89321df149bc.jpg,,
96,Fable,096-Fable-04,24,7812930d-1c94-4166-a8a0-7b6bec471ba1.jpg,,
96,Fable,096-Fable-05,25,7b12d9d4-4f9d-4cc7-8040-8cba6d3a4065.jpg,,
96,Fable,096-Fable-05,26,829bb8f1-028c-4101-bb42-0fa4fd37740b.jpg,,
96,Fable,096-Fable-05,27,8575d450-805e-4d8e-870d-38891499b776.jpg,,
96,Fable,096-Fable-05,28,85e559b8-5913-4839-8a71-98fd263b4235.jpg,,
96,Fable,096-Fable-05,29,8868cc16-d1dd-4b31-b67e-91cb5bb80d9e.jpg,,
96,Fable,096-Fable-05,30,8c1d9d12-c957-4ea8-93c6-25e88bb90526.jpg,,
96,Fable,096-Fable-06,31,8c73883c-e998-47f0-9008-31bc15875caa.jpg,,
96,Fable,096-Fable-06,32,8e30490a-6a00-4815-9426-2b817a2a80af.jpg,,
96,Fable,096-Fable-06,33,8fd2078b-1132-4108-9247-5c5ff81ea15e.jpg,,
96,Fable,096-Fable-06,34,9d958fe4-1768-4675-a8c4-b39f1402b2d5.jpg,,
96,Fable,096-Fable-06,35,a1174fbf-81cc-4982-892c-fbd179612dd6.jpg,,
96,Fable,096-Fable-06,36,a30496ea-488a-4b2d-8812-3e04518ff40c.jpg,,
96,Fable,096-Fable-07,37,a5c43b20-8f66-42e3-a543-0dadc239deac.jpg,,
96,Fable,096-Fable-07,38,a7b9dccb-cc2d-42fd-92dd-8827865554f5.jpg,,
96,Fable,096-Fable-07,39,a8001218-2700-425d-a988-ada573205b56.jpg,,
96,Fable,096-Fable-07,40,ad2656e5-c8e2-4b2f-9f17-c5cad3ac91b0.jpg,,
96,Fable,096-Fable-07,41,b111f942-4be6-469c-a0d2-6f8dee111bdb.jpg,,
96,Fable,096-Fable-07,42,bff9fb24-19f4-452f-a7a1-339f965d1c6a.jpg,,
96,Fable,096-Fable-08,43,c1a7be59-891f-4c5c-b198-bca3cbcf93ba.jpg,,
96,Fable,096-Fable-08,44,c1c1e6d2-e20b-46d4-acb4-9a22ebeaa937.jpg,,
96,Fable,096-Fable-08,45,c8a286c7-5144-4c70-8a89-70b2da805591.jpg,,
96,Fable,096-Fable-08,46,ccc4f964-9a62-41df-ab72-d53e4ab536d1.jpg,,
96,Fable,096-Fable-08,47,cf3f667c-1052-40c4-b64b-33795a1afc0f.jpg,,
96,Fable,096-Fable-08,48,d3cd9d05-000c-4e64-aeee-e72cb2ed03d0.jpg,,
96,Fable,096-Fable-09,49,d797bfef-b948-486b-b447-0a78fdd24fab.jpg,,
96,Fable,096-Fable-09,50,de481fdf-5daa-4a47-b434-e44501d140a6.jpg,,
96,Fable,096-Fable-09,51,e01bde49-9949-4f67-9c73-c883cc9b9178.jpg,,
96,Fable,096-Fable-09,52,e7eeff25-1e95-4000-aef2-1207faa8acff.jpg,,
96,Fable,096-Fable-09,53,e8525496-18b3-453c-a108-2c477c0c0806.jpg,,
96,Fable,096-Fable-09,54,e8d07406-a8e6-430d-8135-f2cc7f061a9d.jpg,,
96,Fable,096-Fable-10,55,e9013ce2-0bb2-4039-9154-adac08395f5d.jpg,,
96,Fable,096-Fable-10,56,eaa6828c-cd3f-4708-89af-fc2380109fef.jpg,,
96,Fable,096-Fable-10,57,efd0e13c-2522-41f8-a86a-e9a04cbc5c70.jpg,,
96,Fable,096-Fable-10,58,f1c2fb95-861d-420d-bbd1-8ba6fc0be377.jpg,,
96,Fable,096-Fable-10,59,f5fffc5f-e824-4b7c-824c-7b32712b4ac5.jpg,,
96,Fable,096-Fable-10,60,f7809c82-15cb-477f-9e5f-d937ed4d7c2d.jpg,,
99,Atoms.,099-Atoms.-01,1,0441eaf0-5d7b-4396-a9f6-76fd1d9b0ddd.jpg,,
99,Atoms.,099-Atoms.-01,2,04898f3b-733a-40f4-a36b-9fdd6c16c40d.jpg,,
99,Atoms.,099-Atoms.-01,3,0592ad07-214b-4204-afb4-46791c36c042.jpg,,
99,Atoms.,099-Atoms.-01,4,0a1b7c0d-1b3a-444a-af5b-75168ce7430f.jpg,,
99,Atoms.,099-Atoms.-01,5,0cb88f54-3033-4bda-a568-02b8841fd683.jpg,,
99,Atoms.,099-Atoms.-01,6,0ed6021b-135b-48b5-886d-a28ed0a79be2.jpg,,
99,Atoms.,099-Atoms.-02,7,11172e74-f25d-40a4-b61a-50e9ce9cff29.jpg,,
99,Atoms.,099-Atoms.-02,8,12899c20-7161-49b6-81cb-06708e8f8e51.jpg,,
99,Atoms.,099-Atoms.-02,9,12f3584e-1d83-4745-b42f-24a47babeb45.jpg,,
99,Atoms.,099-Atoms.-02,10,21672d93-2d7f-4ed1-822b-49286fa95955.jpg,,
99,Atoms.,099-Atoms.-02,11,217532c1-60ea-411a-8bd6-5c61ef9e3c63.jpg,,
99,Atoms.,099-Atoms.-02,12,21a631ac-fce5-410a-b6d9-a453d5e6254f.jpg,,
99,Atoms.,099-Atoms.-03,13,2b68ca0a-b250-4586-bb8b-22344975835d.jpg,,
99,Atoms.,099-Atoms.-03,14,2e66e929-3b3a-486c-8614-496f661da417.jpg,,
99,Atoms.,099-Atoms.-03,15,476fdeb8-83fb-42c1-a252-8120750f8501.jpg,,
99,Atoms.,099-Atoms.-03,16,485dbb36-d701-4c37-ab15-d35709d5ce51.jpg,,
99,Atoms.,099-Atoms.-03,17,4b77f6b3-5419-412d-93b6-89cb85883dfe.jpg,,
99,Atoms.,099-Atoms.-03,18,50cd335a-62cc-48fc-8411-fff4256cbe1a.jpg,,
99,Atoms.,099-Atoms.-04,19,5201d24f-5901-492f-96f4-793b1b5a2e33.jpg,,
99,Atoms.,099-Atoms.-04,20,5990624c-a0a3-4a81-9940-f12b992809f4.jpg,,
99,Atoms.,099-Atoms.-04,21,5d495565-7864-411a-8353-4d2e7db05814.jpg,,
99,Atoms.,099-Atoms.-04,22,62261681-e987-4dfd-a236-5da9334ba789.jpg,,
99,Atoms.,099-Atoms.-04,23,6645a0de-43ea-4262-bd6b-04cdddc65ee4.jpg,,
99,Atoms.,099-Atoms.-04,24,67e0940c-9df8-4d17-843b-d7f147cb2e2a.jpg,,
99,Atoms.,099-Atoms.-05,25,6d1d887c-89d1-43dd-86c0-957946287ad4.jpg,,
99,Atoms.,099-Atoms.-05,26,7a6b1080-3bb7-49b4-8c6b-920bc6beb80a.jpg,,
99,Atoms.,099-Atoms.-05,27,8c2f1793-fd2a-49fe-b69c-112cdafda8c7.jpg,,
99,Atoms.,099-Atoms.-05,28,92293dd2-8bdd-4861-8c72-21f0262c4e9d.jpg,,
99,Atoms.,099-Atoms.-05,29,923cb820-f729-471b-80e7-b8dab6ff2aca.jpg,,
99,Atoms.,099-Atoms.-05,30,92d2e3b8-4ea3-4cc5-80c1-a79c92b9bd51.jpg,,
99,Atoms.,099-Atoms.-06,31,97215706-e4b2-4e11-865c-eab9d176280e.jpg,,
99,Atoms.,099-Atoms.-06,32,982258ed-97a6-4d4f-a2aa-46acbadf0817.jpg,,
99,Atoms.,099-Atoms.-06,33,a721f1a2-2cf4-4f40-839d-4b2d1464650a.jpg,,
99,Atoms.,099-Atoms.-06,34,ab013056-5c79-40ce-8dd8-59d2246d7187.jpg,,
99,Atoms.,099-Atoms.-06,35,ab5d127e-5bb4-470c-beeb-d02e76e169df.jpg,,
99,Atoms.,099-Atoms.-06,36,abf434a6-dd5d-4c09-8b32-d62a61e2a249.jpg,,
99,Atoms.,099-Atoms.-07,37,b154b195-dfc1-4a37-a3d7-7b4df833baea.jpg,,
99,Atoms.,099-Atoms.-07,38,b2681521-c504-43e3-aa02-95f3ac63d876.jpg,,
99,Atoms.,099-Atoms.-07,39,b40eeaa0-0f42-4358-bd80-8e48df604357.jpg,,
99,Atoms.,099-Atoms.-07,40,b4631b52-6b3a-41cd-93cc-83c78721a6ad.jpg,,
99,Atoms.,099-Atoms.-07,41,bc0478e6-d77d-4fca-bfe4-69a9f5d51e8d.jpg,,
99,Atoms.,099-Atoms.-07,42,bc244249-49f2-415a-bd8b-a96f865dece9.jpg,,
99,Atoms.,099-Atoms.-08,43,c0cd6f6e-d460-4ccb-8a94-1851383bac2a.jpg,,
99,Atoms.,099-Atoms.-08,44,c1c40b42-4b63-4a71-a799-feaf4a5d6234.jpg,,
99,Atoms.,099-Atoms.-08,45,c851f817-6221-47d5-a9db-384dfac33b57.jpg,,
99,Atoms.,099-Atoms.-08,46,cbb3a9a6-de85-4538-a922-9e73d70b6649.jpg,,
99,Atoms.,099-Atoms.-08,47,d3bb33ee-fb18-4134-9acd-4790435c3c38.jpg,,
99,Atoms.,099-Atoms.-08,48,d3cbfd5f-e3b4-49b2-92e9-ed950bf8bf0d.jpg,,
99,Atoms.,099-Atoms.-09,49,d48dba9f-1fa9-4975-af9b-c80e5e269be7.jpg,,
99,Atoms.,099-Atoms.-09,50,d609dfd9-665e-4f8b-9bdb-6d3360c940ba.jpg,,
99,Atoms.,099-Atoms.-09,51,d9a83b7d-ea7b-496a-8d13-5fb3b964b88d.jpg,,
99,Atoms.,099-Atoms.-09,52,dc0c9a7d-2885-41d6-9bb5-d8f7aa474af3.jpg,,
99,Atoms.,099-Atoms.-09,53,e0f00300-ada4-4ae1-9d64-0aba8af8a047.jpg,,
99,Atoms.,099-Atoms.-09,54,e10b3480-65ba-4b76-986d-2f8cd763bf7a.jpg,,
99,Atoms.,099-Atoms.-10,55,e2cd540d-5522-4cf3-bd7b-156cea8b0a23.jpg,,
99,Atoms.,099-Atoms.-10,56,f291c951-2b5f-4fb1-b6cd-8ae96f7c10ae.jpg,,
99,Atoms.,099-Atoms.-10,57,f3ccb9ba-5a61-423a-acbe-502455c06f97.jpg,,
99,Atoms.,099-Atoms.-10,58,f3e571b8-5ac4-4064-9e5d-577f0f86895e.jpg,,
99,Atoms.,099-Atoms.-10,59,f93707fb-4c23-4363-bbfb-33e262f059c7.jpg,,
99,Atoms.,099-Atoms.-10,60,fae2ae1c-b2dd-40e8-b73a-0aa305d3aa8d.jpg,,
100,Copilot,100-Copilot-01,1,570a9719-4323-4393-a9a7-bdba262de149.jpg,Onboarding — choose a starting point,https://refero.design/screens/4a143351-b166-4f8a-a56b-bbe855fa9c8e
100,Copilot,100-Copilot-01,2,1c9f4f58-7632-4a59-bf26-eb5b75ad2105.jpg,"Onboarding — starting point, dark",https://refero.design/screens/fb9895ea-a9cf-4835-9f89-dab5721d8d95
100,Copilot,100-Copilot-01,3,3bcec5e5-3153-4af4-8710-403fd469f22d.jpg,"Education — types of transactions, dark",https://refero.design/screens/04dc2fbf-7830-4c0a-b2af-7c0aa1537c5c
100,Copilot,100-Copilot-01,4,77b7cf81-3ffc-46b0-9fa7-47dfbd0748cc.jpg,Link bank accounts — empty state,https://refero.design/screens/a7b7152a-4dbe-420c-87cd-9fc572e40ce6
100,Copilot,100-Copilot-01,5,4648c4b7-630d-4574-90cf-761398602f14.jpg,Link bank accounts — option cards,https://refero.design/screens/547aa8e6-ca79-4c95-b723-afe1317be05e
100,Copilot,100-Copilot-01,6,9b745eab-ff13-4fda-8f83-5d43fae8eb1c.jpg,Link bank accounts — account list,https://refero.design/screens/1876caa9-81fb-4330-b954-55ee48a2db2f
100,Copilot,100-Copilot-02,7,dd01261e-8a7e-40d6-bc79-0e0bcb09cc17.jpg,Link bank accounts — two cards,https://refero.design/screens/67efb01e-904a-41c3-9bad-beb72fd1be37
100,Copilot,100-Copilot-02,8,099e9d77-307f-46bd-ad8b-e81ef8e2b727.jpg,Link accounts — confirm account type,https://refero.design/screens/6694941e-71c2-4ed2-8444-fa43a7414054
100,Copilot,100-Copilot-02,9,81002205-8fc8-4b6a-b687-5ddb97a1ca9b.jpg,Link accounts — bottom sheet,https://refero.design/screens/1f493b6c-e982-40b0-94d0-295772cf756c
100,Copilot,100-Copilot-02,10,31a6efe8-c593-4c5c-8573-41d783db93b4.jpg,Link accounts — toggle sheet,https://refero.design/screens/21113729-476d-404f-904a-055a136e644e
100,Copilot,100-Copilot-02,11,f763d247-9421-4443-b35a-e9acc7e166bd.jpg,Select your institution — sheet,https://refero.design/screens/550f7672-c69e-41f2-9fcc-dac3e20b92e1
100,Copilot,100-Copilot-02,12,4635ac67-c88f-4208-bcba-bf0d1c1a1efa.jpg,Linking — loading sheet,https://refero.design/screens/51a9901e-5654-4206-bdb9-300fd520a533
100,Copilot,100-Copilot-03,13,5dc93921-da05-4089-90fa-8478e07be7d4.jpg,"Link bank accounts — net worth card, dark",https://refero.design/screens/f957b8da-f16d-43ac-aa2b-f17615b23745
100,Copilot,100-Copilot-03,14,f2be252c-1831-478d-862c-3f0030dd7e25.jpg,"Manual cash account — chart, dark",https://refero.design/screens/70a77485-09d9-414a-b620-4531ba76e407
100,Copilot,100-Copilot-03,15,7c56e9ea-ad6c-4a0d-b5a2-55e28b57e3a4.jpg,Dashboard — guided tour popover,https://refero.design/screens/1aaaab8e-2d8f-46e3-9359-d25bcadf402c
100,Copilot,100-Copilot-03,16,5a8954e5-5651-476f-971d-825c80fe9a3f.jpg,"Dashboard — tour, tab strip",https://refero.design/screens/759c5ec3-43e0-4b36-b144-0a434fa15539
100,Copilot,100-Copilot-03,17,6b448040-3b0b-4c53-8487-3fb5f1adadb0.jpg,Dashboard — spending charts,https://refero.design/screens/d00e814a-dcb1-4328-af1f-e9f7aa1d7486
100,Copilot,100-Copilot-03,18,a3ba854b-bff9-4759-b5fd-479303c77ba0.jpg,Dashboard — trial banner,https://refero.design/screens/4f47889e-8d6a-47ca-89ef-24787d977840
100,Copilot,100-Copilot-04,19,ce3d25d7-bbb8-4c32-b0fa-3bc4a3745e19.jpg,Dashboard — AI intelligence card,https://refero.design/screens/9efb551e-cd77-46ce-9a9f-6b43ee294bb3
100,Copilot,100-Copilot-04,20,6d2a8f0c-18c1-4044-bf9d-5e40023dcc94.jpg,Copilot Intelligence — intro sheet,https://refero.design/screens/d6b1e904-eb33-4cae-8503-79bdab51aadc
100,Copilot,100-Copilot-04,21,a8ade1b8-93ed-4c6e-a6a9-0031d413a227.jpg,Preview budget changes — sheet,https://refero.design/screens/593c07ef-6cbb-4056-ac51-d0b7be11322e
100,Copilot,100-Copilot-04,22,24406cbe-3262-49b4-8761-1698290a63e8.jpg,Categories — budget overview,https://refero.design/screens/d40d4ad0-0fdd-4b45-b65f-f2bf3700f11b
100,Copilot,100-Copilot-04,23,9afdcd44-ae3e-43d0-8bd7-7edce0f46c8d.jpg,Categories — spend list,https://refero.design/screens/0f46f651-a52f-4e1b-929c-328c805307f5
100,Copilot,100-Copilot-04,24,40ccf9bf-73e7-4794-801d-d68ead0ecc8b.jpg,Categories — over and under budget,https://refero.design/screens/ed47f951-38c5-4074-b4ef-32add1b883e6
100,Copilot,100-Copilot-05,25,35cdc97a-d886-446e-b452-62e144bdda3c.jpg,Categories — dark mode,https://refero.design/screens/e75921dd-7cc7-42a3-8d23-f67b64f711e0
100,Copilot,100-Copilot-05,26,87a0e4c0-f064-4fdc-87c9-2f8ba2cd5465.jpg,"Categories — empty state, dark",https://refero.design/screens/732bd69a-05b1-413f-9d73-061193d0cbc4
100,Copilot,100-Copilot-05,27,e37e584d-1f2f-4a55-bdab-9d3a58f146a3.jpg,Recurrings — empty state,https://refero.design/screens/24722251-e04f-4242-9671-bf08eedf4480
100,Copilot,100-Copilot-05,28,3d7ba7a9-94de-4323-9cc4-9aaaf839413c.jpg,Recurrings — list with progress,https://refero.design/screens/d3e92472-c4a5-4738-8216-260fd2370dfe
100,Copilot,100-Copilot-05,29,a8471792-e75d-421b-a726-d28f1c8dd775.jpg,Recurrings — upcoming,https://refero.design/screens/ac7f5248-e480-42a3-afb3-b181ec018677
100,Copilot,100-Copilot-05,30,17b2332e-0b84-4e7f-bf0a-b8c0b33cb976.jpg,Recurrings — paid this month,https://refero.design/screens/fbe39a45-9d91-4b1c-9c2c-4e2a28e32590
100,Copilot,100-Copilot-06,31,4f0e7025-775e-4471-bf83-5cf7e7d6778d.jpg,Recurrings — add new,https://refero.design/screens/c564b808-cf20-4828-ba82-e85fbfa13139
100,Copilot,100-Copilot-06,32,6456b65e-f274-4022-aca2-b39da2db0502.jpg,Recurrings — dark mode,https://refero.design/screens/a22b1ed5-4091-4715-8422-cff748dd3701
100,Copilot,100-Copilot-06,33,0361c190-58e7-4cd6-8c06-b16d7fc2cc68.jpg,Recurrings — dark list,https://refero.design/screens/e0ebd82e-b5e9-420d-a0e8-c384c6f0a0fe
100,Copilot,100-Copilot-06,34,8a563ab0-b843-4916-8a5f-39098125f500.jpg,Confirm recurring frequency — sheet,https://refero.design/screens/1e136fe6-34a6-4ad3-b7b7-74ba9ef3c3d3
100,Copilot,100-Copilot-06,35,d2d36c79-2eee-4368-bff1-6c2bbb82a14e.jpg,New bi-weekly recurring — keyboard,https://refero.design/screens/594398a4-2ff5-491f-99a2-c9053ddb0afb
100,Copilot,100-Copilot-06,36,a9f79ffe-bb2b-498a-8b1c-687cf53eda8d.jpg,New bi-weekly recurring — dark chart,https://refero.design/screens/7a11109e-cab7-4f11-baed-3f0721356f78
100,Copilot,100-Copilot-07,37,526663f5-2ede-4cc6-a072-21c72e0d9bb3.jpg,Transactions — dark list with tabs,https://refero.design/screens/85a7e19f-6f09-46d3-b4f8-ed234a1ad3d8
100,Copilot,100-Copilot-07,38,847b0eee-427d-4acc-a8fa-2d2c6fd77b66.jpg,Transactions — search and tags,https://refero.design/screens/7211e686-5387-4741-91ad-ed67be5148d1
100,Copilot,100-Copilot-07,39,be327888-4eff-4111-8186-4c4c26be2873.jpg,Transactions — list with badge,https://refero.design/screens/b0de2e67-d91b-48c9-a612-364d238db80a
100,Copilot,100-Copilot-07,40,9e890a1f-3ff7-4a5b-ad46-55ea8cf877db.jpg,Transactions — filter chips,https://refero.design/screens/23babcfb-d0f7-47c2-8deb-b0f828dff928
100,Copilot,100-Copilot-07,41,a24268f9-0e71-450e-afa0-83eecdc497c5.jpg,"Transactions — dark, sort dropdown",https://refero.design/screens/f71b4a91-8ae8-4dd4-bef6-4552c9880ba4
100,Copilot,100-Copilot-07,42,f8e2f214-6ee0-4e0e-86eb-cb2eb66bd9f0.jpg,"Add transaction — Regular, Income, Transfer",https://refero.design/screens/730a035f-f248-4157-a28b-790fdde2fe4f
100,Copilot,100-Copilot-08,43,5d84df6f-d94a-4860-b454-920d2c42a182.jpg,Add transaction — dark with keyboard,https://refero.design/screens/e43e7854-5c1b-4489-b416-0f237a12934a
100,Copilot,100-Copilot-08,44,92ca9f20-3aee-4c81-90e3-36e339943268.jpg,Date picker — dark calendar sheet,https://refero.design/screens/ea0c9e4c-f660-497c-af90-16bb26d87221
100,Copilot,100-Copilot-08,45,2baefbba-0720-41e3-9270-02fdf4e94e33.jpg,Investments — portfolio overview,https://refero.design/screens/5c732a52-0568-425d-91ae-eb15f8423d05
100,Copilot,100-Copilot-08,46,d54b9ade-a106-47c4-a434-5554598da9b1.jpg,Investments — holdings chart,https://refero.design/screens/0d695435-1047-4fca-a6e1-738cd845ae5d
100,Copilot,100-Copilot-08,47,b13b6600-377f-412f-bfd6-ffcae156b432.jpg,"Investments — dark, slider chart",https://refero.design/screens/850ab646-c9e5-4913-87cf-410792a5bdcb
100,Copilot,100-Copilot-08,48,3c5ad84c-5169-4837-a38c-07442449b870.jpg,Investments — dark holdings list,https://refero.design/screens/8e05a291-0fef-4332-8b08-94be790f24c9
100,Copilot,100-Copilot-09,49,ff307173-6fd2-4e80-bb80-1f8e90c8b98f.jpg,Investments — performance toggle sheet,https://refero.design/screens/7cbe3549-cd3c-4363-bf9a-3783a86ab258
100,Copilot,100-Copilot-09,50,94060db7-a73f-4a62-943d-a1ab2c35c99e.jpg,Holding detail — Nvidia chart,https://refero.design/screens/dd130267-5ee2-4815-8ea1-4aca5f1c8273
100,Copilot,100-Copilot-09,51,7e21e1c8-6a60-4ca8-b8c6-52968fb3ccb8.jpg,Net worth settings — toggles sheet,https://refero.design/screens/a09c9791-50ae-4ae5-94b8-b27f28e4fed4
100,Copilot,100-Copilot-09,52,15c75be4-122c-4aa7-a360-72cccfc7a157.jpg,Widget — net worth,https://refero.design/screens/94236678-cb3c-46ba-99eb-7050a12129a6
100,Copilot,100-Copilot-09,53,723c494a-b62a-4840-b6bc-7b5cea083f54.jpg,Widget — assets and debt,https://refero.design/screens/f0e99254-d0a6-4042-9f2f-81eefcee489d
100,Copilot,100-Copilot-09,54,306403e3-2682-4069-b7c8-bafd6a1f012a.jpg,Widget — budget left chart,https://refero.design/screens/3c407af1-5605-49d5-b5bf-654420c1dd2c
100,Copilot,100-Copilot-10,55,2909da51-5398-4ab2-bb5c-9abc33c7cffe.jpg,"Widget — category spend, Pets",https://refero.design/screens/2c65a516-5228-4e4d-82a3-a5b5ccf40a04
100,Copilot,100-Copilot-10,56,657b6763-5364-4c84-a9b7-47c0213cbf84.jpg,Widget — recent transactions,https://refero.design/screens/e7f4b2be-5123-4af9-9442-b4284d3132c8
100,Copilot,100-Copilot-10,57,683d0fdd-87d0-48bd-92ce-72c3c9c3a80c.jpg,Monthly spending — summary,https://refero.design/screens/a2460b25-89aa-477d-9d67-b5ec074c282a
100,Copilot,100-Copilot-10,58,a64b6520-a02e-40e3-aeda-cc1c002ec4c5.jpg,Copilot Labs — Amazon integration,https://refero.design/screens/b8ca5dc1-749d-4df7-a023-c04cec728c2f
107,VSCO,107-VSCO-01,1,02103d79-681a-47fc-bb86-8bdc5e422aba.jpg,,
107,VSCO,107-VSCO-01,2,1798b457-a18a-466e-a060-a775103b559a.jpg,,
107,VSCO,107-VSCO-01,3,21f0eb56-fb65-4e34-a002-ad03f30af31a.jpg,,
107,VSCO,107-VSCO-01,4,22efea35-3885-48a6-abaa-fe285c617d53.jpg,,
107,VSCO,107-VSCO-01,5,2362487e-4b11-4948-b398-730cf36ba43f.jpg,,
107,VSCO,107-VSCO-01,6,24bd2206-e6c0-4864-84fb-523ef596df6f.jpg,,
107,VSCO,107-VSCO-02,7,2b3970a2-feb6-42c8-97d3-030cd1ee0fc5.jpg,,
107,VSCO,107-VSCO-02,8,2dd1b49d-228a-45ae-b68e-a8b6b7e681a2.jpg,,
107,VSCO,107-VSCO-02,9,2f8a1832-9f53-42b0-9169-551046f55c2b.jpg,,
107,VSCO,107-VSCO-02,10,310ccccc-b50e-47a5-b533-adb65578c8fb.jpg,,
107,VSCO,107-VSCO-02,11,344be9d6-3444-4c96-bb66-82a82b07b33a.jpg,,
107,VSCO,107-VSCO-02,12,3be0263d-f129-4aeb-9528-0307ed6e8495.jpg,,
107,VSCO,107-VSCO-03,13,3e25b7d4-0856-4ccc-a99a-85c668080fcc.jpg,,
107,VSCO,107-VSCO-03,14,4570ab8e-87f8-4a65-93f7-a2b438c041be.jpg,,
107,VSCO,107-VSCO-03,15,4d67edc4-d62c-4e23-8a45-01d3b94ad472.jpg,,
107,VSCO,107-VSCO-03,16,50351408-3d3d-4007-bcca-31b796498fd3.jpg,,
107,VSCO,107-VSCO-03,17,5533696d-3402-479c-b5d1-df6f669547ba.jpg,,
107,VSCO,107-VSCO-03,18,5600df40-6664-4c38-9795-189e8fe77ca0.jpg,,
107,VSCO,107-VSCO-04,19,5687f7d9-2b17-4576-b1ea-a3cffe4baa1c.jpg,,
107,VSCO,107-VSCO-04,20,5a3db163-b4e2-4269-92c6-a5ebff00e85c.jpg,,
107,VSCO,107-VSCO-04,21,5d5f4190-2d57-4ba8-81cd-45f776568f03.jpg,,
107,VSCO,107-VSCO-04,22,5d9dae49-bb52-43d5-a9db-2c9da5f1ccb5.jpg,,
107,VSCO,107-VSCO-04,23,638285bd-da82-4ee0-8acd-cf935f82e292.jpg,,
107,VSCO,107-VSCO-04,24,653a3760-f7a5-400c-8f5a-c61f8a87bdac.jpg,,
107,VSCO,107-VSCO-05,25,666daa3c-bd2a-45c5-8761-5a620ac188da.jpg,,
107,VSCO,107-VSCO-05,26,6935d7ec-5ea5-49c6-a839-cc71e14be46d.jpg,,
107,VSCO,107-VSCO-05,27,696bf26d-34fa-43dd-b6aa-c1c8fbecd810.jpg,,
107,VSCO,107-VSCO-05,28,6a5535d6-4f1d-4885-b6f9-83fd0050b867.jpg,,
107,VSCO,107-VSCO-05,29,703d2019-4aeb-4595-ad53-cc45e29fc78a.jpg,,
107,VSCO,107-VSCO-05,30,71772a2e-2f38-49d8-a88e-3ef59c77656e.jpg,,
107,VSCO,107-VSCO-06,31,75b06235-c315-4294-95ea-70002c059464.jpg,,
107,VSCO,107-VSCO-06,32,76c04119-3d03-463d-aeca-aef3121c996f.jpg,,
107,VSCO,107-VSCO-06,33,77a05b15-43af-456b-9424-428e84a9babf.jpg,,
107,VSCO,107-VSCO-06,34,7a7ccbaa-712e-4f77-966d-9f631022b076.jpg,,
107,VSCO,107-VSCO-06,35,7bbea90e-a226-4948-b245-d50087a6bbee.jpg,,
107,VSCO,107-VSCO-06,36,8053db77-cf59-4a48-87c8-c4449c8bbc6d.jpg,,
107,VSCO,107-VSCO-07,37,94c52c7f-e4b8-4a38-89fc-1351b63ff0ad.jpg,,
107,VSCO,107-VSCO-07,38,953be4c0-5a03-4bf1-88db-e031fb51b54d.jpg,,
107,VSCO,107-VSCO-07,39,98ab8cb1-a174-4f15-ba7e-35fee32deb09.jpg,,
107,VSCO,107-VSCO-07,40,9b45bf5e-027c-4893-9e41-497c7032dd2d.jpg,,
107,VSCO,107-VSCO-07,41,9bf24b30-d339-47dd-b80b-98bb3e963764.jpg,,
107,VSCO,107-VSCO-07,42,9e24561f-b363-4eb6-80b8-28c941318368.jpg,,
107,VSCO,107-VSCO-08,43,a0d8ea87-71f7-4abf-8cd3-43fcac362924.jpg,,
107,VSCO,107-VSCO-08,44,a4d2e94d-4c45-485b-a6d5-7340aa9c081e.jpg,,
107,VSCO,107-VSCO-08,45,aa602704-2eb3-4465-9d85-ae71898061ef.jpg,,
107,VSCO,107-VSCO-08,46,aae4b72c-18e6-45e4-9713-923a45e79103.jpg,,
107,VSCO,107-VSCO-08,47,ab2de7c5-74c6-4904-8dfa-4891857c1160.jpg,,
107,VSCO,107-VSCO-08,48,ac56773c-3b21-43b9-9883-e07f2fc76ca3.jpg,,
107,VSCO,107-VSCO-09,49,afe06c96-0c3b-496a-aa67-5b4e8fc9789b.jpg,,
107,VSCO,107-VSCO-09,50,afee93e4-d7b4-4371-9a91-4754c391aba8.jpg,,
107,VSCO,107-VSCO-09,51,b367b7e4-f6b2-4cf8-8e1a-6a56d4c0f19f.jpg,,
107,VSCO,107-VSCO-09,52,bd90a12d-ef9f-4174-a7e6-90b2878fc4f7.jpg,,
107,VSCO,107-VSCO-09,53,c1e25646-2da7-4ae3-bb74-55cae04c4c4f.jpg,,
107,VSCO,107-VSCO-09,54,c6468d62-f1f4-4813-b0d1-e084aca4831c.jpg,,
107,VSCO,107-VSCO-10,55,ca5d03c2-dee7-4392-a758-824954e30418.jpg,,
107,VSCO,107-VSCO-10,56,dcfd91ab-326e-4ac4-afc1-25ee200a6b90.jpg,,
107,VSCO,107-VSCO-10,57,e39de47f-631e-45dd-b68d-14f85edbf71e.jpg,,
107,VSCO,107-VSCO-10,58,f4b0656b-90d5-469d-a20e-64970cc54bb4.jpg,,
107,VSCO,107-VSCO-10,59,f505b296-a51a-4475-9de5-0f82a84f5823.jpg,,
107,VSCO,107-VSCO-10,60,f82ea72e-e3eb-4cb7-b8ea-328a1172448b.jpg,,
108,Superlist,108-Superlist-01,1,04356960-b666-4ab7-b532-1486dbf04b49.jpg,,
108,Superlist,108-Superlist-01,2,05233913-a035-4d08-b0c6-e8ac5e593164.jpg,,
108,Superlist,108-Superlist-01,3,095ba6c1-9d8a-4d37-9749-6b16eb88da09.jpg,,
108,Superlist,108-Superlist-01,4,0986fc18-91d2-4358-8850-09f4c9f6e0f2.jpg,,
108,Superlist,108-Superlist-01,5,0db7d415-c272-42f5-b592-ce6071979ded.jpg,,
108,Superlist,108-Superlist-01,6,10cdc907-c6ac-4df4-8084-736fa7af2fe7.jpg,,
108,Superlist,108-Superlist-02,7,17e8e91a-dbf5-4074-a4a2-9c640cf3d403.jpg,,
108,Superlist,108-Superlist-02,8,1910b95e-be22-476b-b341-47965b74c4a5.jpg,,
108,Superlist,108-Superlist-02,9,1be78a4d-a1a4-44f5-91be-a59fd871e372.jpg,,
108,Superlist,108-Superlist-02,10,25729abe-deee-46d8-a557-a768469fe8f0.jpg,,
108,Superlist,108-Superlist-02,11,271f3f71-8363-40da-ac8b-0fc3508b9735.jpg,,
108,Superlist,108-Superlist-02,12,2adba8b6-9f8c-4470-bce1-469860543872.jpg,,
108,Superlist,108-Superlist-03,13,2b58acdd-db6e-4196-a3f6-059c622f6940.jpg,,
108,Superlist,108-Superlist-03,14,318223a9-6cd7-4519-be9c-116e68a926c9.jpg,,
108,Superlist,108-Superlist-03,15,35657233-57d7-4cb7-bc6b-d91e88d75f64.jpg,,
108,Superlist,108-Superlist-03,16,3630282a-4a0e-4dba-9dc3-302218624f1f.jpg,,
108,Superlist,108-Superlist-03,17,3bba9205-ff5a-4522-9241-0933fdc37411.jpg,,
108,Superlist,108-Superlist-03,18,41bbd24f-585b-4764-9cc2-76f3f9cf9a85.jpg,,
108,Superlist,108-Superlist-04,19,4e9ff20b-7a04-4697-babc-0138b9859e22.jpg,,
108,Superlist,108-Superlist-04,20,5a863247-1e25-4917-af48-9eef099e66e4.jpg,,
108,Superlist,108-Superlist-04,21,622e4c91-9b6f-4173-8934-4729e624830b.jpg,,
108,Superlist,108-Superlist-04,22,623cfe4d-3aa4-4e6b-8302-f986c0e72f25.jpg,,
108,Superlist,108-Superlist-04,23,66b97cb5-8cbc-42b4-a52e-59c92f34af95.jpg,,
108,Superlist,108-Superlist-04,24,6701e908-8ebd-4237-b61d-9b84714f0336.jpg,,
108,Superlist,108-Superlist-05,25,68c02e06-6948-458f-96f3-f78cb9116df7.jpg,,
108,Superlist,108-Superlist-05,26,71954a88-c811-423c-ad36-de64c3cadaa5.jpg,,
108,Superlist,108-Superlist-05,27,71b4c8df-eef5-4744-ab58-15d0beb4fb02.jpg,,
108,Superlist,108-Superlist-05,28,71e2bee3-3d26-4baa-97d4-4ee5202f035a.jpg,,
108,Superlist,108-Superlist-05,29,74b20d6d-15af-4813-be20-fe74a4b98a21.jpg,,
108,Superlist,108-Superlist-05,30,757b8ba7-6ef5-4ac7-b6da-0675d366617b.jpg,,
108,Superlist,108-Superlist-06,31,76964344-cb23-4be4-89c0-36cbc272fabd.jpg,,
108,Superlist,108-Superlist-06,32,7a60c2f6-ea05-457d-99eb-6617105212c6.jpg,,
108,Superlist,108-Superlist-06,33,7d38aff9-f0b3-475f-b610-42d5c9b4098e.jpg,,
108,Superlist,108-Superlist-06,34,7d4c0c04-c02d-4680-aa5b-3fec66f045c7.jpg,,
108,Superlist,108-Superlist-06,35,7e456a81-fc19-4ab8-a7cf-f220bfdc834d.jpg,,
108,Superlist,108-Superlist-06,36,83dc4ce4-e800-4345-86d1-b2fab153fca9.jpg,,
108,Superlist,108-Superlist-07,37,8546eb8d-6331-47b1-9e56-5bd8aad960e5.jpg,,
108,Superlist,108-Superlist-07,38,9b7afe00-eec2-4ea2-9298-aca3c9f66e88.jpg,,
108,Superlist,108-Superlist-07,39,aa613db4-6f86-4b87-bb50-a1f3b3a2e4b0.jpg,,
108,Superlist,108-Superlist-07,40,aa6fdeca-9c9e-4132-9a92-8a7c334575bc.jpg,,
108,Superlist,108-Superlist-07,41,b00fc6bb-cdc3-4bb0-a8e0-1d96f3bc10fb.jpg,,
108,Superlist,108-Superlist-07,42,b66a19d7-1304-4c68-b67a-ca9306b1451d.jpg,,
108,Superlist,108-Superlist-08,43,c61d07f4-1e07-4f90-8c3a-7b093ef65226.jpg,,
108,Superlist,108-Superlist-08,44,c7ba561d-05c5-4a02-927a-d16d6e2398c4.jpg,,
108,Superlist,108-Superlist-08,45,ccc66468-7ef2-4bec-8186-0103455ff7a0.jpg,,
108,Superlist,108-Superlist-08,46,d002dd64-f236-4497-88cc-6420d6321999.jpg,,
108,Superlist,108-Superlist-08,47,d24ec58f-ef99-49f1-8f71-53defbed1de4.jpg,,
108,Superlist,108-Superlist-08,48,d526ad6c-e2ff-4d32-bb5f-3bf01b25ac5b.jpg,,
108,Superlist,108-Superlist-09,49,dd2f34ea-eaa2-47f1-909a-24d2420bba34.jpg,,
108,Superlist,108-Superlist-09,50,dd886706-e65d-421b-a17b-e09d9dcb3489.jpg,,
108,Superlist,108-Superlist-09,51,dfc1ba63-edb0-4650-b0cc-94a3accd241f.jpg,,
108,Superlist,108-Superlist-09,52,e1bb199b-20b1-4de7-9ce1-404f667e79a5.jpg,,
108,Superlist,108-Superlist-09,53,e8f9ab18-758b-4957-8e6b-d1a32cad8bc9.jpg,,
108,Superlist,108-Superlist-09,54,eba6e889-6c36-425c-ab60-345a2ce9c44b.jpg,,
108,Superlist,108-Superlist-10,55,ed027ac0-d06a-45c8-bb6c-b59cccb1c265.jpg,,
108,Superlist,108-Superlist-10,56,ee7657f9-8383-4c6f-a121-68b7f62a0260.jpg,,
108,Superlist,108-Superlist-10,57,f0686bc5-a9e9-4e6f-b2eb-3a68c45ab856.jpg,,
108,Superlist,108-Superlist-10,58,f74b87c9-dc07-4c5b-94b2-646d1d29b329.jpg,,
108,Superlist,108-Superlist-10,59,fa8a7319-e50a-4aa0-ab1e-3d4cc991d1c2.jpg,,
108,Superlist,108-Superlist-10,60,ff533acd-2dbe-42e7-8422-0861c7502439.jpg,,
114,X,114-X-01,1,6c168975-4416-4a8f-bf69-f7de168dac57.jpg,Compose — Timeline / Feed,https://refero.design/screens/13015925-2bf2-4986-b83a-41aff28282a4
114,X,114-X-01,2,6e7e5400-d4c6-48e0-8f45-e849cb418c50.jpg,Compose — Composer (blank),https://refero.design/screens/043fa53f-ea95-4fc1-8f53-08c51c1be5ac
114,X,114-X-01,3,9af351c3-761d-479e-8eed-798ec1636145.jpg,Compose — Choose audience (communities),https://refero.design/screens/57803f10-cdf7-477f-a851-985f969d7107
114,X,114-X-01,4,b7e44fda-2672-4847-8a9e-503d09b3681a.jpg,Compose — Who can reply? (reply controls),https://refero.design/screens/17d3bf0c-d907-43ce-ae9a-9b84e2dfad92
114,X,114-X-01,5,ecfdb629-4d8a-486e-a6cd-a0654cf715d0.jpg,Compose — Recording in progress,https://refero.design/screens/1c6c74a0-de61-4150-91cb-ec10202680f6
114,X,114-X-01,6,1d0878b9-ef62-4901-bf66-442270536e24.jpg,Compose — Add poll (initial),https://refero.design/screens/b828dfea-6935-4a9e-957f-4c74d19b7008
114,X,114-X-02,7,e7620b77-eaff-47b2-a8ab-f53e85437d7b.jpg,Compose — Configure poll duration,https://refero.design/screens/d56bd270-c462-4c7e-8cfa-038c7c0a260c
114,X,114-X-02,8,e66e8a5c-b952-48b7-bdca-a949c3fd7456.jpg,Compose — Thread / Post view & persistent playback,https://refero.design/screens/1893047e-e145-4480-95a5-02ec3a5e1196
114,X,114-X-02,9,9547060b-8c35-48eb-a41f-e4e150a591ba.jpg,Reply — Full-screen image view,https://refero.design/screens/bc9de25a-1316-4d5c-8580-446bc00ed957
114,X,114-X-02,10,752890f8-71da-491e-822e-17fc3a288d50.jpg,Reply — Inline reply composer (tooltip),https://refero.design/screens/1a5603ac-48d5-4821-89af-bc7f7c2d817c
114,X,114-X-02,11,7d062c35-08b1-4d80-8362-3e1add57c820.jpg,Reply — Open photo picker,https://refero.design/screens/7103d170-2b8e-4de1-8778-8196e3be7423
114,X,114-X-02,12,3cce9ba9-43be-4118-bb6d-e36975b18143.jpg,Reply — Photo editor — filters,https://refero.design/screens/21fd06e8-0d34-48fa-9e11-380d6874389a
114,X,114-X-03,13,149255ab-1275-4fa5-b05a-0ac0a711df67.jpg,Reply — Add location — precise-location prompt,https://refero.design/screens/a8c34153-a282-453e-8760-eb03a385fd71
114,X,114-X-03,14,aa0bef71-3e71-43c7-a437-148d13da915d.jpg,Reply — Tag people — search,https://refero.design/screens/ff763ac3-8079-4f83-a073-a464500c3537
114,X,114-X-03,15,e57d90a5-5d3b-4def-962b-02ed0ae7f0a0.jpg,Post — Contextual action sheet,https://refero.design/screens/ed57862c-e1b9-4c30-a926-e4ce126d39c9
114,X,114-X-03,16,8277af58-77af-4e07-846c-d94eb7791441.jpg,Post — Delete confirmation dialog,https://refero.design/screens/1ee4e377-f083-4970-9869-dccdedeb951b
114,X,114-X-03,17,f846f2a6-a211-4c63-a049-efbd69c31408.jpg,Comment — Cancel composer (present options),https://refero.design/screens/c9a4c4ad-f37a-490c-afe7-822779541a3b
114,X,114-X-03,18,92052e53-5709-492e-b7cf-e6c55968ec97.jpg,Share — Share options sheet,https://refero.design/screens/2c479c27-274b-4b11-923a-a3ea98694aba
114,X,114-X-04,19,8e92ef9f-8c97-4d34-9a42-e00005939b70.jpg,Profile — posts tab,https://refero.design/screens/009d49bd-7d5b-4761-9e44-84f632ab717c
114,X,114-X-04,20,395c9ac2-f10f-4a87-a6d3-699c3542ca86.jpg,Profile — Profile overview,https://refero.design/screens/9d361cf3-0802-44ca-9983-b442a262ef39
114,X,114-X-04,21,3b62fbab-e819-4bba-8db0-329713e4511e.jpg,Profile — Edit profile — empty fields (initial),https://refero.design/screens/884070e0-b918-4a3a-b5e1-9982a775f152
114,X,114-X-04,22,7927e409-fda4-45a2-882d-efeab0246421.jpg,Profile — Confirm updates and view media,https://refero.design/screens/4d111b3e-ca28-4088-87ff-04da502eec25
114,X,114-X-04,23,3ab8a76e-d659-40b9-b550-b26fd7e67cd5.jpg,Space — Live Space (host view),https://refero.design/screens/f1a18f36-de35-4206-869d-56897f44598f
114,X,114-X-04,24,08c06408-74f9-4202-9bc2-978b58ee1f76.jpg,Space — More menu open (three-dot),https://refero.design/screens/231a4c46-8da0-41d3-aacc-fd943889ac4c
114,X,114-X-05,25,df8bb9da-9e5c-4a2d-83c4-541e0fccc078.jpg,Space — Adjust settings,https://refero.design/screens/5b916f77-a0e7-4fcb-8815-85692c336f59
114,X,114-X-05,26,a81abbf6-7f3c-4f7b-af62-3a6dcc9a08c8.jpg,Space — Guests list (speakers & listeners),https://refero.design/screens/c7b17c21-aba6-4c75-9666-427f4573472b
114,X,114-X-05,27,9d30fab3-07e5-4692-805e-e305cad48224.jpg,Space — Per-user moderation sheet,https://refero.design/screens/60c3dfb1-a0ce-4323-9d87-dd0d58e0a647
114,X,114-X-05,28,6e6aceda-28e4-4af2-93db-93044aacd1c8.jpg,Space — Create & share clip (preview),https://refero.design/screens/0f4a5a32-8ab9-4bc9-8830-137d99e20f8f
114,X,114-X-05,29,72adbf48-110e-4a11-8b17-f6992b8a3127.jpg,Space — Create your Space — blank,https://refero.design/screens/559625de-8f6e-475b-8ba4-3503babc4d08
114,X,114-X-05,30,8502f1d7-4819-4f0c-87f6-d70a5a0867a9.jpg,Space — Open Topics picker,https://refero.design/screens/712cefe5-fa25-4568-8e03-6bef404f6fbf
114,X,114-X-06,31,74103612-1c7b-495b-aed3-fc4836872550.jpg,Space — Schedule picker — choose date/time,https://refero.design/screens/1d70e492-0fdb-438d-8130-a36109e6ecdb
114,X,114-X-06,32,6b386f9f-1da8-453d-b305-11aaf3a3370a.jpg,DM — Timeline — DM preview,https://refero.design/screens/e5856d04-9796-48ae-b2f6-46113e08601f
114,X,114-X-06,33,0f6c4ecd-a3a0-4490-b2ba-f37ad338cc15.jpg,DM — Open reaction picker,https://refero.design/screens/b7c5cf16-ea3c-4001-a462-629f11f3fcef
114,X,114-X-06,34,42b0184f-c8e3-40c6-a4ab-78a38e2b91ae.jpg,DM — Enter audio recording mode,https://refero.design/screens/e6d03876-e0b9-4a8e-8947-0cbaddb181fa
114,X,114-X-06,35,efc0050f-9689-4135-a2e6-aebf7b1a9205.jpg,DM — Open in-composer camera for GIF,https://refero.design/screens/391dbde6-a2c9-47d5-adf6-c60f598ce031
114,X,114-X-06,36,23b07da4-74a6-47a7-8f63-94e375d5f82c.jpg,Call — Active Audio Call (connected),https://refero.design/screens/6f336a52-3f4f-4ec7-9f26-55c5b7109923
114,X,114-X-07,37,169bd626-c9db-4d3f-b859-6b476a34a88f.jpg,Call — Swap to Video / Incoming Camera Feed,https://refero.design/screens/48d89ca3-656c-4b0a-92af-4398602fe7b6
114,X,114-X-07,38,04007a80-c3ea-49f4-be1f-f59095a65183.jpg,Call — Picture-in-Picture in Thread,https://refero.design/screens/7dc70e7a-2b3f-46ff-b9b2-e03c4bd8cfb2
114,X,114-X-07,39,f7beedea-2e5e-4b4e-9868-2f80f851c889.jpg,DM — Unsent Message Context Menu,https://refero.design/screens/ae656ce7-3673-4a50-9e92-b250b5df4df4
114,X,114-X-07,40,ce8b87be-bfae-412b-95cd-2d78e1582604.jpg,Lists — Discover Lists,https://refero.design/screens/30b47314-19f5-4be7-b9ae-93c3d8150e2c
114,X,114-X-07,41,bfe9f378-9815-43d7-bd25-bfd285399476.jpg,Lists — Create your List (filled),https://refero.design/screens/bbf38740-ca4b-4a8c-9561-845e28b7a0d8
114,X,114-X-07,42,4025872f-32ab-46a7-aede-a3f076e74faf.jpg,Lists — New List profile,https://refero.design/screens/24ce9363-026e-47c8-9c73-b7effb6d005c
114,X,114-X-08,43,a3dc16ca-07a0-41bf-955c-2cae6fd3351f.jpg,Jobs — Search landing with suggestions,https://refero.design/screens/b340b06f-2989-4c20-a1b2-b1c958a31da5
114,X,114-X-08,44,b25ff429-df2b-4448-b334-4995743f57f3.jpg,Jobs — Job detail and actions,https://refero.design/screens/3517b9ba-e36e-4706-a2e6-e7a377add55a
114,X,114-X-08,45,86fd9753-45f9-452a-949d-bcc20beb0319.jpg,Community — Community landing — The Design Sphere,https://refero.design/screens/a22433a5-3615-49be-a129-b437c1f21ba8
114,X,114-X-08,46,77e0c35d-a42e-4161-98a5-cc1035e77d00.jpg,Community — Members list (All tab),https://refero.design/screens/acfa653a-ef65-4726-9fa3-706008fce0d0
114,X,114-X-08,47,b138a536-5d9a-453e-8f08-9a8baf691b4c.jpg,Community — Scoped search results (empty state),https://refero.design/screens/3d74469b-70e3-44f7-8a86-e604f1ab9262
114,X,114-X-08,48,dca51bf5-2452-42b2-bdf3-858976c4d88c.jpg,Premium — Subscribe — Premium+ card (overview),https://refero.design/screens/64bcb71d-a439-4321-8bb9-1c1256708760
114,X,114-X-09,49,8427adee-227b-40ba-88e7-39feec07e206.jpg,Premium — Scroll through features (Premium+),https://refero.design/screens/2a28119e-ae4f-4aef-ac8f-96bafbd042bb
114,X,114-X-09,50,290cb205-4948-48ef-b6e0-916d7b7d9fe3.jpg,Premium — Pricing modal for selected tier (Premium+),https://refero.design/screens/825bd2e0-d5aa-465d-9122-4ee813a6f730
114,X,114-X-09,51,9a721b2a-b214-4536-b916-5c1c888b933d.jpg,Photo edit — Filter presets,https://refero.design/screens/5421634a-2341-4d3c-874c-bdb18745c707
114,X,114-X-09,52,161536c1-df5a-415f-8f88-8367ff00aab9.jpg,Photo edit — Place and remove sticker,https://refero.design/screens/0c193cbf-ed05-4ad9-a18a-9190e55d791c
114,X,114-X-09,53,0cfcfbcd-1017-45b5-ad22-d068fe2a88fc.jpg,Settings — Deactivate your account — information,https://refero.design/screens/c24ff9a6-6f84-49ab-9f51-b56bae9b2bc4
114,X,114-X-09,54,c842e1ef-447b-45df-a247-ce97a7a3ce80.jpg,Settings — Confirmation modal,https://refero.design/screens/3cd06223-a591-42e5-93fe-f581c16bcb4b
114,X,114-X-10,55,fb93a5c3-c95b-4a64-a80c-e9d7894c9cf9.jpg,Sign up — Welcome / Sign-up options,https://refero.design/screens/6bae0f15-a7b1-4936-8a30-a9aa2a582c7d
114,X,114-X-10,56,13f43d0f-5951-42c6-b056-6564b5a6d482.jpg,Sign up — Create account (empty form),https://refero.design/screens/08c4e926-69a1-4c82-805a-f3b327822dcc
114,X,114-X-10,57,770fc62f-c8c3-478e-a120-344b31fdd40a.jpg,Sign up — Country code selection,https://refero.design/screens/fd2dcb2e-ba1d-472c-b485-a37be080fe76
114,X,114-X-10,58,b5cb9cf7-8a27-4191-9a09-60f42575826e.jpg,Sign up — Date picker / Select DOB,https://refero.design/screens/d0cbf614-0372-426f-81fb-498fc34e6a5d
114,X,114-X-10,59,bfd23abe-b9a5-4ac0-9dd6-7b35bbaafd7a.jpg,Sign up — Verification code entry (sent),https://refero.design/screens/27fb83cd-4a2b-4e46-b65c-911280484768
114,X,114-X-10,60,6826dd27-f28c-424f-9476-e1d05529fac7.jpg,Sign up — Suggested follows — single recommendation,https://refero.design/screens/5c838f7e-7fd7-4786-9013-10b8603a61ed
116,TikTok,116-TikTok-01,1,0174c584-ae12-42b2-8dbd-89f6428452a9.jpg,,
116,TikTok,116-TikTok-01,2,0778c288-d152-4fb1-ad05-295fb1200ca9.jpg,,
116,TikTok,116-TikTok-01,3,0da815b2-8b52-4bc4-8a27-e85f38a2c943.jpg,,
116,TikTok,116-TikTok-01,4,0f15e264-6afd-495b-aac2-fd373fa528c5.jpg,,
116,TikTok,116-TikTok-01,5,0fc9e841-dd9b-4a57-815d-413751d195d0.jpg,,
116,TikTok,116-TikTok-01,6,12d68ea5-5ec8-4964-be18-5c13d413d715.jpg,,
116,TikTok,116-TikTok-02,7,145e097a-19c5-4460-a304-ac60c8f0ca0d.jpg,,
116,TikTok,116-TikTok-02,8,19dfbeb1-85a3-42db-b522-198452d1e461.jpg,,
116,TikTok,116-TikTok-02,9,1a1acb53-22f7-4fd5-b9fa-d621ecd3e488.jpg,,
116,TikTok,116-TikTok-02,10,1e69129a-25bd-45f3-9ea2-d33ed4d5f12f.jpg,,
116,TikTok,116-TikTok-02,11,284b5c00-3076-4237-a115-20258a87b831.jpg,,
116,TikTok,116-TikTok-02,12,2a2347f0-7eec-437b-8411-b3bfaccfbc93.jpg,,
116,TikTok,116-TikTok-03,13,2ff704ab-b999-4b44-ac4b-2c172ac7a4e4.jpg,,
116,TikTok,116-TikTok-03,14,32e7e0dd-ceb7-4bd7-9c3b-115fa4678e36.jpg,,
116,TikTok,116-TikTok-03,15,3330a67a-c78e-4285-9211-e0d0a9bf08c4.jpg,,
116,TikTok,116-TikTok-03,16,44839eae-7bae-48b6-baa6-80b18bb20e8f.jpg,,
116,TikTok,116-TikTok-03,17,478a6c32-4961-435a-9307-a4cb08ef7a1f.jpg,,
116,TikTok,116-TikTok-03,18,518fe661-e937-40b5-8218-d0e0b5f85713.jpg,,
116,TikTok,116-TikTok-04,19,563147d1-cf3f-4fa9-a833-3bfd0d6eeaa9.jpg,,
116,TikTok,116-TikTok-04,20,5c12238d-3de1-4fbb-8954-b0cc261cda08.jpg,,
116,TikTok,116-TikTok-04,21,5c1873a0-f535-486a-adfe-f311560f83b5.jpg,,
116,TikTok,116-TikTok-04,22,5c20ef82-3eb8-4f2b-a0b5-01e69bff1eeb.jpg,,
116,TikTok,116-TikTok-04,23,5dd9d8db-e489-4de2-b721-29cc9a26ab2d.jpg,,
116,TikTok,116-TikTok-04,24,667cfe19-8279-4afd-baa6-789a67520825.jpg,,
116,TikTok,116-TikTok-05,25,6b7c71a0-5d85-4802-974b-781df90d6feb.jpg,,
116,TikTok,116-TikTok-05,26,7071f702-6355-46e8-a17b-a242925a798b.jpg,,
116,TikTok,116-TikTok-05,27,7168e92a-b7d4-44ed-b1bf-01fcb285dfb9.jpg,,
116,TikTok,116-TikTok-05,28,737b5d49-c3cd-45ad-b2dc-c129fda36da6.jpg,,
116,TikTok,116-TikTok-05,29,81a95701-4d02-488d-94f0-0e254e0799e8.jpg,,
116,TikTok,116-TikTok-05,30,89254d8a-fcc5-4b0c-8bb7-3960715bf516.jpg,,
116,TikTok,116-TikTok-06,31,8aa9fe2c-0b6e-4609-bef5-2511de1116ea.jpg,,
116,TikTok,116-TikTok-06,32,99c34390-85ca-4dbb-9c34-98db8d214ef6.jpg,,
116,TikTok,116-TikTok-06,33,9ac6d8c7-d44a-4fb3-a24c-1b8c97916ccc.jpg,,
116,TikTok,116-TikTok-06,34,a120445d-4cfa-4c4f-bcde-9478e31a83bf.jpg,,
116,TikTok,116-TikTok-06,35,a1bac905-d938-4528-a1a2-8970abc329a7.jpg,,
116,TikTok,116-TikTok-06,36,a52eca6f-c4b8-4706-91df-d130e167c580.jpg,,
116,TikTok,116-TikTok-07,37,a924d0fa-3a5c-499f-a0d6-65230e2409b1.jpg,,
116,TikTok,116-TikTok-07,38,aab994f8-e1b9-4b57-aa5b-61adcbb0957c.jpg,,
116,TikTok,116-TikTok-07,39,b1da3937-27d9-4027-be87-839acf86d427.jpg,,
116,TikTok,116-TikTok-07,40,b69bf966-0404-48e1-965b-7292f08f3539.jpg,,
116,TikTok,116-TikTok-07,41,b702c8fa-f7d7-4a48-bda3-f350dea46da7.jpg,,
116,TikTok,116-TikTok-07,42,b8a8ca05-363a-4fb4-9506-99203bccd21f.jpg,,
116,TikTok,116-TikTok-08,43,b9da22e2-c6b7-4084-9242-c1eb3f87ec55.jpg,,
116,TikTok,116-TikTok-08,44,bee86f06-1ae9-44c0-8152-12fdbfe8a066.jpg,,
116,TikTok,116-TikTok-08,45,c14e8140-2bcb-431f-884c-9a34354e812d.jpg,,
116,TikTok,116-TikTok-08,46,c3a8e69d-9898-4025-b5fb-1cacbccc1907.jpg,,
116,TikTok,116-TikTok-08,47,c7ec3284-1185-4cc2-8294-7a09aaf8e12d.jpg,,
116,TikTok,116-TikTok-08,48,cb90e343-c4e7-42d1-9875-feb880280383.jpg,,
116,TikTok,116-TikTok-09,49,d6a30d13-dc89-46a2-b7d0-9754c6160373.jpg,,
116,TikTok,116-TikTok-09,50,dbc51af8-66b2-427e-9e6a-ae8330c3d0d7.jpg,,
116,TikTok,116-TikTok-09,51,e026a8a9-e09e-4e63-b7a8-079d469a7680.jpg,,
116,TikTok,116-TikTok-09,52,e56f7429-3759-4c23-923c-b8597fd61640.jpg,,
116,TikTok,116-TikTok-09,53,e88402ce-c112-4136-85fe-e40fcf9fd11c.jpg,,
116,TikTok,116-TikTok-09,54,e9bd078e-232a-4941-99b3-52ad1e5481b4.jpg,,
116,TikTok,116-TikTok-10,55,e9cebda6-a95b-4c36-8c8b-51abb479ad93.jpg,,
116,TikTok,116-TikTok-10,56,ed44ed99-133e-40d6-8469-53af058d9c83.jpg,,
116,TikTok,116-TikTok-10,57,f12b47db-9640-4271-a32c-96c02dfdfa95.jpg,,
116,TikTok,116-TikTok-10,58,f4eb93e3-c920-490a-a130-794384fd3b1b.jpg,,
116,TikTok,116-TikTok-10,59,f5dae445-1883-478a-b01a-2687e1e9c9c2.jpg,,
116,TikTok,116-TikTok-10,60,f7245a9d-8700-4f81-a8cb-84c150614348.jpg,,
119,Claude,119-Claude-01,1,01034378-2f49-43e2-86dc-341966f89b6b.jpg,,
119,Claude,119-Claude-01,2,03351917-4a79-438e-831b-03a56fd89d99.jpg,,
119,Claude,119-Claude-01,3,045248e7-ce3d-4899-bfeb-15217942f893.jpg,,
119,Claude,119-Claude-01,4,0a362218-fe94-4833-b215-2dc3f56ac997.jpg,,
119,Claude,119-Claude-01,5,0d8ae3ee-c9c5-47de-a239-53e9a0781a39.jpg,,
119,Claude,119-Claude-01,6,0eabb296-efb2-4ed5-bcc9-2e94e576771a.jpg,,
119,Claude,119-Claude-02,7,1e72face-f853-4680-b1f3-51f784f88094.jpg,,
119,Claude,119-Claude-02,8,23c1924a-a6ff-4f00-905f-1031db502548.jpg,,
119,Claude,119-Claude-02,9,28d9c590-6092-4de5-a9d5-0d593f5cbef0.jpg,,
119,Claude,119-Claude-02,10,2dafcc60-4d8e-46f2-b5b0-7c671a6bd363.jpg,,
119,Claude,119-Claude-02,11,32727636-cff3-4971-989c-e4997d3290a7.jpg,,
119,Claude,119-Claude-02,12,3313a48c-b5a2-4343-bd40-34b8dee4beeb.jpg,,
119,Claude,119-Claude-03,13,3884ef23-e4ac-423b-a014-ccd14b832308.jpg,,
119,Claude,119-Claude-03,14,3c41607f-d7ff-4457-b6ef-03520c4d5b37.jpg,,
119,Claude,119-Claude-03,15,400b40e9-6cb1-4824-adb2-740bbcffce89.jpg,,
119,Claude,119-Claude-03,16,49ed11ae-2af6-43bf-ad34-2304d209929d.jpg,,
119,Claude,119-Claude-03,17,572bb692-e498-494a-b2d7-c21f15bddb8b.jpg,,
119,Claude,119-Claude-03,18,5767d4d5-6a4d-4099-a433-a6a3a4433528.jpg,,
119,Claude,119-Claude-04,19,59b57c4c-ced9-40e9-82e5-14dc10fca681.jpg,,
119,Claude,119-Claude-04,20,5b4ef603-8e8d-44c1-ad97-1a486d6150a6.jpg,,
119,Claude,119-Claude-04,21,5f6d448e-7869-4f29-9fb0-c0696b304288.jpg,,
119,Claude,119-Claude-04,22,6372c37d-43bf-467f-87cb-8a9e913a47a6.jpg,,
119,Claude,119-Claude-04,23,65476734-0155-4e28-a97c-8ef125febd8a.jpg,,
119,Claude,119-Claude-04,24,6e293ca3-e473-4300-a35e-3d637ce81cfb.jpg,,
119,Claude,119-Claude-05,25,6f21587d-959e-4c3c-8a1c-241984005d8f.jpg,,
119,Claude,119-Claude-05,26,735034fd-3602-4220-9568-821fcdab80b1.jpg,,
119,Claude,119-Claude-05,27,739c8e86-c764-4870-b1c2-bae364da09fd.jpg,,
119,Claude,119-Claude-05,28,78e2ac3a-d730-4755-9359-6ab2ed559128.jpg,,
119,Claude,119-Claude-05,29,86de7ee6-5ca1-4ef9-aa8a-a53de4a3477c.jpg,,
119,Claude,119-Claude-05,30,8d2e0253-300a-4fc8-828a-624a44bc2cde.jpg,,
119,Claude,119-Claude-06,31,8e057a6f-e7cb-4fa0-ba19-43c824e29ed2.jpg,,
119,Claude,119-Claude-06,32,993c4d8e-c324-4625-a331-911768f62383.jpg,,
119,Claude,119-Claude-06,33,9b8e8388-ddc6-4126-9bb1-16914b81dcab.jpg,,
119,Claude,119-Claude-06,34,9edc4101-3987-4b0b-8c98-135b2a8e2198.jpg,,
119,Claude,119-Claude-06,35,a0af5ac4-2eb5-4c92-9a4a-9f1506a5b2b3.jpg,,
119,Claude,119-Claude-06,36,a1b3a9e9-a30f-461b-8ad0-26d83e225341.jpg,,
119,Claude,119-Claude-07,37,a3f3deaf-0e63-4e7b-a34a-d921c838ec52.jpg,,
119,Claude,119-Claude-07,38,a95e9ce1-36c4-49ae-8a7f-a5d86694aff8.jpg,,
119,Claude,119-Claude-07,39,b0c8e53c-4ab7-479f-8101-ef344e997f91.jpg,,
119,Claude,119-Claude-07,40,b5aa83e6-8414-46de-a479-4153ffebfaae.jpg,,
119,Claude,119-Claude-07,41,b5ae0c8b-f2aa-4a4d-83f2-a1b896c7923d.jpg,,
119,Claude,119-Claude-07,42,b5e79e04-c834-419d-a5ea-6f67cad113a7.jpg,,
119,Claude,119-Claude-08,43,b7ba7ccf-073e-43bb-b9fb-3c02eeef95a8.jpg,,
119,Claude,119-Claude-08,44,bb77eb2d-4226-471f-99a8-9dd1b7641268.jpg,,
119,Claude,119-Claude-08,45,bda74e04-581a-4aba-aa48-1e0ea72aa6e7.jpg,,
119,Claude,119-Claude-08,46,be8b488b-9020-476c-9b2a-045743e614fc.jpg,,
119,Claude,119-Claude-08,47,c67bebab-684f-47fa-8e76-24b2dbc6b890.jpg,,
119,Claude,119-Claude-08,48,c6a8e6ae-6cbc-495a-ac04-9a3df5d16988.jpg,,
119,Claude,119-Claude-09,49,c9d3b181-0084-44ac-ae32-f8a757b030b9.jpg,,
119,Claude,119-Claude-09,50,cca6338c-ad53-47a9-a4a7-5de8be14d65f.jpg,,
119,Claude,119-Claude-09,51,d110486e-f682-454c-b8dd-ee268621bd04.jpg,,
119,Claude,119-Claude-09,52,d4e42c12-8e58-4674-8cc9-8b93d3e4ab8d.jpg,,
119,Claude,119-Claude-09,53,e685a80c-05bf-4ee6-b018-377bb63118d8.jpg,,
119,Claude,119-Claude-09,54,e9544198-8d1f-492b-aa3e-179dd7457286.jpg,,
119,Claude,119-Claude-10,55,e96cfd43-a665-43ce-b350-a7c5db112659.jpg,,
119,Claude,119-Claude-10,56,ead72ae0-42fb-4905-b2a0-1fadc17f2a18.jpg,,
119,Claude,119-Claude-10,57,ec9ae330-2e21-4c89-98e8-6de5815f8ef4.jpg,,
119,Claude,119-Claude-10,58,f0e1a75f-0e78-4859-89fa-065a2a4b2d0e.jpg,,
119,Claude,119-Claude-10,59,f45b8ccf-5c0c-4965-983a-a1cff02da6f2.jpg,,
119,Claude,119-Claude-10,60,f9d75682-6bc7-435d-967a-2d4b8c689476.jpg,,
122,Acorns,122-Acorns-01,1,704fb423-e82e-4d09-b2c8-5df3aa267372.jpg,"Home — balance, Get $888 CTA",https://refero.design/screens/4f9d9d56-7102-4eae-b898-d2ef4fd687db
122,Acorns,122-Acorns-01,2,ff11e9a0-e868-4f46-924e-5e90ab0fe9a5.jpg,Home — growth card and tab bar,https://refero.design/screens/476ca8ba-2e40-4bae-85f3-4f4bcb0ac7bc
122,Acorns,122-Acorns-01,3,f4979fa4-5575-4f3e-9e33-f78c42bd4d9a.jpg,"Invest — pending transfers, portfolio",https://refero.design/screens/8eb7e209-db15-47ef-a70f-964e5d1661e2
122,Acorns,122-Acorns-01,4,73e2045a-e91d-4228-8d0e-1af88fde51ef.jpg,Invest — Learn With Acorns carousel,https://refero.design/screens/84e678c7-a0fb-4a2a-872d-8b81c64b5ff2
122,Acorns,122-Acorns-01,5,78d8bf70-e0f9-4f0a-9493-808776b464fd.jpg,Account value — market closed sheet,https://refero.design/screens/9421420e-d56d-4885-b947-3325811d1f09
122,Acorns,122-Acorns-01,6,4d97910a-94e5-4169-a1d9-9ab58e099778.jpg,Analyzing — concentric loading,https://refero.design/screens/c352abe5-519b-4030-9a59-c6a90a82c242
122,Acorns,122-Acorns-02,7,f682a182-3f28-4bda-878b-42c8bd1eeeb3.jpg,Review recommended portfolio — modal,https://refero.design/screens/30a5c3f0-1eff-4b44-91aa-9c8abc4f7b2d
122,Acorns,122-Acorns-02,8,4afda5b9-662c-4227-bd79-99b507a3f5a2.jpg,Push notifications — grouped toggles,https://refero.design/screens/fd22e6ca-c0f7-432c-857f-d00f766117fb
122,Acorns,122-Acorns-02,9,83217b89-eee3-4d3c-a2f9-3278fa28c2a8.jpg,"Widget — invest value, market closed",https://refero.design/screens/8522eb02-480b-4427-9ad9-80798899646f
122,Acorns,122-Acorns-02,10,c6c9e363-6250-4901-8783-01c6650c40f9.jpg,Widget — total earned,https://refero.design/screens/a87072ea-a287-4dd7-b34d-7199b07e01be
122,Acorns,122-Acorns-02,11,76a612a6-5e72-4db1-a8bc-fe024a3323bd.jpg,"Round-Ups — intro, green gradient",https://refero.design/screens/18f9cb01-8fe2-476b-a5a5-b893f90fb766
122,Acorns,122-Acorns-02,12,0fba6678-82d4-42e6-8882-71e83ab165bf.jpg,Round-Ups — card carousel,https://refero.design/screens/01d65a40-db1a-472d-99df-6d1e6f22ac08
122,Acorns,122-Acorns-03,13,ce0559d7-7e05-4997-b969-ce40f35e6fe7.jpg,Round-Ups — amount invested,https://refero.design/screens/0ecfb6ef-d242-4eef-8e9d-b6a49821da19
122,Acorns,122-Acorns-03,14,4b9e4e74-bb47-4bde-9457-230f565c290b.jpg,What are Round-Ups — dark explainer,https://refero.design/screens/2c5f5d41-0e74-4de6-9425-62d87c001cd9
122,Acorns,122-Acorns-03,15,798631bf-a0a5-4228-ae5d-7905ad507aaf.jpg,About Round-Ups — dark article,https://refero.design/screens/146ec816-7a9e-424e-8914-a854cb9c7648
122,Acorns,122-Acorns-03,16,867911e0-71be-4e47-929b-84db406a6b1d.jpg,Round-Ups settings — mode slider,https://refero.design/screens/27af88a1-e217-4b03-a8b7-bb4bf7c99ca8
122,Acorns,122-Acorns-03,17,375b31ff-c920-48bf-9e28-963bf95f18e7.jpg,Round-Ups settings — mode and tooltip,https://refero.design/screens/c3221c6a-ef83-41f8-a762-f72787dc0af2
122,Acorns,122-Acorns-03,18,2b7ab8ce-4614-4a12-b60d-17b504f2dedf.jpg,Round-Ups settings — toggles,https://refero.design/screens/05d1be2d-9e3f-477c-855e-482b2c1d9568
122,Acorns,122-Acorns-04,19,69c8d3ba-cdc1-4a63-ad61-94d04d1c3aee.jpg,Set recurring investment — modal,https://refero.design/screens/ab725a86-c017-415a-80e5-41df50f71df2
122,Acorns,122-Acorns-04,20,b744e32c-74d2-416c-86c5-326c086876b7.jpg,Choose weekly invest amount,https://refero.design/screens/a86e05e1-827d-49c8-9d6c-1b88db1bf341
122,Acorns,122-Acorns-04,21,dfc79307-090e-48f7-95b4-b2a6dc92d50f.jpg,Fund detail — performance chart,https://refero.design/screens/e0957a3e-ae2a-4722-a926-c979dde7d00e
122,Acorns,122-Acorns-04,22,85f21d78-c249-4e6f-84f0-593d68719687.jpg,"Fund detail — performance, scrubbed",https://refero.design/screens/4805141b-fd60-4b8e-b7d7-d1c6fa5bbb41
122,Acorns,122-Acorns-04,23,fca3b111-19fd-422e-8d2e-f7ef37bfbcb2.jpg,Fund detail — range tabs,https://refero.design/screens/72d9734f-9416-40f7-8bbc-9cf93d9a6cbe
122,Acorns,122-Acorns-04,24,2a8b165b-aeca-45fe-91c7-90f765bd651e.jpg,Fund detail — About tab accordions,https://refero.design/screens/97ffdd61-4a4b-4241-a0fd-d67b1bf30ad3
122,Acorns,122-Acorns-05,25,c6008105-d376-4472-ad2d-264207b708f1.jpg,Fund detail — illustrated header,https://refero.design/screens/9e43c105-7db7-44f0-b5fc-209e0cf82522
122,Acorns,122-Acorns-05,26,3ee302cc-283e-40a9-a7a0-f4935f3d83b4.jpg,Fund detail — top holdings tooltip,https://refero.design/screens/261edac6-5c37-4be4-9593-c0f3c0a53686
122,Acorns,122-Acorns-05,27,f686f5a3-447b-4605-81c6-cc680e73332e.jpg,Fund detail — Bitcoin Strategy,https://refero.design/screens/8a179e2a-34df-4ce9-b941-6bf27c64bf0b
122,Acorns,122-Acorns-05,28,f318f2c2-b7bd-4740-9e35-10a4f19aa410.jpg,"Fund detail — Bitcoin, orbit icon",https://refero.design/screens/c33e1682-606c-448b-830a-1442649c2bec
122,Acorns,122-Acorns-05,29,6c3a35b7-8665-43e9-adc8-418f770a4889.jpg,Portfolio — Moderate ESG donut,https://refero.design/screens/4fdd3e20-5238-42dc-84b2-3dce022c5867
122,Acorns,122-Acorns-05,30,f930324f-0b01-4f90-b1b5-458cebd5eba2.jpg,Banking — join banking customers hero,https://refero.design/screens/b66636db-f835-47b2-b492-520294a81c1e
122,Acorns,122-Acorns-06,31,45fd57d9-9f15-4aa3-8037-24a73e83d819.jpg,Banking — Mighty Oak debit card promo,https://refero.design/screens/dca6381f-f699-4d83-a557-30a5c89841bc
122,Acorns,122-Acorns-06,32,f22661da-2b91-491a-ab04-5d9713a2e9ad.jpg,Banking — earn with your card retailers,https://refero.design/screens/cb28eff3-5b1f-4a44-bd19-e508c39bf07b
122,Acorns,122-Acorns-06,33,f3658e78-198a-4669-83b7-6eba6125cb9d.jpg,Welcome to your Checking account,https://refero.design/screens/f1dcf185-2107-48bd-858a-94fd632a604c
122,Acorns,122-Acorns-06,34,a54e8067-cf54-4e45-bd39-8467e4d131ff.jpg,Partner intro — dark bullet list,https://refero.design/screens/edbeae4c-b343-470f-8482-58946bb8bbf8
122,Acorns,122-Acorns-06,35,7331c4a1-a4bd-4138-94fd-94119b254d93.jpg,Partner intro — emergency fund phone,https://refero.design/screens/d210f09d-d8fe-4920-942b-283d76ee00d6
122,Acorns,122-Acorns-06,36,8798ad9b-1f49-406a-b714-882fe1c0be3e.jpg,Mighty Oak Visa card — dark intro,https://refero.design/screens/76ba50cd-d46b-41a5-867a-7a38eb95a065
122,Acorns,122-Acorns-07,37,8d449af4-9c82-44a8-b5f0-fdb6dcb5981f.jpg,Built into Acorns Early — walkthrough,https://refero.design/screens/656de12a-73fc-4144-84b7-7033d191c302
122,Acorns,122-Acorns-07,38,c7d86080-37a7-46d1-a37e-2bfe575803f7.jpg,Built into Early — testimonials,https://refero.design/screens/7d0d035a-6156-4ec5-bd3f-938d01837049
122,Acorns,122-Acorns-07,39,8a345192-8bec-4300-9cb3-9c93706a180a.jpg,Later — 3% IRA match promo,https://refero.design/screens/0d116e88-00e3-483c-9560-c62cd1dcb00b
122,Acorns,122-Acorns-07,40,e2035644-3b0c-4aa2-a456-1ab29364f0ce.jpg,Your Potential — projection gradient,https://refero.design/screens/b303a33c-d136-4ef4-9fea-090e50eed550
122,Acorns,122-Acorns-07,41,9c1699be-2900-48dd-bc07-a85f56895b31.jpg,What's an IRA — comparison table,https://refero.design/screens/9a3a0150-28aa-4773-b530-a65c6463c9a9
122,Acorns,122-Acorns-07,42,ad8bad1c-cbe2-42de-9ef3-5891d096783e.jpg,Compounding — dark article,https://refero.design/screens/38185c52-0fe5-4001-8246-bd7d698b31e2
122,Acorns,122-Acorns-08,43,3931ca02-1cff-4e34-a829-fede6a9efe4e.jpg,"Learn — taxes, dark",https://refero.design/screens/db11c89a-03c4-42bf-a3de-fd17047e72af
122,Acorns,122-Acorns-08,44,9b62a81b-c6d7-4203-b165-833488195d17.jpg,Benefits — GoHenry and estate planning,https://refero.design/screens/13e2b756-f734-43f5-b98f-989b91917a37
122,Acorns,122-Acorns-08,45,7908894c-3c8a-43f7-ae4a-63cd5480c5bf.jpg,Referral program — FAQ text,https://refero.design/screens/593b1beb-5655-4915-926a-7ed149aa111e
122,Acorns,122-Acorns-08,46,e3ed6502-6c94-4d27-9832-e6dde1102932.jpg,Welcome — grow your oak,https://refero.design/screens/3bf107e5-c8b1-449b-8e87-e1193a13afd3
122,Acorns,122-Acorns-08,47,168dda71-6b43-4e93-ab93-493d084bc13d.jpg,Milestone — account setup badge,https://refero.design/screens/830ba080-3eaa-4087-a115-d68c6bb9ebd8
122,Acorns,122-Acorns-08,48,f7c22d5c-3170-46e0-99c7-57bc40af5f9a.jpg,Front of ID — capture review,https://refero.design/screens/a2612ba0-b5be-4125-bf6e-eb38a07f477f
122,Acorns,122-Acorns-09,49,6c722076-903d-4497-8743-01585f5c560e.jpg,Profile menu — avatar and list,https://refero.design/screens/799f37d4-a29e-4008-af1c-ea2830c668a4
122,Acorns,122-Acorns-09,50,2682e6ef-6c34-4f1b-9f25-e1f5a5f9d9c1.jpg,My Settings — personal section,https://refero.design/screens/84d3ff6a-f1b1-4c91-a4d2-99562b710add
122,Acorns,122-Acorns-09,51,8d65f0a7-5256-4299-b1bf-48485a0327a5.jpg,My Settings — security options,https://refero.design/screens/f7244c3d-046d-486e-bb4c-e77d69bbf4c8
122,Acorns,122-Acorns-09,52,444f6ba8-e901-49be-ab7e-93352b3617e8.jpg,Linked accounts — bank card,https://refero.design/screens/b28b2ebf-da01-4412-95c8-bf8e4d75c578
122,Acorns,122-Acorns-09,53,b3577eed-ffd4-43ab-a31a-33cf5c633fae.jpg,Linked account — options sheet,https://refero.design/screens/1b645bf7-d27e-4621-9b55-aef28f524a74
122,Acorns,122-Acorns-09,54,25b272e0-9c2d-4560-94be-a669699a8707.jpg,Message Center — task list,https://refero.design/screens/94167177-e9d9-455a-bd86-97ac788b4327
122,Acorns,122-Acorns-10,55,96eba6ff-23a6-47ac-a884-bb549da1ba98.jpg,My subscription — sheet,https://refero.design/screens/f2dd8f35-c553-441b-b471-83f0c1bf053a
122,Acorns,122-Acorns-10,56,84cebf5d-b75f-4453-8694-b1ae2cd7a535.jpg,Switch to Acorns Assist — confirm,https://refero.design/screens/8428760b-6f95-4802-bfc3-5fac2d54e0f3
122,Acorns,122-Acorns-10,57,8c6d1e5b-17f5-452f-9053-b98c2714cee6.jpg,Cancel subscription — close accounts,https://refero.design/screens/94a94cd8-4f7f-4ad8-b205-08d4f196f8da
122,Acorns,122-Acorns-10,58,9bff6e46-c194-45b0-9cf7-6dbce90c9066.jpg,Confirm account closure,https://refero.design/screens/de8f7b6f-5042-4c90-8ffb-a2a2c4fb5df2
122,Acorns,122-Acorns-10,59,75153153-d728-469e-b537-df11188a9969.jpg,Cancellation — success check,https://refero.design/screens/1f43235f-0597-48d9-9f76-9be5e46761be
122,Acorns,122-Acorns-10,60,41d0cf78-456e-4d4f-837d-b5742dcc136c.jpg,Subscription canceled — details,https://refero.design/screens/2b866451-1039-4c65-b528-811e3cb2be9e
124,Uber,124-Uber-01,1,0591e6d5-88a2-4013-b491-3f26af9ffe8b.jpg,,
124,Uber,124-Uber-01,2,09cbbbf9-53a9-488f-ad00-1b6533b68f1d.jpg,,
124,Uber,124-Uber-01,3,139ed52f-ff89-44bd-8001-7973343afb14.jpg,,
124,Uber,124-Uber-01,4,17178f43-a75f-4cea-9248-63890bc6ab0d.jpg,,
124,Uber,124-Uber-01,5,17365c4c-a1b6-4396-b2a0-c86ad11a5bfd.jpg,,
124,Uber,124-Uber-01,6,190db7e1-5f72-422b-a2e1-cd91f53c998a.jpg,,
124,Uber,124-Uber-02,7,1a59a3c0-a614-4961-91f0-5b14dcf96e5c.jpg,,
124,Uber,124-Uber-02,8,1c40fca1-4460-4e96-8df6-f1c7fa57f5c1.jpg,,
124,Uber,124-Uber-02,9,207c1623-a4c6-4ce9-be65-01c1001b49fd.jpg,,
124,Uber,124-Uber-02,10,22328bdf-df97-44a8-880d-cd5ad5cd19d1.jpg,,
124,Uber,124-Uber-02,11,2e04b165-a917-4039-97bf-424a41082e9f.jpg,,
124,Uber,124-Uber-02,12,307c7d52-2691-48fd-b7cd-65dd2f9c843c.jpg,,
124,Uber,124-Uber-03,13,367cd141-5f10-4741-bd08-f4d741d4312f.jpg,,
124,Uber,124-Uber-03,14,3915a01a-ca58-4a91-9766-19be7949dc35.jpg,,
124,Uber,124-Uber-03,15,3cb468ad-51f5-4853-bc88-5a94be72cf7b.jpg,,
124,Uber,124-Uber-03,16,3d1d6429-875d-4aa5-a9ff-4e280a536c4a.jpg,,
124,Uber,124-Uber-03,17,3f4ff41b-cdba-4ddf-8e86-2a796e4e66f1.jpg,,
124,Uber,124-Uber-03,18,44bf0c69-e914-4182-9c60-5300e3c58297.jpg,,
124,Uber,124-Uber-04,19,47c605dd-cb67-4b98-965d-1a0c927b8479.jpg,,
124,Uber,124-Uber-04,20,4884025a-8963-4754-a6c8-2b27d94af4d4.jpg,,
124,Uber,124-Uber-04,21,498c69fd-4a61-4773-abf4-321031460452.jpg,,
124,Uber,124-Uber-04,22,4bea79a6-a8bb-4eb1-aff9-116db7538280.jpg,,
124,Uber,124-Uber-04,23,4ca342e1-205f-4b42-848c-6ae3be8d99ae.jpg,,
124,Uber,124-Uber-04,24,4d0cca75-9459-4e66-a170-1c79cf57787a.jpg,,
124,Uber,124-Uber-05,25,53d76c36-8808-4afe-91a5-766adca256b5.jpg,,
124,Uber,124-Uber-05,26,5b609610-abe2-4737-94ce-52e71d6c4d90.jpg,,
124,Uber,124-Uber-05,27,5cf0d2f6-6c02-4987-b9bb-fe71e8c69553.jpg,,
124,Uber,124-Uber-05,28,5dbe13de-2cb0-40d6-8b30-3457bb2f6b2d.jpg,,
124,Uber,124-Uber-05,29,625202e7-5501-44b8-a20c-d8539efc2957.jpg,,
124,Uber,124-Uber-05,30,63b724c1-54f6-4b71-aad3-4703dcfe52c4.jpg,,
124,Uber,124-Uber-06,31,82345c60-2271-4672-a270-1197423f258c.jpg,,
124,Uber,124-Uber-06,32,8526c183-4b34-4b64-ad53-4c20913a805c.jpg,,
124,Uber,124-Uber-06,33,884a037d-1e8e-41ae-9e1b-c27c82dbc98b.jpg,,
124,Uber,124-Uber-06,34,8d2ba795-fd8c-49a6-a6ca-fcda1fdad6a2.jpg,,
124,Uber,124-Uber-06,35,941dbf68-67b7-4aaf-bd50-3e05d85000a1.jpg,,
124,Uber,124-Uber-06,36,963cb7a1-e1a5-43f4-a6cb-4a7bd856dfc8.jpg,,
124,Uber,124-Uber-07,37,9b3eb1dd-d318-4e84-9862-a15b02ff4dfc.jpg,,
124,Uber,124-Uber-07,38,9d856187-e028-4948-ad84-6a1d51340998.jpg,,
124,Uber,124-Uber-07,39,a5c557eb-7473-4293-a7b9-d83e56fe7dd3.jpg,,
124,Uber,124-Uber-07,40,b2666cb5-1c2d-49fd-b239-44ecf3d422ea.jpg,,
124,Uber,124-Uber-07,41,b5822852-531e-494a-9534-c96b2328e978.jpg,,
124,Uber,124-Uber-07,42,bf335db3-68eb-44a8-a5a0-130234126a0e.jpg,,
124,Uber,124-Uber-08,43,c71659c4-942c-4ebe-b498-0be9e4cbf97e.jpg,,
124,Uber,124-Uber-08,44,c73853a2-92a6-4b07-8fc9-68e4d1648efd.jpg,,
124,Uber,124-Uber-08,45,cc83c2e7-7c89-4c38-b88d-e89129c721f3.jpg,,
124,Uber,124-Uber-08,46,cf6fd264-f6ae-4f0d-bea4-7eee959ace0a.jpg,,
124,Uber,124-Uber-08,47,d368dd31-ad5f-4684-b16f-78c1d5f1b4cb.jpg,,
124,Uber,124-Uber-08,48,d4a23f80-eec5-488f-8fab-b302bb450357.jpg,,
124,Uber,124-Uber-09,49,dba7dcdb-b648-4de3-8d8c-d27753c27ea6.jpg,,
124,Uber,124-Uber-09,50,dec0e921-57af-4fc9-9f72-8a9278633962.jpg,,
124,Uber,124-Uber-09,51,e337b605-be5e-4a1c-9074-4a1e3e1697ea.jpg,,
124,Uber,124-Uber-09,52,e5bd6886-c9e8-46d5-88c8-2f8a981a75c2.jpg,,
124,Uber,124-Uber-09,53,e6c685d9-6a9b-4745-ab8c-42081ebb51a6.jpg,,
124,Uber,124-Uber-09,54,e8531f0b-f5e6-4531-9aa8-59005716b0ad.jpg,,
124,Uber,124-Uber-10,55,e8a7f487-c9f4-42ca-a3f6-a9b224724295.jpg,,
124,Uber,124-Uber-10,56,ec2f7e80-ff13-4aa5-ac48-97c0d557d521.jpg,,
124,Uber,124-Uber-10,57,f6b1eb38-1639-4d29-8551-b96ae00b9a6d.jpg,,
124,Uber,124-Uber-10,58,f855ccaf-6281-46e6-9636-7edd679818e8.jpg,,
124,Uber,124-Uber-10,59,f8dba94f-e972-42a8-887c-8aaf82c804eb.jpg,,
124,Uber,124-Uber-10,60,fe6ce1ba-ee4f-4894-a3c0-e724f504d25e.jpg,,
130,Apple TV,130-Apple TV-01,1,0afbd6e3-55c0-4bbf-89d2-d9801c747b29.jpg,,
130,Apple TV,130-Apple TV-01,2,0b279032-3526-4bcd-ab0e-4daf2bb0633b.jpg,,
130,Apple TV,130-Apple TV-01,3,0b6dff54-02ee-4d77-ade4-de30d85cea5e.jpg,,
130,Apple TV,130-Apple TV-01,4,0e70d1bd-6801-4359-9e7f-86c2f4bd646c.jpg,,
130,Apple TV,130-Apple TV-01,5,1a0a2608-8504-43d0-90af-1fafe7f82091.jpg,,
130,Apple TV,130-Apple TV-01,6,20f3d4d7-7566-4ff4-bcd3-a507bd754195.jpg,,
130,Apple TV,130-Apple TV-02,7,22ffc4a0-c47c-40a9-ab10-aef8a078eadd.jpg,,
130,Apple TV,130-Apple TV-02,8,2f5e0243-f648-4f6a-8a34-5079d274f5e6.jpg,,
130,Apple TV,130-Apple TV-02,9,314e5935-a251-4f00-83a3-82a2849b4b37.jpg,,
130,Apple TV,130-Apple TV-02,10,319495ca-a341-4430-8e2a-cfecdba82bde.jpg,,
130,Apple TV,130-Apple TV-02,11,4aa621ea-c9f0-4deb-8466-4518ed49dc11.jpg,,
130,Apple TV,130-Apple TV-02,12,4b2259c6-a5fb-4d7c-b9b5-abcd41618fe4.jpg,,
130,Apple TV,130-Apple TV-03,13,4e8953e5-84e3-4379-aad2-1636a410980c.jpg,,
130,Apple TV,130-Apple TV-03,14,55ad4972-6587-471a-8c5a-f13d37207279.jpg,,
130,Apple TV,130-Apple TV-03,15,59ca1d81-3808-43a3-8df6-a39ac71ff9f0.jpg,,
130,Apple TV,130-Apple TV-03,16,5c0260b1-bc6f-4512-9d59-0d5eb5644077.jpg,,
130,Apple TV,130-Apple TV-03,17,5c0e7698-ab68-4116-9f47-b5547f02f137.jpg,,
130,Apple TV,130-Apple TV-03,18,5cd2e63b-274b-416f-ac3d-4b314b650b8d.jpg,,
130,Apple TV,130-Apple TV-04,19,624d6faa-f084-4c35-995b-acfebe8452d9.jpg,,
130,Apple TV,130-Apple TV-04,20,64fd2eda-ede9-468e-81f4-7ad706cacd8a.jpg,,
130,Apple TV,130-Apple TV-04,21,6c298c71-58dd-4f66-8662-e41dbaa81bfa.jpg,,
130,Apple TV,130-Apple TV-04,22,7048eccc-387e-4b66-b233-0d7ec7a534eb.jpg,,
130,Apple TV,130-Apple TV-04,23,72899798-15cd-4b83-a68e-90c0847da824.jpg,,
130,Apple TV,130-Apple TV-04,24,734fd147-cb3a-488c-a1d9-f57de198267c.jpg,,
130,Apple TV,130-Apple TV-05,25,7eb9dab8-fb3b-4dd1-b3c8-8283235b879f.jpg,,
130,Apple TV,130-Apple TV-05,26,8094d30a-1d4e-44f8-b5aa-8718cc75e175.jpg,,
130,Apple TV,130-Apple TV-05,27,83a96cca-e22b-4b03-ac1b-9aa60d8f4153.jpg,,
130,Apple TV,130-Apple TV-05,28,85dac149-6617-4b4c-97d5-cda3f5a70226.jpg,,
130,Apple TV,130-Apple TV-05,29,862ccbc8-8278-4f02-b565-6f63ae8a8d31.jpg,,
130,Apple TV,130-Apple TV-05,30,86be180a-16f1-4b3c-81c8-c0ff921a9943.jpg,,
130,Apple TV,130-Apple TV-06,31,87c4a712-d4f0-4988-aec2-dc2c77553102.jpg,,
130,Apple TV,130-Apple TV-06,32,8e88c1ca-b50a-4802-973b-82fc3ee92b9b.jpg,,
130,Apple TV,130-Apple TV-06,33,90b478c7-02c0-426f-8bd2-e52061d1998f.jpg,,
130,Apple TV,130-Apple TV-06,34,931d8e36-5204-460a-867f-157c2eaab9b6.jpg,,
130,Apple TV,130-Apple TV-06,35,966da08f-83c3-4006-a893-afe20de1a69f.jpg,,
130,Apple TV,130-Apple TV-06,36,aa58198d-7e6f-4990-9801-cbc45b1c88a0.jpg,,
130,Apple TV,130-Apple TV-07,37,b3bb2056-9a64-447c-b52d-64f3421c0fbd.jpg,,
130,Apple TV,130-Apple TV-07,38,b4faf275-55f4-47f7-b0dd-8da6e0146038.jpg,,
130,Apple TV,130-Apple TV-07,39,b5d76fa4-4c89-421f-97d4-40a027be7757.jpg,,
130,Apple TV,130-Apple TV-07,40,b8e6fd15-d4d5-4f4d-9396-09f8a43934a8.jpg,,
130,Apple TV,130-Apple TV-07,41,b8e9ca3e-faa3-429e-8e20-dc49d2e93a79.jpg,,
130,Apple TV,130-Apple TV-07,42,c0af8e2f-2f01-47f5-b2f3-18b2f6e0b641.jpg,,
130,Apple TV,130-Apple TV-08,43,c44e286d-a2c6-4d75-8ac9-79945ccdd25b.jpg,,
130,Apple TV,130-Apple TV-08,44,c568b47b-f95c-486e-a0eb-0146d9eda821.jpg,,
130,Apple TV,130-Apple TV-08,45,cf4749da-72cc-468c-91c7-f3c8d3744fae.jpg,,
130,Apple TV,130-Apple TV-08,46,d2336755-e04b-4bbd-9cb7-398e27160281.jpg,,
130,Apple TV,130-Apple TV-08,47,d9874c7c-4e01-41fc-acc5-aac2ded87a28.jpg,,
130,Apple TV,130-Apple TV-08,48,dc2e8e71-75c9-4732-b243-8e064f1443fe.jpg,,
130,Apple TV,130-Apple TV-09,49,e1c62cc9-6e1c-4147-9e77-48d2b2a27b06.jpg,,
130,Apple TV,130-Apple TV-09,50,e4f5a3f9-d7ec-4e63-af50-c539db22ed31.jpg,,
130,Apple TV,130-Apple TV-09,51,e608af7a-7535-4db2-baf9-052813284bb5.jpg,,
130,Apple TV,130-Apple TV-09,52,e9b8105d-b21e-4db9-934c-efe580c5519c.jpg,,
130,Apple TV,130-Apple TV-09,53,ea884afc-2b01-4ff1-b5bc-4204d8e34f39.jpg,,
130,Apple TV,130-Apple TV-09,54,f078d18e-bacb-4518-a277-87bf267e5986.jpg,,
130,Apple TV,130-Apple TV-10,55,f8362868-ee7d-489f-b01a-4c60436ec48b.jpg,,
130,Apple TV,130-Apple TV-10,56,f9d20821-af9f-45bc-b683-f037f9e869d0.jpg,,
130,Apple TV,130-Apple TV-10,57,fb36a7d0-ee0f-410b-9e44-bdfcbba8cd8b.jpg,,
130,Apple TV,130-Apple TV-10,58,fb90d577-432a-490f-b328-07a407fbcee0.jpg,,
130,Apple TV,130-Apple TV-10,59,fc6c1622-ab91-4c15-bfad-dcc3f44bc550.jpg,,
130,Apple TV,130-Apple TV-10,60,fdecf6a6-0147-4206-b4c2-2d91c622e4e2.jpg,,
131,Uber Eats,131-Uber Eats-01,1,ba0ee2de-3222-4bb9-bb1e-cd519209225c.jpg,Splash — launch screen,https://refero.design/screens/f2f6e96e-0043-460c-bb3d-6dba6e422539
131,Uber Eats,131-Uber Eats-01,2,fb538aa4-e39b-40e9-ba2b-e380fee085d4.jpg,Home — search bar and carousel,https://refero.design/screens/b8f28eca-0975-4ed0-aef1-f9b91d7ac6d8
131,Uber Eats,131-Uber Eats-01,3,4c643df4-bc2d-4e80-861f-dd507dab135d.jpg,Home — cart badge,https://refero.design/screens/b2ab6c33-1856-492b-bdac-7b5d5e2c58d5
131,Uber Eats,131-Uber Eats-01,4,70329771-3b0f-435f-b641-3ac54a255bac.jpg,Home — promo carousel,https://refero.design/screens/646604be-9aad-413a-92fe-f4492b457c43
131,Uber Eats,131-Uber Eats-01,5,9743ed42-c5b6-4a7f-8c50-833d3f758b5c.jpg,Home — feed with cart badge 6,https://refero.design/screens/1965bf51-89ba-4cc8-be38-11beb1252832
131,Uber Eats,131-Uber Eats-01,6,630b5565-6da0-44bd-931f-66f73e5b6a18.jpg,Home — skeleton loading,https://refero.design/screens/76ba717b-e578-4bad-a811-fbab3325387a
131,Uber Eats,131-Uber Eats-02,7,dcfdf065-1800-4c2f-b63b-60ee855f3c7a.jpg,Home — food feed,https://refero.design/screens/9845c9b5-91fa-4ceb-8620-262bd5bdf088
131,Uber Eats,131-Uber Eats-02,8,c7a6af31-39a2-4e8e-bffe-46a99f2b0239.jpg,Home — cuisine feed,https://refero.design/screens/15add3a1-9ebe-4936-b637-4ce921708fdb
131,Uber Eats,131-Uber Eats-02,9,002711ca-9435-486b-b2f9-29c9212069d2.jpg,Home — filter chips restaurant list,https://refero.design/screens/1305aed9-efb2-47c7-9c31-9273599465ad
131,Uber Eats,131-Uber Eats-02,10,5a50b30e-5568-4d54-adb4-8e47a91ba284.jpg,Featured restaurants list,https://refero.design/screens/147bd697-3b5e-474c-8ddb-a7469113f705
131,Uber Eats,131-Uber Eats-02,11,6236c636-73e4-4abf-8297-279795e2c42e.jpg,Store list,https://refero.design/screens/a56be973-6a85-4ba7-a11f-4c396f975966
131,Uber Eats,131-Uber Eats-02,12,7c534abc-c9f4-4911-a90f-002eaa716158.jpg,Search — tabs and keyboard,https://refero.design/screens/cb86179b-8fac-4320-82e3-3e662b51760f
131,Uber Eats,131-Uber Eats-03,13,519e27bd-428b-4962-ad1d-44b3adc188ab.jpg,Search — skeleton cards,https://refero.design/screens/93405b9c-f908-4d49-818d-5126b5a6fbb8
131,Uber Eats,131-Uber Eats-03,14,e8e430d2-af99-4ca4-9bd3-052018afad5a.jpg,Search — loading spinner,https://refero.design/screens/60730d95-d6a5-46a9-8dd0-446048d3b81c
131,Uber Eats,131-Uber Eats-03,15,a147523b-6564-4cdd-b17b-782b8d9b4238.jpg,Search — map and filter chips,https://refero.design/screens/3bc969b0-a9fd-4774-96b0-f688deba2bdf
131,Uber Eats,131-Uber Eats-03,16,43129084-1eb6-4f79-ad71-dc96fc5e8cbc.jpg,Map search — restaurant pins,https://refero.design/screens/de62d95e-abdd-4543-b1a5-7a1dfd5abb4c
131,Uber Eats,131-Uber Eats-03,17,b55f3ac5-ca88-44d5-adac-afe1915f49aa.jpg,Map view — promo card,https://refero.design/screens/570c30ba-273e-4b60-8b7a-d90bc77ad136
131,Uber Eats,131-Uber Eats-03,18,1a9ff5b7-8749-4170-b697-99848656e3f3.jpg,Map — rating badge pins,https://refero.design/screens/dd3caf46-d693-42b7-9df2-f46b38ee1f06
131,Uber Eats,131-Uber Eats-04,19,ebc1d376-f18d-4d50-983b-17e9d269f40e.jpg,"Map — filters, empty state",https://refero.design/screens/5d91bd62-032f-474b-8e23-912bec89894e
131,Uber Eats,131-Uber Eats-04,20,a26a48c9-fcc4-4fa7-9ccb-b27179c7bfda.jpg,Search — sort sheet,https://refero.design/screens/3564224c-1278-4dd4-b9dd-f6915e0e6588
131,Uber Eats,131-Uber Eats-04,21,74a8cf1e-c2f8-45de-ac5e-f41514311a10.jpg,Search — dietary filter sheet,https://refero.design/screens/e71d97be-e98e-44a8-b1dc-ea53cdc1fcea
131,Uber Eats,131-Uber Eats-04,22,5e831d37-a29e-4bb1-af87-d8279707bb36.jpg,Restaurant — map and info sheet,https://refero.design/screens/8343062b-e310-457f-982b-11aeddcc3533
131,Uber Eats,131-Uber Eats-04,23,28361a75-4bde-4a28-95a9-620e3bf689c4.jpg,Restaurant — menu header sheet,https://refero.design/screens/047fbdda-c8e5-4e3c-8c16-dd7fa9caea94
131,Uber Eats,131-Uber Eats-04,24,82cd744c-942f-4793-8a27-a2219fe0c5d5.jpg,Restaurant — menu catalog,https://refero.design/screens/f02cdb4a-aac9-4f99-ad71-d91ace8d0f1f
131,Uber Eats,131-Uber Eats-05,25,00406389-30e2-4bed-a439-8e6414dceae5.jpg,Menu item — combo detail,https://refero.design/screens/7ecefaf3-6b9a-4f7a-961e-71249869482b
131,Uber Eats,131-Uber Eats-05,26,ad53317b-4e60-42f2-bb9f-9f6530ace65d.jpg,Item options — sauces,https://refero.design/screens/0ac54540-5e43-4a60-86cb-fb540f822a1f
131,Uber Eats,131-Uber Eats-05,27,cb520a47-9153-4c29-9d39-074bbbbbff0f.jpg,Cart — order summary,https://refero.design/screens/bb1bf871-fb2a-4704-9409-1b91a0f1c836
131,Uber Eats,131-Uber Eats-05,28,5e440387-d7d2-4bbc-8313-a327b1e21c9e.jpg,Cart — item steppers,https://refero.design/screens/3d8f6b6b-a79d-418f-893c-d2b0d065c354
131,Uber Eats,131-Uber Eats-05,29,e33860b1-e4e6-4419-b181-036e95b00603.jpg,Cart — order items,https://refero.design/screens/7cbc0816-af93-49c2-9362-f8529ca7e478
131,Uber Eats,131-Uber Eats-05,30,0cb9fc4c-3a6d-44a6-b47d-10c9be4337ce.jpg,Cart — retail store items,https://refero.design/screens/e9d8c0f1-6985-4b3a-980c-eaeab6e90b4d
131,Uber Eats,131-Uber Eats-06,31,f58e73fe-dbbc-42fe-a810-7253e1bf9981.jpg,Cart — remove item confirmation,https://refero.design/screens/3ee7182b-bd00-430c-9d28-2c22b3aa8af7
131,Uber Eats,131-Uber Eats-06,32,eb4825a4-fcfb-49d2-8622-3b4920b58997.jpg,Checkout — scheduled delivery,https://refero.design/screens/b46892cd-b394-4294-91fd-5560ce0f6eb4
131,Uber Eats,131-Uber Eats-06,33,ff1618b4-8d27-4759-bffa-e4c5dca26b77.jpg,Checkout — delivery or pickup map,https://refero.design/screens/d58820f1-bbf4-4fc8-a87d-e92ae977480f
131,Uber Eats,131-Uber Eats-06,34,7c6ea009-86af-4991-9758-123ab311bba3.jpg,Checkout — promo code row,https://refero.design/screens/eba11515-1327-4428-b83f-98b4db5f25cd
131,Uber Eats,131-Uber Eats-06,35,a54bd96a-d581-4c03-9e6d-6c6aef95fdf6.jpg,Checkout — payment sheet,https://refero.design/screens/579fb9f8-861c-4900-863f-cac6b10c9de9
131,Uber Eats,131-Uber Eats-06,36,bf576894-6088-4117-945a-8ee25cd61321.jpg,Permission — order status updates,https://refero.design/screens/4ac5b7bb-ee92-441f-abc3-16bbb21e29f8
131,Uber Eats,131-Uber Eats-07,37,f4f0b426-1b7a-4dc1-b900-71381c3bcf84.jpg,Orders — empty state,https://refero.design/screens/1f283b53-2906-4d90-b4d3-74c899b3927e
131,Uber Eats,131-Uber Eats-07,38,1075bd0a-1af0-4fec-9d90-8b55f5a83689.jpg,Group order — set deadline,https://refero.design/screens/cae8b9d9-2b00-4c48-bc53-ef56dee42f53
131,Uber Eats,131-Uber Eats-07,39,e3ce33d8-c00c-4d18-8b6d-1c99d9c9f503.jpg,Group order — deadline picker,https://refero.design/screens/0c6ea841-eed5-41bd-a51a-64339858f6ef
131,Uber Eats,131-Uber Eats-07,40,14afff30-ffd0-47ae-8ca8-99324bb1c99b.jpg,Invite friends modal,https://refero.design/screens/7279a812-27dd-4bad-a8c5-ddb69ef4c146
131,Uber Eats,131-Uber Eats-07,41,3621cbec-bfa5-46f2-ba32-59ef5311af49.jpg,"Account — favorites, wallet, orders",https://refero.design/screens/6b900b89-8305-4981-b823-da04eea8ce5e
131,Uber Eats,131-Uber Eats-07,42,3ef2050a-b032-4c0f-8d25-d807ea0ef759.jpg,Account — menu list,https://refero.design/screens/44eface8-3619-4ff9-bc6b-46e2b5b5f950
131,Uber Eats,131-Uber Eats-08,43,d4e0cf12-6fb0-41bf-928e-e8799e41d297.jpg,Wallet — Uber Cash,https://refero.design/screens/5fd7f121-c992-478c-8124-d9724f64c0ca
131,Uber Eats,131-Uber Eats-08,44,608b9c8a-488f-460d-90c9-bd353abb2de9.jpg,Account info — basic info,https://refero.design/screens/1e3b042f-d7d2-4044-af4e-79d8c979c597
131,Uber Eats,131-Uber Eats-08,45,507f543a-a331-4d98-ab8f-08776d9d1139.jpg,Account — updating profile photo,https://refero.design/screens/89b31a39-c750-44f4-bf62-e31f0174130f
131,Uber Eats,131-Uber Eats-08,46,4eb149a7-b51c-418e-91b6-12c22c4afb0a.jpg,Account — pronouns,https://refero.design/screens/a9747817-ea97-404f-85ab-5db72e819703
131,Uber Eats,131-Uber Eats-08,47,949fd5f9-9caf-4488-9b0b-c83cfe6bbc76.jpg,Business profile settings sheet,https://refero.design/screens/145e1a5d-bb5d-4965-9194-3b8db08b8757
131,Uber Eats,131-Uber Eats-08,48,1049ce12-3f90-4473-a449-4c10ad728c10.jpg,Business profile — delete confirmation,https://refero.design/screens/c412e79a-572f-475f-8ee3-f84965ccb710
131,Uber Eats,131-Uber Eats-09,49,48be19e1-7888-4fe1-b366-14c38df64119.jpg,Business Hub intro,https://refero.design/screens/f255e0ff-e498-4630-b41a-3c19316040e8
131,Uber Eats,131-Uber Eats-09,50,d35b2527-4ee8-4b18-9e68-4547ab5ed22d.jpg,Settings — live location sharing,https://refero.design/screens/c66ba2bc-061c-471f-a12a-51c137144318
131,Uber Eats,131-Uber Eats-09,51,dd31ffd0-c51e-4e44-9ebf-4c04a6025251.jpg,Settings — voice commands,https://refero.design/screens/a4fc4724-2140-42b6-81d1-849f84e09cfa
131,Uber Eats,131-Uber Eats-09,52,e3057cd1-a25c-4ae5-8eb8-244a21f340d3.jpg,Settings — ads on Uber Eats,https://refero.design/screens/e7ff7bc2-ff9c-465b-ae97-ce48a8ca3df4
131,Uber Eats,131-Uber Eats-09,53,6e4a857d-2652-40c6-9554-e9170d1c725a.jpg,Info — free nationwide shipping,https://refero.design/screens/1496b116-3b33-445d-9e5d-79b9a4983517
131,Uber Eats,131-Uber Eats-09,54,b95350d6-7fd6-4c8b-a775-5a06762abd96.jpg,Help — spending limits article,https://refero.design/screens/5a0ad10c-a445-4bdf-a4a8-9933bbbe587d
131,Uber Eats,131-Uber Eats-10,55,0e5086f6-ebe1-43c1-88fd-b3cdfaedd44d.jpg,Shop back to school — all stores,https://refero.design/screens/89722148-b924-4e2b-9b70-13e0edce5b43
131,Uber Eats,131-Uber Eats-10,56,0e38d0b6-72ab-4ee1-908c-a58aa97d7cc8.jpg,Wallet — loading state,https://refero.design/screens/bb6e23e7-97bb-46c1-ab14-7ec3f2c5e5d9
136,Apple News,136-Apple News-01,1,bde4caef-de7b-4634-bb09-3075de6c5c67.jpg,News+ feed — dark mode,https://refero.design/screens/c68f2cd2-f1fc-4748-a0d8-de89dbbb752d
136,Apple News,136-Apple News-01,2,aeb538a5-f3b5-45cd-914e-dd4a7d4662f1.jpg,Channel — WSJ front page,https://refero.design/screens/b8b2ecc2-b567-430a-8eaf-3b9d2297b1a0
136,Apple News,136-Apple News-01,3,c8722111-68e3-42e6-898a-9c00aa617807.jpg,Channel — WSJ Latest list,https://refero.design/screens/8d8b7e5d-6fce-43df-afef-7a834285ef88
136,Apple News,136-Apple News-01,4,16b84cd4-fc8c-4b92-a86c-0ad8f284e249.jpg,Home screen widget — news card,https://refero.design/screens/c4d3b551-b883-4df8-abdb-4dfcf86670ba
136,Apple News,136-Apple News-01,5,20743269-734e-465e-975e-144e52c17bd1.jpg,News+ subscriber edition,https://refero.design/screens/5b362fff-bb37-4db5-9261-5cb6b6fa76c7
136,Apple News,136-Apple News-01,6,cffa8f72-2b8f-473b-b9bd-8465eb88e085.jpg,Latest crossword puzzles,https://refero.design/screens/5cf1877d-b498-4dd9-8514-0b46287fa269
136,Apple News,136-Apple News-02,7,6fdd9234-0446-4e13-9935-27eab286fe14.jpg,"Article — Vogue, dark",https://refero.design/screens/8138194a-9b1f-49e9-a6ba-c02d35503b09
136,Apple News,136-Apple News-02,8,2ea497bc-bcd4-4c04-a0f6-63e06812d589.jpg,"Article — WSJ, dark",https://refero.design/screens/c0fc8f8f-59ab-4ab4-9a77-624bc4258d57
136,Apple News,136-Apple News-02,9,7b7b8b91-0234-4777-a8ac-27d3adb694ee.jpg,"Article — WSJ, light",https://refero.design/screens/9b437a92-7ac6-4ad2-b011-1795bc70d4f8
136,Apple News,136-Apple News-02,10,898738f7-64d6-4f0f-bc33-52101654c0ca.jpg,Article — The Atlantic hero,https://refero.design/screens/684c1b36-ad76-405d-99f0-c031e42d13ff
136,Apple News,136-Apple News-02,11,af4f13e6-afa3-416d-979e-0358ec926ba3.jpg,Article — Welcome to News+ badge,https://refero.design/screens/6d2b99cf-2ab1-4f13-980e-5c61d1c411ba
136,Apple News,136-Apple News-02,12,d1beb591-afbe-41ec-ac37-e8f92bf82569.jpg,"Best of News+ carousel, dark",https://refero.design/screens/cb5cdf84-697e-46e5-8e5c-f955811b9fb7
136,Apple News,136-Apple News-03,13,be197a19-06c5-4153-91d7-5f69af94961d.jpg,Article — WSJ photo lead,https://refero.design/screens/e0a0f0a7-61fb-4030-a852-74b97cf46d0d
136,Apple News,136-Apple News-03,14,36370f79-aba8-480e-8c90-acc228d4d2f2.jpg,"Article — Vogue hero, dark",https://refero.design/screens/e178fc73-b53d-496b-bd80-c3a4a615f122
136,Apple News,136-Apple News-03,15,e9d27830-78cf-4bfd-96ad-067c1e8353a2.jpg,"Follow topics — search, dark",https://refero.design/screens/9794d6b8-d260-4428-b64b-0d67c340d0ac
136,Apple News,136-Apple News-03,16,6a31136a-d3fa-43d4-bfb2-13fb5a56ee85.jpg,Follow topics — search results,https://refero.design/screens/8d011955-d0ea-4dc2-a5b8-ee840519d8ac
136,Apple News,136-Apple News-03,17,9e16ef1a-dd14-43ce-b4c1-2cc6f20584b2.jpg,"Search — sports and topics, dark",https://refero.design/screens/b644bdcd-e5d8-454e-aa68-dfd3c2f8a2a5
136,Apple News,136-Apple News-03,18,26e344a8-7fed-4b68-a3dc-4100d7887ca7.jpg,Follow sports teams and topics,https://refero.design/screens/bfa7344d-cdcf-4da7-bac1-b7952492f3f7
136,Apple News,136-Apple News-04,19,c0fdf291-7c1b-41cd-ad43-aa6354f4f59c.jpg,Personalize Your News+,https://refero.design/screens/8efd3347-d40e-4f70-886c-25fd1299848f
136,Apple News,136-Apple News-04,20,413b6dcf-3813-444d-89a6-7cf4f6e5facb.jpg,Following tab — dark,https://refero.design/screens/f072150e-e05a-4bf9-82be-dbff0160f9ed
136,Apple News,136-Apple News-04,21,71a6e85e-1f02-42e8-a4a9-1194e0b23444.jpg,Following tab — light,https://refero.design/screens/15dfee24-6d83-4802-b6b5-1aaca6fcb2fc
136,Apple News,136-Apple News-04,22,52feca56-6bd4-459c-a8ad-3ad7d93f2144.jpg,"Following tab — dark, Edit",https://refero.design/screens/537c9407-01da-468d-9238-8bbca4abcd67
136,Apple News,136-Apple News-04,23,39088c0b-f21a-4acc-bc01-4037ea0cd22b.jpg,News+ offer modal — no signal,https://refero.design/screens/1bd164c3-6dcf-44e0-89c2-819d39e9416a
136,Apple News,136-Apple News-04,24,0d6b05bc-b9eb-4495-81ca-8a3788ef2fda.jpg,News+ paywall sheet,https://refero.design/screens/aa101bdc-113e-4477-b08b-f0c0a81f5aea
136,Apple News,136-Apple News-05,25,40ddbf4a-a5a2-4c80-a04a-a7a550053399.jpg,News+ subscription confirmation,https://refero.design/screens/38cfc89d-eaec-47ce-92f2-94cffebff90f
136,Apple News,136-Apple News-05,26,85847e41-d26b-4ac7-a1a5-9afc69ef769c.jpg,"News+ Top Stories, dark",https://refero.design/screens/81b75379-5670-438e-9132-58954afee9c2
136,Apple News,136-Apple News-05,27,690403c5-1def-4289-8bc2-3b9dab122268.jpg,"Sports tab, dark",https://refero.design/screens/aae61dd3-287e-4a08-9de9-4228cbe59bc5
136,Apple News,136-Apple News-05,28,5f2f6a2c-6030-45d2-aba1-83b73cf59851.jpg,News+ Audio — Editors' Picks,https://refero.design/screens/c8dfa4c7-8527-4f1b-9035-7e8412be2487
136,Apple News,136-Apple News-05,29,4b257b55-13ee-4f31-bd87-e479685e0bb0.jpg,News+ Audio — Play button,https://refero.design/screens/a40dc87d-33d9-4442-b823-f9dc1ee95b2b
136,Apple News,136-Apple News-05,30,642cb318-0118-4a1e-847c-8f8eade2174e.jpg,"News+ Audio — dark, mini player",https://refero.design/screens/a0080b53-9a53-4aec-9ebb-4f807e91bfb3
136,Apple News,136-Apple News-06,31,d775a3d0-890e-4258-a46b-cb6f2c824473.jpg,"News Today audio playback, dark",https://refero.design/screens/39e4ba67-3fb6-4f1d-98e2-f9aaead42509
136,Apple News,136-Apple News-06,32,6fa648bc-ac68-4b58-a999-01db8620bbf0.jpg,"News+ Audio home, dark",https://refero.design/screens/b289d271-6f76-4c8b-af74-d5f3b49573ba
136,Apple News,136-Apple News-06,33,4a87e77b-02a6-455d-8876-cabaa887533c.jpg,Today feed — story cards,https://refero.design/screens/df4cad0d-c324-4d01-8282-e2d344ff75ed
136,Apple News,136-Apple News-06,34,fea96ca0-4b76-4055-aa2a-51c49fab3de1.jpg,Today feed — dark cards,https://refero.design/screens/a6e84100-3751-4bdf-916f-75841f7dd009
136,Apple News,136-Apple News-06,35,b28e0ef8-1c4e-4bca-889a-1d85a6e41210.jpg,Crossword — Latest puzzles,https://refero.design/screens/b9e96713-0cbe-4ea4-8409-3aab0fd9ada0
136,Apple News,136-Apple News-06,36,9198c6e7-d7a9-4012-b96f-ba5bf4d28d86.jpg,"Crossword — puzzle picker, dark",https://refero.design/screens/0d55ec25-7f14-44b7-ad08-86ffa4b26da6
136,Apple News,136-Apple News-07,37,5e423ed2-ebbc-44ad-a51e-c86bb05f2056.jpg,How to play crosswords,https://refero.design/screens/b2c40374-5e92-45ee-bed9-aab471a00e95
136,Apple News,136-Apple News-07,38,917520a7-4967-4469-a654-9c81313f8d41.jpg,Crossword — grid and menu,https://refero.design/screens/ea9b3947-e803-4710-88e7-8a0bc7a08bdc
136,Apple News,136-Apple News-07,39,a6f08dd1-cd30-4cf4-b3a8-65d3a3a64e72.jpg,Crossword — grid and clues,https://refero.design/screens/2a8e7f08-52fd-40f0-aaa6-b0d0e16c941c
136,Apple News,136-Apple News-07,40,054f0fa4-1753-4ea0-a500-f2e97ee53b53.jpg,Crossword section — cards,https://refero.design/screens/92f26c83-f5d0-4389-86ed-e53255c99a05
136,Apple News,136-Apple News-07,41,6df52809-f042-4970-8d97-9c46e748116c.jpg,"Crossword Archive, dark",https://refero.design/screens/01418820-2c01-47a5-beed-3cd4aec43702
136,Apple News,136-Apple News-07,42,41819046-b538-453e-9764-d84ecd7a71a4.jpg,"Crossword — dialog, dark",https://refero.design/screens/f4e6d6ec-1fa7-4003-8b7a-9981deff4a7b
136,Apple News,136-Apple News-08,43,23f081c2-e4ea-40e8-b05f-7859ca112158.jpg,Article — Vogue with action menu,https://refero.design/screens/03785dc4-1e3f-443f-8501-0142400b5bef
136,Apple News,136-Apple News-08,44,5486268b-9fcc-43f6-97df-5cb8af9a7e21.jpg,News+ tab — Best of and My Magazines,https://refero.design/screens/6f88c330-e933-4c4d-a3e4-4993d6416f6e
136,Apple News,136-Apple News-08,45,8ba1d664-f634-461e-acfe-f73969da865f.jpg,Channel feed — Vogue story cards,https://refero.design/screens/625396f8-eb63-4b6a-b087-913828ca7407
136,Apple News,136-Apple News-08,46,edd4e230-7385-47c4-994a-f27e7384e3c1.jpg,Saved Stories — empty state,https://refero.design/screens/a6e29199-1530-4d3f-9dd8-70ccc5c345bb
136,Apple News,136-Apple News-08,47,738d653a-4f61-4947-a413-9be8ab402374.jpg,News+ narrated stories — host,https://refero.design/screens/c1264b0f-8687-4e9b-8127-2f248cb395fa
136,Apple News,136-Apple News-08,48,8652c4a3-c788-481c-9cd5-a5518323a436.jpg,Onboarding — Welcome,https://refero.design/screens/c800e3af-29e8-4dfd-8e02-6f3050fe7f26
136,Apple News,136-Apple News-09,49,1361d12f-497d-4861-9e2a-17e05754a3dc.jpg,"Onboarding — Welcome, dark",https://refero.design/screens/6c6ac300-616e-4c17-8500-20ee263896de
136,Apple News,136-Apple News-09,50,e6d4e179-39f4-41df-bb0b-b67805ed2e42.jpg,Notifications and Email sheet,https://refero.design/screens/de4e4bde-289a-43da-be5e-14e4958efbc9
136,Apple News,136-Apple News-09,51,0120a9b9-ace4-4433-a598-1de5b511a726.jpg,Personalize Your News+ — search,https://refero.design/screens/080ce61b-0a07-4d3f-8568-e3c837f9d494
136,Apple News,136-Apple News-09,52,2eb09f75-c3e5-44b3-b24d-5205dd26c426.jpg,Personalize Your News+ — dark,https://refero.design/screens/28fd3567-3274-4a53-9861-62b8627eebb4
136,Apple News,136-Apple News-09,53,455e423a-28c9-47e0-afc5-1fdcbc677cc7.jpg,Channel picker — News and Politics,https://refero.design/screens/64844024-32ae-46fd-a4a5-68959a028817
136,Apple News,136-Apple News-09,54,f0e79003-98c3-45eb-a7f9-c881adeb8be3.jpg,How to play crosswords — light,https://refero.design/screens/22523a04-f984-4340-949c-377c6a0ff268
136,Apple News,136-Apple News-10,55,dea5e65e-ec7d-4740-ab72-9ff2d4602216.jpg,Magazines catalog,https://refero.design/screens/f9e30d7e-2712-4c4e-9a71-98b1c90f4e27
136,Apple News,136-Apple News-10,56,a2dd9781-d2d0-4762-9bc1-cf771292d55f.jpg,"Magazines catalog, dark",https://refero.design/screens/bdb1c865-7c1f-45fa-9160-4aa7a2aa28aa
136,Apple News,136-Apple News-10,57,3bf5a861-9e60-4688-a370-c72649a86235.jpg,"Catalog — Featured, dark",https://refero.design/screens/1f8475a1-af66-4614-b1b4-e39d26075713
136,Apple News,136-Apple News-10,58,db4d1fd3-32b5-4de4-bc56-be56251dbd69.jpg,"My Magazines grid, dark",https://refero.design/screens/caa43953-4e15-4ff8-8a4d-4164c0fb4d60
136,Apple News,136-Apple News-10,59,2f716833-c4fe-4cfd-a569-a9862eb6a71a.jpg,New issue from the Catalog,https://refero.design/screens/ca2ebf03-d451-4da6-ab56-9721bf9a778c
136,Apple News,136-Apple News-10,60,5fe053ce-5d66-48a5-aaf2-c5bcf459d17c.jpg,"New issue cover, dark",https://refero.design/screens/06156ee9-7ac1-465d-87a6-e9b7ffbe9fe7
137,Rewind,137-Rewind-01,1,0df3d2bf-4347-43d7-92c1-1826b02e98ee.jpg,,
137,Rewind,137-Rewind-01,2,0fb13617-04c8-41a2-9968-f134031d2695.jpg,,
137,Rewind,137-Rewind-01,3,251b02bd-b41b-4a20-bd1e-0dde951e5515.jpg,,
137,Rewind,137-Rewind-01,4,276ad443-0b4e-42b7-9d2c-4d924140e2ec.jpg,,
137,Rewind,137-Rewind-01,5,2a283d33-8928-4668-aaba-f673cc969869.jpg,,
137,Rewind,137-Rewind-01,6,307dd495-fb49-4b98-854e-56aa41f10b89.jpg,,
137,Rewind,137-Rewind-02,7,33fbf290-468d-4264-bc05-2da3d4d309d1.jpg,,
137,Rewind,137-Rewind-02,8,434a96cd-a0f1-471f-95c7-d13752b1bb63.jpg,,
137,Rewind,137-Rewind-02,9,4e01d238-68cf-4edb-a1c1-b2adb3c0d6be.jpg,,
137,Rewind,137-Rewind-02,10,502b3833-47ba-4753-b875-b5944fc0c303.jpg,,
137,Rewind,137-Rewind-02,11,50a40c58-33a2-4c37-9593-1b61bddb920f.jpg,,
137,Rewind,137-Rewind-02,12,59157f10-d12d-43c9-94e7-4fa879a158d6.jpg,,
137,Rewind,137-Rewind-03,13,5e12277e-5cce-4073-b3f2-b0cb47da0905.jpg,,
137,Rewind,137-Rewind-03,14,6dbb5da8-ccdc-4b88-a471-f249803e2644.jpg,,
137,Rewind,137-Rewind-03,15,7410bf9c-b6b2-4acb-a99e-128aacaaeaf5.jpg,,
137,Rewind,137-Rewind-03,16,7b4eedc9-0a3e-4ba4-a3bb-0976ec81114c.jpg,,
137,Rewind,137-Rewind-03,17,7e14ebba-3ee1-4de9-b87a-d53666c87b0f.jpg,,
137,Rewind,137-Rewind-03,18,7e39d337-bcd7-44a1-8009-2ed8b2bd1e82.jpg,,
137,Rewind,137-Rewind-04,19,8422ef05-63b9-47f2-930d-271ded9f711a.jpg,,
137,Rewind,137-Rewind-04,20,89b99472-1141-4f4c-afbc-64ca2ef6b91b.jpg,,
137,Rewind,137-Rewind-04,21,8e7f2aee-615e-4757-8b47-8b05b132d7e4.jpg,,
137,Rewind,137-Rewind-04,22,8fb1ac4e-243d-450f-8db6-2a249058a2b8.jpg,,
137,Rewind,137-Rewind-04,23,93c7a8a2-4c6e-49d6-9502-52cfe7a2a08b.jpg,,
137,Rewind,137-Rewind-04,24,9434ac7f-d6e2-446c-859c-582acd965296.jpg,,
137,Rewind,137-Rewind-05,25,97bd5e8a-48ad-47e0-b704-2c2264f26b87.jpg,,
137,Rewind,137-Rewind-05,26,9c82fca5-adb4-45aa-a672-1f06ff10747e.jpg,,
137,Rewind,137-Rewind-05,27,9f1ca7bd-7049-4cf5-840c-379af169a645.jpg,,
137,Rewind,137-Rewind-05,28,a2d979b7-03ff-479e-9faa-873da43c86a7.jpg,,
137,Rewind,137-Rewind-05,29,aae40585-adb9-4a8e-96d9-709eb625df94.jpg,,
137,Rewind,137-Rewind-05,30,ad2c3cb8-8123-4178-97ae-3bf4bf14074c.jpg,,
137,Rewind,137-Rewind-06,31,ad317925-5394-48bf-8f27-f3146a5579b3.jpg,,
137,Rewind,137-Rewind-06,32,aff7bd5b-1913-497e-b7a3-67658262f77c.jpg,,
137,Rewind,137-Rewind-06,33,b20e1cce-e25a-402c-94ed-2541e1f689d6.jpg,,
137,Rewind,137-Rewind-06,34,b4807085-5d0b-45d1-835d-bf7407734f59.jpg,,
137,Rewind,137-Rewind-06,35,b8b60f72-b36e-4744-bf8f-b33d3de038c4.jpg,,
137,Rewind,137-Rewind-06,36,bade36b7-f449-4bdf-87e2-4c339739fb8f.jpg,,
137,Rewind,137-Rewind-07,37,bbd81ce3-1ad9-45d1-962d-eb6738fe3360.jpg,,
137,Rewind,137-Rewind-07,38,c0c048d6-5cff-4095-a5aa-162d849b47ab.jpg,,
137,Rewind,137-Rewind-07,39,c60f4a85-98aa-4b05-9bf3-c47bb7e6a41c.jpg,,
137,Rewind,137-Rewind-07,40,d3e2530b-f2a7-430c-a4c5-ec769763f995.jpg,,
137,Rewind,137-Rewind-07,41,d41e5458-bf2b-4fc5-ab7f-bc6078c6fc14.jpg,,
137,Rewind,137-Rewind-07,42,d52a53d9-c2e7-4de7-ac15-791c1b656148.jpg,,
137,Rewind,137-Rewind-08,43,e106cea0-26d6-4454-a146-aea7e016bf7b.jpg,,
137,Rewind,137-Rewind-08,44,e5b5d041-b0a9-47b8-b2c8-38310d9fac11.jpg,,
137,Rewind,137-Rewind-08,45,eefedefc-f237-47a6-b470-521a1b539f62.jpg,,
137,Rewind,137-Rewind-08,46,f173fd98-da91-4c84-b906-601a91ce58d1.jpg,,
137,Rewind,137-Rewind-08,47,f357e817-b410-4948-a225-658614e0b05f.jpg,,
137,Rewind,137-Rewind-08,48,f7b55e14-6bb2-4b80-aa30-6253a401d76e.jpg,,
138,Rise,138-Rise-01,1,01577210-2789-435a-bf1e-9aadd5aaea84.jpg,,
138,Rise,138-Rise-01,2,089adee6-b0c1-4059-8180-4681bdb0b6c7.jpg,,
138,Rise,138-Rise-01,3,0d3aadd6-7b4e-46a2-a890-c66477a6eabd.jpg,,
138,Rise,138-Rise-01,4,0ecf1bbf-3c52-403a-8862-85694365c420.jpg,,
138,Rise,138-Rise-01,5,12e399ba-68f6-4359-bd6b-8c691941f772.jpg,,
138,Rise,138-Rise-01,6,1794e6d2-6e2a-40e3-a318-d0164c51e2fc.jpg,,
138,Rise,138-Rise-02,7,18ab04e9-e3f4-4f98-84af-c1f1306317ac.jpg,,
138,Rise,138-Rise-02,8,1a1f5cc9-1038-4c30-9d26-d5b29a8b4186.jpg,,
138,Rise,138-Rise-02,9,24a485a6-f9db-4de7-9794-59053eabdc17.jpg,,
138,Rise,138-Rise-02,10,2573fa6f-d7ed-4d7c-aa5e-a7185073b2b9.jpg,,
138,Rise,138-Rise-02,11,2b633002-e834-4e5c-8854-a213d6a2efa7.jpg,,
138,Rise,138-Rise-02,12,313505cf-db26-48af-8c10-23b8bcdd21b2.jpg,,
138,Rise,138-Rise-03,13,3581645e-053e-4302-bfa1-81a89ff8139a.jpg,,
138,Rise,138-Rise-03,14,3639a3e6-5420-4ee6-b68c-d3aa74ca80d1.jpg,,
138,Rise,138-Rise-03,15,37688b54-021c-4929-840a-f200471acefa.jpg,,
138,Rise,138-Rise-03,16,3c375531-07cb-4a33-9972-c3ba0352ae0e.jpg,,
138,Rise,138-Rise-03,17,4a32876b-eeca-42c3-8f22-cb5ea510dc23.jpg,,
138,Rise,138-Rise-03,18,4a4f2608-75c5-4bc1-8664-3c95b9f631e6.jpg,,
138,Rise,138-Rise-04,19,4c6e7f15-c8e5-4da8-aa15-92ec267c55da.jpg,,
138,Rise,138-Rise-04,20,4d41160f-8f2e-4a8e-b99d-540d520738c4.jpg,,
138,Rise,138-Rise-04,21,4f246c03-ffd0-43f6-a655-758c7e6aa7c2.jpg,,
138,Rise,138-Rise-04,22,517dfbd0-fc0e-4ba9-82fb-6bcefe2a9d90.jpg,,
138,Rise,138-Rise-04,23,59f72b63-f98e-4807-9b5a-25b8f9a7c591.jpg,,
138,Rise,138-Rise-04,24,5a9bce49-5919-45eb-844e-0de4f0b0389e.jpg,,
138,Rise,138-Rise-05,25,5c2f026d-19d1-49be-9e6f-a7f99146a985.jpg,,
138,Rise,138-Rise-05,26,5d29c983-6d81-47c0-94f7-206f5e22258a.jpg,,
138,Rise,138-Rise-05,27,60520f4b-578a-4f0d-b1a6-c981dcd449b4.jpg,,
138,Rise,138-Rise-05,28,62d9cc76-0b1a-4efc-88e5-16aaefda84fb.jpg,,
138,Rise,138-Rise-05,29,65626be1-df59-4b35-89e4-23449c99ef55.jpg,,
138,Rise,138-Rise-05,30,6969b1c0-fc50-4333-849a-a9ad58041a7b.jpg,,
138,Rise,138-Rise-06,31,6a9ccc51-4ece-4ca8-a9f1-df62a421ea55.jpg,,
138,Rise,138-Rise-06,32,81fafe02-69b7-4288-8ec5-5e6a94c36525.jpg,,
138,Rise,138-Rise-06,33,822e624f-c079-4c78-acb6-92c4ea36dbde.jpg,,
138,Rise,138-Rise-06,34,86307c06-ae47-4368-b5fc-153ae96f0d08.jpg,,
138,Rise,138-Rise-06,35,869863ca-73b7-4e53-a271-78c7c6d6b19c.jpg,,
138,Rise,138-Rise-06,36,881ed306-aaf4-4086-b84a-56b3a3079a02.jpg,,
138,Rise,138-Rise-07,37,987511ea-f212-4b66-9aee-b2b2e169d82b.jpg,,
138,Rise,138-Rise-07,38,9b4a199e-8537-4553-9ada-41c5e6da9461.jpg,,
138,Rise,138-Rise-07,39,a5857fb0-51ee-4fdb-8a45-cc22d14c275f.jpg,,
138,Rise,138-Rise-07,40,a596bb1a-f8e4-4c4d-8f83-318e2aba2736.jpg,,
138,Rise,138-Rise-07,41,b1eee6af-9be4-4957-9eb0-b7acd1ce6259.jpg,,
138,Rise,138-Rise-07,42,bd4c1165-39db-4e1f-bb37-27b92f0718b7.jpg,,
138,Rise,138-Rise-08,43,c05da6b4-35ae-419e-84dd-bda4bc23d390.jpg,,
138,Rise,138-Rise-08,44,c1cc16b3-9082-4dbb-9cea-c157afcfca91.jpg,,
138,Rise,138-Rise-08,45,c8a741ec-c6c9-4fd6-8e93-9f73863844c6.jpg,,
138,Rise,138-Rise-08,46,cfbb017a-b325-414e-8a4a-a69d1728c3d6.jpg,,
138,Rise,138-Rise-08,47,d0cb08b7-8967-4655-8b35-043e0f0aca30.jpg,,
138,Rise,138-Rise-08,48,d9fa3c19-5f8a-4e1c-8c89-9ac4886e310b.jpg,,
138,Rise,138-Rise-09,49,dd0f54de-738c-43ee-a578-db846691966f.jpg,,
138,Rise,138-Rise-09,50,e67839b3-53db-4019-b3be-e7387cebd347.jpg,,
138,Rise,138-Rise-09,51,e78b2957-050d-43a2-ae2e-cd5dc8353f7d.jpg,,
138,Rise,138-Rise-09,52,e8caf7d6-c147-4309-9a72-59def14de655.jpg,,
138,Rise,138-Rise-09,53,eb5a8133-43bd-4d94-9035-56d2d5ae9e88.jpg,,
138,Rise,138-Rise-09,54,ee93fa24-8a94-4741-b28e-0e7b9a0834f6.jpg,,
138,Rise,138-Rise-10,55,f04e94c6-b853-4005-959f-048652db385b.jpg,,
138,Rise,138-Rise-10,56,f10a630c-b697-4712-8b91-17ed4207fd50.jpg,,
138,Rise,138-Rise-10,57,f48346ca-b0b7-4fdb-b14e-5a5847c5c135.jpg,,
138,Rise,138-Rise-10,58,f539c0f4-0894-4bb5-87f3-346eba10ba16.jpg,,
138,Rise,138-Rise-10,59,f6ebc3ce-8742-44e2-b66b-13b494f0ef79.jpg,,
138,Rise,138-Rise-10,60,fc62410e-38c3-4c4a-9ddb-ca7f9d3123d4.jpg,,
144,Target,144-Target-01,1,d1f693ca-49eb-4e9c-8bb3-9b67d3415c7b.jpg,Circle — account overview,https://refero.design/screens/6d5cd824-d224-4077-9619-65dd9100b7a6
144,Target,144-Target-01,2,46e791a8-66f0-4088-9189-584f6fb83992.jpg,Circle — dark dashboard,https://refero.design/screens/72da710a-8350-46c5-ad80-e54e86507df7
144,Target,144-Target-01,3,2b9d9b24-b71a-4204-9025-78e077226bcb.jpg,Help — free shipping sheet,https://refero.design/screens/9e0864fd-73ce-48fa-a3d1-9bb32801c34b
144,Target,144-Target-01,4,9e8784c5-c647-4b6e-8865-e721da3ad501.jpg,Pickup and delivery info,https://refero.design/screens/db469996-bef1-4d35-9326-63b748c884fc
144,Target,144-Target-01,5,22ec9c47-5c8d-47ca-919a-2dbac4df93b8.jpg,Sign up — create account,https://refero.design/screens/ef4ffee8-33db-40f0-8223-a1b7943ec1ad
144,Target,144-Target-01,6,0263dbc5-5acc-455b-8aff-875b262a8a5b.jpg,Sign up — form fields,https://refero.design/screens/f849772c-a7a6-4f34-bb92-35739c88a43d
144,Target,144-Target-02,7,f647ddc6-056a-475e-8ad8-0d6ada168927.jpg,Onboarding — store location step,https://refero.design/screens/eb4d8bfc-4b21-4e74-b253-f84870acefe0
144,Target,144-Target-02,8,e16d45d0-6a17-45c8-aef5-8d02b80c2d4d.jpg,Bonus details — dark,https://refero.design/screens/cbb649ce-d040-489a-accf-45bd1bbdfb4c
144,Target,144-Target-02,9,e8271c26-6040-4ca2-8ad5-2b69e37367c0.jpg,Product — price match accordion,https://refero.design/screens/18684e49-0e6f-4b3d-bfff-819dd0905673
144,Target,144-Target-02,10,253df863-188a-4977-82b9-6d755ac29377.jpg,Bonus details — FAQ,https://refero.design/screens/7f476b46-0eda-4bea-b25a-351e2b53d752
144,Target,144-Target-02,11,600635a3-888d-4465-a994-c09bee0b23ce.jpg,Circle signup carousel,https://refero.design/screens/c7c8d1a0-c0d3-48ed-bedd-3a36ff8eba87
144,Target,144-Target-02,12,f728da88-727b-45a8-a419-57551bfd1649.jpg,Circle 360 paywall,https://refero.design/screens/e3367c2b-3337-4260-a934-39a7f0486114
144,Target,144-Target-03,13,1817a87f-d45e-4c26-9f72-fdaea085a782.jpg,Bonus details — dark FAQ,https://refero.design/screens/ed9977f4-4a9d-4a4a-8bd1-8f7098b2937c
144,Target,144-Target-03,14,be2c1b26-08a7-4f6b-85c4-9c6d2f862573.jpg,Browse — #TargetStyle photo grid,https://refero.design/screens/ab7e42e2-3d1f-49d7-801f-e6bbfaaacb6b
144,Target,144-Target-03,15,6b16bdf4-4420-4db9-9776-5729e9e418b3.jpg,Search — no results,https://refero.design/screens/a0fd5d94-70ba-4cd6-9140-14639f167b05
144,Target,144-Target-03,16,4ed465e8-4411-4705-9a59-8c99ea4419ba.jpg,Search — no results (dark),https://refero.design/screens/17301245-9def-4327-8d3c-35c85fd5bc6d
144,Target,144-Target-03,17,820e45ef-f13a-440d-b0a1-42e7785ae928.jpg,Search — suggestions (dark),https://refero.design/screens/c3181e54-d52d-456f-bedd-38b1c23320df
144,Target,144-Target-03,18,bc6ef7c3-2761-40c0-a0d5-d02692f94431.jpg,Cart — grocery items,https://refero.design/screens/47798af9-9264-4f48-9b8f-9c351ff52b3b
144,Target,144-Target-04,19,ea7b7d8e-c8bb-4235-b464-64a3a5f0f399.jpg,Cart — save for later tab (dark),https://refero.design/screens/94d3e64b-31ac-43c4-a776-2256d8ccf707
144,Target,144-Target-04,20,41d39596-40a3-4d50-a3b1-3214553dd83d.jpg,Cart — order summary (dark),https://refero.design/screens/5e828627-886e-4ef5-bd99-925eb4540d6f
144,Target,144-Target-04,21,6a38e2f2-3817-4daa-b45c-eabb16b9a223.jpg,Cart — membership banner (dark),https://refero.design/screens/56387961-76d4-48c3-bfe7-9f6c630a3a14
144,Target,144-Target-04,22,cae53c8c-c8c4-4c1b-a8a6-59b1b129b6d5.jpg,Cart — item action sheet,https://refero.design/screens/6767111a-6ad5-4836-a837-de5cb4591932
144,Target,144-Target-04,23,152b011f-a10e-4fcb-9cf3-6a89c1a3e81f.jpg,Cart — save confirmation dialog,https://refero.design/screens/dae668e8-b7d6-4754-b3b5-4fdbc02a3bda
144,Target,144-Target-04,24,b0675e45-6cea-4ed7-a496-8cfe6517503c.jpg,Cart — order summary,https://refero.design/screens/153a169d-29a4-40cc-a32c-378326236a14
144,Target,144-Target-05,25,18e120d9-5b31-430c-8791-15273aee9c72.jpg,Registry — landing,https://refero.design/screens/df30c701-594f-4206-9fe7-c6cd5b43fc31
144,Target,144-Target-05,26,c14bd8cd-6c59-4a7b-bffb-5a88c85a4b0c.jpg,Registry — create your registry,https://refero.design/screens/0687c51b-99e4-4935-956b-dace4a5cb51d
144,Target,144-Target-05,27,6d1ebd74-cbac-4d55-aaed-d0681fad3947.jpg,Registry — hero (dark),https://refero.design/screens/c974bda6-c09d-413b-a46a-5b4744f44aa8
144,Target,144-Target-05,28,710e18d5-4525-484b-845b-7d7ff0e34c76.jpg,Wish list details — event (dark),https://refero.design/screens/a77d72eb-2509-4d15-af72-984c9966f9b8
144,Target,144-Target-05,29,f76553a1-3ada-4115-b5a3-198bb43ebd6c.jpg,Holiday wish list — create,https://refero.design/screens/326d7430-05af-4b36-ad4f-ff4f41eb9c19
144,Target,144-Target-05,30,05ea9f56-31a5-403d-a4b0-93554ed9b632.jpg,Wish list details — settings,https://refero.design/screens/329e7343-9d78-4de6-bf7d-d1a4640dee69
144,Target,144-Target-06,31,e434b675-8ba6-46d7-9d58-74e27eafcc90.jpg,Product compare — iPhone 16 vs Pro,https://refero.design/screens/2da3f1f4-beb6-42b0-938a-647d9ef9cf4e
144,Target,144-Target-06,32,549b67dd-13a5-491e-b993-a6a410e43765.jpg,Edit item — quantity stepper (dark),https://refero.design/screens/79311965-0027-4137-919e-01bdfbe6f2a8
144,Target,144-Target-06,33,861f2763-a099-4b3c-9b1c-dcc3cffd8e1c.jpg,Gift card — options sheet (dark),https://refero.design/screens/5ddd8da3-0e59-4cf1-846d-b4304cbc4dba
144,Target,144-Target-06,34,e277cf95-4076-4bef-9fa2-8e98f53df2cf.jpg,Product detail — store availability,https://refero.design/screens/58c0e156-2be9-4c37-832c-b500b0590262
144,Target,144-Target-06,35,7aaa62a0-c552-4ec9-9730-ba3107800bed.jpg,Product detail (dark),https://refero.design/screens/baeaa363-72f8-4af7-b73c-f85133c0a8fd
144,Target,144-Target-06,36,9dd38a93-6d3d-4aa1-8a12-c95b5904d646.jpg,Picking up — grocery pickup,https://refero.design/screens/11033e47-e108-4ec6-824c-00c7c8ea01e4
144,Target,144-Target-07,37,c216272c-e479-48c8-bf93-3a8680025d0b.jpg,Drive Up — intro banner (dark),https://refero.design/screens/28370595-bb35-4b37-b0f1-5e38be82c5b8
144,Target,144-Target-07,38,c491fea5-eee9-47f0-94bf-e974ac7d71cd.jpg,Drive Up — intro,https://refero.design/screens/95cfac7a-95a1-4958-b8c2-6e5a8312dc47
144,Target,144-Target-07,39,b7b1b45d-ab1a-49bd-9da8-ccfd5fa3dc41.jpg,Checkout — total and terms (dark),https://refero.design/screens/70564f14-4e84-4200-a558-d2396ea41562
144,Target,144-Target-07,40,5b9a7a7a-d4c0-4f96-9433-85f9f3225560.jpg,Pickup and delivery options,https://refero.design/screens/8d1a8d95-d97d-4f21-ad61-5559bcfc7247
144,Target,144-Target-07,41,73007e0c-1046-4acf-8806-f6e85c0b9b23.jpg,Pickup — store options sheet,https://refero.design/screens/60f026b2-6625-49fb-ae31-506cda3a8b28
144,Target,144-Target-07,42,c6ee67b8-55b9-4e8d-bed6-94a919e86e4d.jpg,Add to cart for — fulfillment (dark),https://refero.design/screens/947408da-d2e1-4c94-a02b-2b108e9e2ea5
144,Target,144-Target-08,43,accf3118-f211-43cd-a52e-05e664215b9d.jpg,Purchases — empty state,https://refero.design/screens/fcaac463-1cb0-45b4-8655-4b08472769d2
144,Target,144-Target-08,44,e650609b-462d-4425-bcd7-188528e8c0c7.jpg,Purchases — empty state (dark),https://refero.design/screens/6288af3c-25a3-4e2a-91fb-334b779acabc
144,Target,144-Target-08,45,bdb4a44e-17cb-435d-9c9a-51daf429301a.jpg,Purchases — segmented control (dark),https://refero.design/screens/86e775d7-9dd4-4f5e-a3ef-ffc449a1f42d
144,Target,144-Target-08,46,178a9262-a624-43d4-b0ff-74ef0dec61bc.jpg,Picking up — tooltip,https://refero.design/screens/d9b29f42-f352-436a-aa93-bd10ab048ac8
144,Target,144-Target-08,47,973e5948-ff46-4f8a-8fb0-4a2a92e7b397.jpg,Account dashboard — promo sheet,https://refero.design/screens/ab37eaea-72e2-448a-8163-ff1412cb4c8a
144,Target,144-Target-08,48,bfb44624-c8de-4821-a38f-778694a6f7e3.jpg,Delivery options — address,https://refero.design/screens/8aefa9d2-bb87-4a31-91b0-93f257c83e45
144,Target,144-Target-09,49,4108981e-ffd9-4c72-99c1-5e37b466a99d.jpg,Store details (dark),https://refero.design/screens/5d5220f3-b2cf-467f-a784-bfa71b2c10d3
144,Target,144-Target-09,50,0fc1bb00-1199-4baa-bca2-899c4aadaf36.jpg,Store map — aisle marker (dark),https://refero.design/screens/f92befb4-c483-4f0c-b9c0-67daca02176e
144,Target,144-Target-09,51,92bcf125-80f4-40ed-bb1f-a573690bf294.jpg,Store — directions and call (dark),https://refero.design/screens/46a4486d-5597-48d9-a7bf-03bc106b06a1
144,Target,144-Target-09,52,6d0374d8-7d1e-4d0c-ad2c-25f9730da26e.jpg,Store hours (dark),https://refero.design/screens/a9becff7-41d3-4b0a-a229-31ab48ed26b7
144,Target,144-Target-09,53,5e585fe4-9540-47d2-83ff-3570cb2daf6e.jpg,Settings — notification preferences,https://refero.design/screens/62a4e8ca-d06b-416e-a234-0277b9165844
144,Target,144-Target-09,54,6f384375-61d0-4304-b41c-5bd6c25dcb72.jpg,Shop all categories,https://refero.design/screens/551930b1-57ce-4492-a78e-b6b95a865a96
144,Target,144-Target-10,55,27660927-4e68-4b38-8295-efb2ced80225.jpg,Related categories and deals,https://refero.design/screens/b85b2b12-2ddb-4c89-aa8b-c0131ff32075
144,Target,144-Target-10,56,b7bd98d5-6d24-4a98-a331-61203f46c2f0.jpg,Circle deals — saved tab,https://refero.design/screens/664e9d71-739d-447c-aef0-3d3efd14abbd
144,Target,144-Target-10,57,70291bf7-389f-4994-aa6f-5f8b310add19.jpg,Payment — method sheet,https://refero.design/screens/b0f35490-65f4-46ff-ac16-7a06a01b0cbe
144,Target,144-Target-10,58,630a35e3-8476-4fbe-93f4-6ef7e1b87acb.jpg,Wallet — bonus and coupons (dark),https://refero.design/screens/32967021-c441-40f3-9dea-cb961a85054c
144,Target,144-Target-10,59,68ad159f-c7bf-4015-a706-cef5eb7eac29.jpg,Category — household essentials,https://refero.design/screens/369ed57b-cfd6-4c30-9b82-782f2ea1b8e3
144,Target,144-Target-10,60,44495061-17f3-4571-bdf7-4d217d5ab3e8.jpg,Gift cards — empty state,https://refero.design/screens/a1dcd883-8c98-4678-98cc-686965885971
148,ten ten,148-ten ten-01,1,033c9af0-4bd5-4138-aac3-67110f9dd69a.jpg,,
148,ten ten,148-ten ten-01,2,09caab57-e1d3-465b-82cd-2ae27251dba5.jpg,,
148,ten ten,148-ten ten-01,3,0c41287f-5a97-4633-99cc-988bf4a71909.jpg,,
148,ten ten,148-ten ten-01,4,0eae9003-d0ef-4237-a231-8df9fae2d651.jpg,,
148,ten ten,148-ten ten-01,5,10c7ddb2-345a-498e-be1d-75a3a495b34a.jpg,,
148,ten ten,148-ten ten-01,6,11691489-a518-46ed-8cbc-56a9a27148ce.jpg,,
148,ten ten,148-ten ten-02,7,1281d704-6173-44c6-8b4b-865498d34ae9.jpg,,
148,ten ten,148-ten ten-02,8,17862fd1-9a9c-4534-9583-c4de6e0cb256.jpg,,
148,ten ten,148-ten ten-02,9,1b8707a9-98b2-42b3-9ea3-9a549a926d15.jpg,,
148,ten ten,148-ten ten-02,10,2076ed97-4c75-421d-958b-27b7c7d78b86.jpg,,
148,ten ten,148-ten ten-02,11,25447282-6a33-488c-b568-ade4318164ef.jpg,,
148,ten ten,148-ten ten-02,12,2d9693da-627b-4d6e-b8cd-3df75395acb0.jpg,,
148,ten ten,148-ten ten-03,13,2ee5ea0d-18b9-4a7e-8841-071b453d9ce1.jpg,,
148,ten ten,148-ten ten-03,14,32745945-1f30-4f77-8714-fc0633ec687d.jpg,,
148,ten ten,148-ten ten-03,15,328d6eb1-f5d3-4443-86f1-616b798893c4.jpg,,
148,ten ten,148-ten ten-03,16,356113f7-13d1-4a59-950e-bb1563ce6618.jpg,,
148,ten ten,148-ten ten-03,17,41c4336c-bf1e-4a60-8b76-d59a5612c6e9.jpg,,
148,ten ten,148-ten ten-03,18,4227bd14-7b5d-4717-bbf2-6da23eeda549.jpg,,
148,ten ten,148-ten ten-04,19,453cc99d-e4a2-417d-9acd-5fd73e279a70.jpg,,
148,ten ten,148-ten ten-04,20,4c160cfa-3f88-451c-a901-e39671478059.jpg,,
148,ten ten,148-ten ten-04,21,4f491d3b-ef9f-4322-af64-f67f07c28439.jpg,,
148,ten ten,148-ten ten-04,22,50ba8f09-0216-49b0-b047-55b435226044.jpg,,
148,ten ten,148-ten ten-04,23,5d27383d-e183-4227-b4e0-b054e6f29013.jpg,,
148,ten ten,148-ten ten-04,24,5da2274b-7b7c-4ff8-a1b0-5188268131c6.jpg,,
148,ten ten,148-ten ten-05,25,65966450-c976-40f9-9fbe-b6e0cebc4df5.jpg,,
148,ten ten,148-ten ten-05,26,65f1576f-1b71-46ec-91b8-bb72f164c0aa.jpg,,
148,ten ten,148-ten ten-05,27,65fe6c6d-2387-41d9-be3a-0c6bf8a31de0.jpg,,
148,ten ten,148-ten ten-05,28,661af75b-75d1-4097-9529-4a71b840b825.jpg,,
148,ten ten,148-ten ten-05,29,68c9a1bc-59f5-4a63-b84a-8d7d3a961ab0.jpg,,
148,ten ten,148-ten ten-05,30,6b4baa86-7f3f-4dbb-a861-9f444c512bab.jpg,,
148,ten ten,148-ten ten-06,31,70b211e0-bd84-47af-a2a6-722c17f5c1ff.jpg,,
148,ten ten,148-ten ten-06,32,711c5139-1d3e-40ed-a66a-29f3c56ab477.jpg,,
148,ten ten,148-ten ten-06,33,7d7f11a5-53cb-46db-b04b-99e2dee84e44.jpg,,
148,ten ten,148-ten ten-06,34,8590be0b-2efe-4c05-9bd7-3498c2273499.jpg,,
148,ten ten,148-ten ten-06,35,899a34e9-ec63-4197-8f38-49c7633e308a.jpg,,
148,ten ten,148-ten ten-06,36,8da3cc2c-e4f4-4510-abc3-d590e9d56889.jpg,,
148,ten ten,148-ten ten-07,37,941a88a7-5dce-4bbb-9f67-d5c64209630a.jpg,,
148,ten ten,148-ten ten-07,38,944ff90d-6bfe-4587-b63e-a34799f10d1b.jpg,,
148,ten ten,148-ten ten-07,39,979c1372-e690-438b-a482-0c029a438545.jpg,,
148,ten ten,148-ten ten-07,40,9971be02-c683-4372-ac4f-5b9b29c48514.jpg,,
148,ten ten,148-ten ten-07,41,9ea38b79-b4af-4a08-a1fb-123dca009ab0.jpg,,
148,ten ten,148-ten ten-07,42,ac8f8357-5c24-423a-ad37-2b9e95145f39.jpg,,
148,ten ten,148-ten ten-08,43,b123e040-7265-43b1-a7c9-c727847cb1b3.jpg,,
148,ten ten,148-ten ten-08,44,bce80de8-57b8-462c-8240-d5ccf80654b8.jpg,,
148,ten ten,148-ten ten-08,45,bd19085c-68d1-4eea-9474-d01b4b2c43a5.jpg,,
148,ten ten,148-ten ten-08,46,be61739f-bb3e-4f10-8841-9a9e74afdfda.jpg,,
148,ten ten,148-ten ten-08,47,c64f5f6f-76a5-45cc-9a09-9a0aae9114e4.jpg,,
148,ten ten,148-ten ten-08,48,cdc66962-cd91-4586-92c6-0382d7974eb4.jpg,,
148,ten ten,148-ten ten-09,49,ce099bcd-fb54-4fb8-b60b-ffe33826bdda.jpg,,
148,ten ten,148-ten ten-09,50,d0f67892-1929-4c35-bf19-e2a197a72f42.jpg,,
148,ten ten,148-ten ten-09,51,d423f999-9374-400c-bbe5-353a1ec1dbf4.jpg,,
148,ten ten,148-ten ten-09,52,e0b2b5c5-2d76-426c-b1d2-f09412997589.jpg,,
148,ten ten,148-ten ten-09,53,e143a9b1-4c55-4bf7-8d0c-b40f2f66ef86.jpg,,
148,ten ten,148-ten ten-09,54,e1bb6772-d32a-4466-ab7b-5aeb96d14bf6.jpg,,
148,ten ten,148-ten ten-10,55,e746acec-5836-485b-b5f6-7ae39b680098.jpg,,
148,ten ten,148-ten ten-10,56,e820ec4d-a0ab-4014-9018-0d7a6321c3e8.jpg,,
148,ten ten,148-ten ten-10,57,eb4735ef-75b5-4477-bf60-37582a08f2dc.jpg,,
148,ten ten,148-ten ten-10,58,ec0ad162-1232-4ad3-9bfe-1eb047c42552.jpg,,
148,ten ten,148-ten ten-10,59,f1a0fa47-e86e-46cf-a563-13744136972e.jpg,,
148,ten ten,148-ten ten-10,60,fdbcb108-ca56-45f9-ba20-dfcd92f7a54c.jpg,,
149,Tripsy,149-Tripsy-01,1,30638b7d-effe-4a0e-b591-04e6ee4cc089.jpg,Notification Permission Prompt,https://refero.design/screens/c3f91a6f-fd6f-4778-8f2e-93d06f7ff7ac
149,Tripsy,149-Tripsy-01,2,4850968e-208c-43c3-8ec9-65d1438f7ec5.jpg,Welcome / Intro Slide,https://refero.design/screens/2909f23e-e70c-4dc3-9e46-be2d9561d8d3
149,Tripsy,149-Tripsy-01,3,1990d061-b015-4363-9987-538e467d7f73.jpg,Feature Slide — Flight Details,https://refero.design/screens/92a25110-9ec7-4303-aac6-a61153eac341
149,Tripsy,149-Tripsy-01,4,cc277f4e-769b-4557-9a94-68fc0433a2e2.jpg,Feature Slide — Documents,https://refero.design/screens/827a9d05-9e33-4e6d-9c36-d23ca7a4136e
149,Tripsy,149-Tripsy-01,5,30393584-a04d-46ec-b8cd-a0417593edfb.jpg,Location Permission Prompt,https://refero.design/screens/a5b4e621-b8a7-48f1-bb3c-9b7e1b3456ae
149,Tripsy,149-Tripsy-01,6,5492998d-ac52-4587-8d45-e943475a9d66.jpg,Promotional Upsell (Tripsy Pro),https://refero.design/screens/c787104e-eaef-4cf4-aa95-30f2009b32a0
149,Tripsy,149-Tripsy-02,7,2960e3fd-8331-4e5e-b018-6d5a7f13720d.jpg,My Trips — Empty State Home,https://refero.design/screens/c79bdaa2-ba29-42d8-add7-e133048b3ab6
149,Tripsy,149-Tripsy-02,8,581efc2d-90c2-457f-8cf6-a54cd76445f9.jpg,Onboarding / Sign-in,https://refero.design/screens/289006d2-780b-4719-b2b5-3cc677745365
149,Tripsy,149-Tripsy-02,9,41aabcb6-7361-48cd-bddd-eec603b2e625.jpg,Authenticated Home — My Trips (empty state),https://refero.design/screens/807b9497-1e6a-4ac7-b64f-ac425cc5dba7
149,Tripsy,149-Tripsy-02,10,b783513b-005d-48d3-a2ce-46b4e77a8d8d.jpg,Trips list (default),https://refero.design/screens/95ece6c9-e54b-4d49-b3b0-2bcca44743cf
149,Tripsy,149-Tripsy-02,11,e87ffae7-4f1c-4725-8903-04aabbb7c06f.jpg,Search results (filtered list),https://refero.design/screens/babdb20e-2bbd-4215-8ad1-99a2507a8331
149,Tripsy,149-Tripsy-02,12,c567fa5b-5078-4b95-b501-93b565c3e3bf.jpg,Trip Places List,https://refero.design/screens/d53e0549-2ecf-4f4b-afc2-9b63056f2c56
149,Tripsy,149-Tripsy-03,13,fefdee3c-79d0-4653-8b57-8cdd731d2338.jpg,Enter Selection Mode,https://refero.design/screens/bf7948c9-d66f-489c-a77f-9265a87ff25b
149,Tripsy,149-Tripsy-03,14,e1013b52-240d-4b98-bedf-0198d2befaf3.jpg,Select Items,https://refero.design/screens/3f74a16d-8cba-49c6-a952-f0d9ef69cbcf
149,Tripsy,149-Tripsy-03,15,6bbd872d-7845-4608-b1cb-6688b00bffe8.jpg,Open More Actions,https://refero.design/screens/5fac8b39-e4d6-4474-a904-00dfceac0adc
149,Tripsy,149-Tripsy-03,16,d5fa1f73-951b-4ceb-bdb6-c57807d01971.jpg,Copy Confirmation,https://refero.design/screens/841c6477-9ee0-446c-9717-7f0dc3bf7274
149,Tripsy,149-Tripsy-03,17,4fc7784c-6171-40fb-908f-7002859d9441.jpg,Places list - all categories,https://refero.design/screens/1dc3156b-dd43-4ee9-89c6-cc72eab4c378
149,Tripsy,149-Tripsy-03,18,8ebf77a2-f9d5-4c59-b626-0304e53e5054.jpg,Categories picker open,https://refero.design/screens/e09f4789-6cf4-4486-89c1-fae0e6f619b0
149,Tripsy,149-Tripsy-04,19,0efbf549-a7e8-4e02-9ad2-59b59b166645.jpg,Filtered list - category applied,https://refero.design/screens/ee292e2e-53ab-4298-941a-81414674f534
149,Tripsy,149-Tripsy-04,20,09e2891c-cd78-4020-8464-56c803c70e3d.jpg,Browse categories and subcategories,https://refero.design/screens/3bf38b30-5e8e-4f28-af02-86531b881c51
149,Tripsy,149-Tripsy-04,21,41ab3c2a-0464-448a-8516-d052dd7b3a62.jpg,Search results — no matches,https://refero.design/screens/61eb62ec-4d1b-4839-8da1-04740ab6046b
149,Tripsy,149-Tripsy-04,22,c237d353-5474-4159-a17d-7cad0ddffcb5.jpg,Search within category,https://refero.design/screens/6e6a630a-7672-4952-937d-08ed57efbeed
149,Tripsy,149-Tripsy-04,23,e5644d50-6954-434e-aed0-9a1dd4704217.jpg,Place detail on map,https://refero.design/screens/4438d8e6-6944-4254-adcc-40a4d8929888
149,Tripsy,149-Tripsy-04,24,fb4019ea-f5d2-48d2-b937-6326cb1f7cf0.jpg,Save place and add itinerary details,https://refero.design/screens/19664078-f65c-4222-bec0-0d675e1fe47b
149,Tripsy,149-Tripsy-05,25,2a95a266-4a00-402b-ade3-7bdb2e6d099b.jpg,Type City and Select Airport,https://refero.design/screens/43dd88c4-d9bd-432e-acae-bd11da9dc427
149,Tripsy,149-Tripsy-05,26,fcc4bb57-67a8-46dd-ae26-83049695ea14.jpg,Set Arrival and Open Date,https://refero.design/screens/9d1669fb-01d9-41a8-a86d-02c9c8109f61
149,Tripsy,149-Tripsy-05,27,1417277a-1142-4a6d-8f08-dc583ce22148.jpg,No Route Results,https://refero.design/screens/bfb82a3a-9d8e-4740-ae23-73ca8267c831
149,Tripsy,149-Tripsy-05,28,bd72f48e-0c58-4e8d-845b-9bef538def2e.jpg,Search by Airline + Flight Number,https://refero.design/screens/f76800db-24ee-4e8b-94b0-a8557303498d
149,Tripsy,149-Tripsy-05,29,b4201f10-0f95-407e-baf2-749700c482b6.jpg,Edit Reservation Details,https://refero.design/screens/0173f910-ded7-4a52-bfde-489b2370b63c
149,Tripsy,149-Tripsy-05,30,553e25b4-6adf-42c7-8b24-a34fbb80fe1d.jpg,View Flight on Trip,https://refero.design/screens/fcddd6d7-9375-45ab-8687-6e5071529608
149,Tripsy,149-Tripsy-06,31,8da3370e-caa0-4c28-bd85-38beda29ee0a.jpg,Car Route - New (Empty),https://refero.design/screens/25edeade-3c10-435c-a19f-72a8b0c3a2a3
149,Tripsy,149-Tripsy-06,32,ac65a6c5-a15d-4182-8052-85035f50b0e3.jpg,Save Confirmation & Return,https://refero.design/screens/62ec5ab5-cbd1-4696-9581-1ce68f53a3d7
149,Tripsy,149-Tripsy-06,33,5a324e18-038a-4cb0-90fb-88e8eb78dc8e.jpg,Place detail — open and start date,https://refero.design/screens/c85035f9-94da-4cf1-9881-dfbe0b99ab5b
149,Tripsy,149-Tripsy-06,34,c2cf814a-234c-46e9-a3ec-af600975a895.jpg,Open time picker for Starts,https://refero.design/screens/f409cda2-4ddd-4efe-9161-f2c8720e1ddc
149,Tripsy,149-Tripsy-06,35,dde981a4-5240-4c35-8df1-ea3c7db2b755.jpg,Save time and update place card,https://refero.design/screens/d6258d95-c97d-49c1-ae41-e96a655f6d89
149,Tripsy,149-Tripsy-06,36,d4c7961c-d9b2-4e03-b5fd-dc8dab781ff5.jpg,Trip editor (name focused),https://refero.design/screens/c35aaa15-f65c-4f6e-a27f-1cbaa3b80b1d
149,Tripsy,149-Tripsy-07,37,f8d68a56-0110-43c2-82bd-d20a45872296.jpg,Select start date,https://refero.design/screens/e721dc09-b2be-416c-ba37-e21b00cd5439
149,Tripsy,149-Tripsy-07,38,034984be-52e7-4072-8bb5-9913540f13e9.jpg,Select end date (create range),https://refero.design/screens/c7ddbe94-da22-4ff5-9b8e-faeb87cb48ea
149,Tripsy,149-Tripsy-07,39,d7f8b50c-0a1e-4c17-813e-23986b0e047f.jpg,Trip editor (title + cover),https://refero.design/screens/d25e98f4-c217-4035-8fc2-10e8260df570
149,Tripsy,149-Tripsy-07,40,189ff41e-85f1-4071-bf0a-b7adf2db9f59.jpg,Colors tab,https://refero.design/screens/13b9f8a6-8a6e-4d8e-8b8d-90e684890032
149,Tripsy,149-Tripsy-07,41,49b5fa21-0550-401a-88e2-35fd05b73b86.jpg,Images tab (scrolled),https://refero.design/screens/df44b641-484c-4e48-9320-03fc279f4b5c
149,Tripsy,149-Tripsy-07,42,4d6a3a99-92f4-44c1-af5f-2ea17b8ce5a4.jpg,Apply selected image,https://refero.design/screens/4a48c57a-4f97-4d33-ba02-69706aa80346
149,Tripsy,149-Tripsy-08,43,19a647ae-d6ee-481e-9fbf-b5cee5c1f078.jpg,Place Details (The Sportsman),https://refero.design/screens/0825c760-ce61-4b56-a66c-fa1c66285cae
149,Tripsy,149-Tripsy-08,44,456774bf-ca2e-4882-b5d1-87181e4fb3bb.jpg,Currency Selector,https://refero.design/screens/bbbb42d3-e0b3-40f6-8faf-468df89530db
149,Tripsy,149-Tripsy-08,45,1b57445c-7540-4875-9306-515d62e4990e.jpg,Place Details — updated,https://refero.design/screens/397b6bf8-8fc1-45a3-a940-f8453eb4b901
149,Tripsy,149-Tripsy-08,46,e5cdda19-9b8f-4b7d-a97d-949b13a5a18b.jpg,Stats screen (locked feature),https://refero.design/screens/0f7ab5b4-1753-4d34-8b9e-1e0d02d048a5
149,Tripsy,149-Tripsy-08,47,207b0393-a4a2-4029-8bf7-9a93688dda95.jpg,What's Included (header),https://refero.design/screens/6fe5f422-be7b-4c6e-8be0-633860c81ef8
149,Tripsy,149-Tripsy-08,48,c0d2f9cd-50ca-4721-9d7d-46a76da7465c.jpg,Feature list (continued),https://refero.design/screens/b84e9cba-065d-4000-b212-dba06fea7d32
149,Tripsy,149-Tripsy-09,49,f9c13abf-336a-4961-9d1d-85b7cdeb032c.jpg,Plan selection,https://refero.design/screens/a69049e2-5c1b-4d2d-a192-74c57982ea20
149,Tripsy,149-Tripsy-09,50,c147be1d-a5ea-4ebd-b08b-a591a6cd3a2b.jpg,App Store confirmation,https://refero.design/screens/1db875b2-8b36-4516-8ef9-5461e67fb93a
149,Tripsy,149-Tripsy-09,51,58375c51-a27d-4f5d-af81-c2cefc4c441c.jpg,Purchase success & return,https://refero.design/screens/ba6fca5c-bd1f-46f0-8ebe-5938b471f8ec
149,Tripsy,149-Tripsy-09,52,f3cb5d3f-2123-48bf-b5ef-7b1189761aef.jpg,Settings — Cloud entry,https://refero.design/screens/c6e10012-7353-4e50-8e3f-78057ee4372c
149,Tripsy,149-Tripsy-09,53,c41d7791-f554-4501-8922-b7851f0d61ad.jpg,Email login — credential fields,https://refero.design/screens/b375aac4-f3ef-4a1b-98ed-81e933bd74e6
149,Tripsy,149-Tripsy-09,54,5abe5de8-d4ba-4f88-a274-40772d6eea7a.jpg,My Trips — post-login list,https://refero.design/screens/50affb2c-f023-43fe-9a63-d1f8f38ec998
149,Tripsy,149-Tripsy-10,55,0e1d2ff3-4698-418c-8e18-052676ee4ec8.jpg,Open Settings,https://refero.design/screens/c5e74a7c-24f2-415b-a460-2d7191f45b4f
149,Tripsy,149-Tripsy-10,56,3413b437-ed31-46b7-942b-86f7e37bdfba.jpg,Browse Icon Grid,https://refero.design/screens/6fba6946-d46b-4515-ad6c-aef713ea69d4
149,Tripsy,149-Tripsy-10,57,7aa12f1c-1dd8-4f67-8c3c-711075563850.jpg,Confirm Icon Change,https://refero.design/screens/f6f52e8a-0f00-4707-a33e-818594211196
149,Tripsy,149-Tripsy-10,58,80d1d287-a3e8-4a14-86b9-878017d6ead8.jpg,Settings — Help Center,https://refero.design/screens/47ea1093-f15f-459b-b73c-879f3a58ddc9
149,Tripsy,149-Tripsy-10,59,c70103a5-b551-4fab-9681-fa862a6244ca.jpg,Article footer — feedback and navigation,https://refero.design/screens/231b35f5-5a3e-4fc6-a283-f3c587c7eb4e
149,Tripsy,149-Tripsy-10,60,f8786098-84e7-4c3b-be8c-e9b658604fa0.jpg,Edit Profile,https://refero.design/screens/a9f81200-efd0-4186-bb39-ee9bb7433f3a
153,Google Gemini,153-Google Gemini-01,1,4fbe2199-3634-4545-b800-5cc758d01e2e.jpg,Sign in and launch Gemini — Welcome + Compact account prompt,https://refero.design/screens/53b7022e-69a5-4285-8e31-0c4487bbb8e6
153,Google Gemini,153-Google Gemini-01,2,91b6e64b-b8d6-49a7-8ddb-122f337b1653.jpg,Sign in and launch Gemini — Selected account confirmation,https://refero.design/screens/501e7a14-249d-45b4-a844-8ba959a2d8b0
153,Google Gemini,153-Google Gemini-01,3,64ecfe1c-66a4-4308-b8d8-e6bb4bb48efd.jpg,Assistant home — Ready to interact,https://refero.design/screens/8519c86d-04a7-453a-8eed-ab6ab3d3c7d4
153,Google Gemini,153-Google Gemini-01,4,658453b9-8726-46d7-a74b-e38ef5fc7cdd.jpg,Gemini first-run welcome and consent — Loading / Transition,https://refero.design/screens/c621ad6f-e663-4239-a5ea-e57971c689e0
153,Google Gemini,153-Google Gemini-01,5,4e8e57ae-20e0-4a85-b8fa-800164775d1a.jpg,Expand Details / Read More,https://refero.design/screens/12400159-241f-4fa5-a553-dfa1da7fc798
153,Google Gemini,153-Google Gemini-01,6,3fa27564-a849-48f0-8017-932b981fc7ab.jpg,Gemini first-run welcome and consent — Confirm Selection,https://refero.design/screens/eb2287d3-084d-442f-9b8c-4dd705a0de31
153,Google Gemini,153-Google Gemini-02,7,85de4dd1-35e5-4528-88be-897094a0c29a.jpg,Message Submitted / Generating,https://refero.design/screens/e6a80542-9adb-4b47-a56d-87ed66912f26
153,Google Gemini,153-Google Gemini-02,8,76badbc0-a8d1-4f1a-9bba-ae9f1567c8a7.jpg,Assistant Reply (final) with Actions,https://refero.design/screens/66c9dc5d-ed80-4826-a780-0332a034f7c0
153,Google Gemini,153-Google Gemini-02,9,90d32384-003e-491b-b7f1-bcfdf4aa65e6.jpg,Open Composer (expanded),https://refero.design/screens/a4fb9465-aeba-41fc-9807-6959fb95ad37
153,Google Gemini,153-Google Gemini-02,10,c68a1eeb-2082-485f-86e7-5a8f488b276d.jpg,Ask and interact with Gemini response — Open Feedback Sheet,https://refero.design/screens/2447256e-c69b-41b2-bb17-20f947af75b6
153,Google Gemini,153-Google Gemini-02,11,9a9f9660-ab8e-4386-b5a5-c6c6e12d0cab.jpg,Ask and interact with Gemini response — Share via iMessage,https://refero.design/screens/3772e3ef-dca2-482e-b8db-a589a80c7480
153,Google Gemini,153-Google Gemini-02,12,2a2f3267-8975-472e-9ee0-6c547243d4e6.jpg,No More Drafts / Regenerate,https://refero.design/screens/90e97742-b3fe-4578-91d8-5a43b6468406
153,Google Gemini,153-Google Gemini-03,13,6700e3e6-1225-495a-8403-4707f26b15ff.jpg,In-Chat Response Feedback — Conversation - View Response,https://refero.design/screens/8dbdac34-bbed-493a-8c7e-2dba17eaaa15
153,Google Gemini,153-Google Gemini-03,14,66973e07-bc03-438c-b71a-8159f0ab9251.jpg,In-Chat Response Feedback — Submit and Confirmation,https://refero.design/screens/47e3c293-c2cd-4015-a3a1-4eb0e4db7573
153,Google Gemini,153-Google Gemini-03,15,a8835926-7c20-4e5f-b00b-993d3b326e22.jpg,Conversation (idle with assistant intro),https://refero.design/screens/e49f48e9-fe07-47b8-9907-7dbfc476ac3b
153,Google Gemini,153-Google Gemini-03,16,a768f8eb-7133-4895-9a94-8d00ba80f831.jpg,Voice Query to Suggestions — Full Transcription / Submit,https://refero.design/screens/402214b6-546c-4161-b21a-23a109f36a82
153,Google Gemini,153-Google Gemini-03,17,d72a9bbc-8c51-41e0-9838-960a48e03296.jpg,Answer Rendered (suggestions with media),https://refero.design/screens/559b19e2-c8ea-4204-aa1c-d876ac12602c
153,Google Gemini,153-Google Gemini-03,18,72c0c92b-d182-4078-8d4e-f159cf353e73.jpg,Start Live Voice Conversation — Chat View — Gemini Response,https://refero.design/screens/af07f8e9-8734-45cf-b119-ed609ea3ad4b
153,Google Gemini,153-Google Gemini-04,19,2c56ea4a-1437-4af5-a22b-8ffa44bf9cf9.jpg,Start Live Voice Conversation — Voice Selection — First Card,https://refero.design/screens/c20bc7d2-f5d2-4a07-888a-452d67d1633c
153,Google Gemini,153-Google Gemini-04,20,8afec1a9-92b6-4152-ab36-4abbfa3812ea.jpg,Start Live Voice Conversation — On Hold Screen,https://refero.design/screens/85eb4cfe-5a4b-4381-9e5a-5dee09b28b4c
153,Google Gemini,153-Google Gemini-04,21,29beb963-fd14-4365-bab5-cb24b42284ec.jpg,Start Live Voice Conversation — Final Chat Interaction,https://refero.design/screens/389aa8af-b9fd-4240-b252-5e3e57c2c708
153,Google Gemini,153-Google Gemini-04,22,62a64ff7-a97b-449d-b432-d15f1a12160a.jpg,Gemini Voice Selection — Voice card — Vega,https://refero.design/screens/1b8aba58-8aa6-475c-b346-f454a47313eb
153,Google Gemini,153-Google Gemini-04,23,611edeb2-6ea8-4bf7-8895-eb458a1ead62.jpg,Gemini Voice Selection — Voice card — Nova,https://refero.design/screens/ed1912fc-1ec1-48c9-8066-9b7228af87d3
153,Google Gemini,153-Google Gemini-04,24,b496e32a-5900-4b8d-9d11-76ac4c1c053f.jpg,Gemini Voice Selection — Voice card — Dipper,https://refero.design/screens/02236d81-aa62-4445-aaa9-5144efd79111
153,Google Gemini,153-Google Gemini-05,25,e5f2f254-e21e-4d30-a48f-49fb0c56e86f.jpg,Create public share link — Open message actions,https://refero.design/screens/94c9f4e2-7c14-49df-a96d-7fdefc433e9c
153,Google Gemini,153-Google Gemini-05,26,13717da5-955f-4db1-baf3-15de3c638b29.jpg,Create public share link — Select or edit headline,https://refero.design/screens/a8aaf34a-663b-4005-b368-f554355ea4f1
153,Google Gemini,153-Google Gemini-05,27,8791f7f4-5c20-48ad-a29a-342a91721202.jpg,Create public share link — Public link created confirmation,https://refero.design/screens/93958651-c08e-41bf-910a-673813818e8e
153,Google Gemini,153-Google Gemini-05,28,707e6355-de0f-4af8-ac9a-2a67ca641885.jpg,Modify Assistant Response — View Assistant Reply,https://refero.design/screens/7ad9094a-0723-4d00-8a4c-fc10b7e66dd4
153,Google Gemini,153-Google Gemini-05,29,daca9c63-178a-4873-b2a9-bd578011cbad.jpg,Modify Assistant Response — Choose Modify Option,https://refero.design/screens/35988600-ca20-455f-922f-70ed073f5a75
153,Google Gemini,153-Google Gemini-05,30,4f3b999b-9b81-49b0-a347-4200fc65445f.jpg,Modify Assistant Response — Receive Modified Reply,https://refero.design/screens/c11d2cbb-813a-4174-922c-b0e3a58634e2
153,Google Gemini,153-Google Gemini-06,31,e5d97565-54a4-4cea-8e65-97dcbc7480cb.jpg,Create image from photo — Permission request,https://refero.design/screens/3cd2553c-0136-41ec-b7a5-3d9cd0f5cc5f
153,Google Gemini,153-Google Gemini-06,32,8e87f041-281d-40b6-a460-d9abfb45c1f4.jpg,Create image from photo — Crop editor,https://refero.design/screens/05fa2c0c-861d-4489-a95f-263be758ffe6
153,Google Gemini,153-Google Gemini-06,33,f70cff3d-f4cb-4a6b-824f-1728a09a84e0.jpg,Create image from photo — Write prompt referencing photo,https://refero.design/screens/2516ca9e-dfa6-4644-adb7-834125be5292
153,Google Gemini,153-Google Gemini-06,34,6d764ac6-9a34-492c-90d9-8ff0222be7e7.jpg,Create image from photo — Attachment thumbnail controls,https://refero.design/screens/46598641-9739-465d-82c3-e8d513877517
153,Google Gemini,153-Google Gemini-06,35,d99c3bcf-3287-44e4-9d1a-3be2c577f158.jpg,Other drafts — empty state,https://refero.design/screens/07bd77ca-f678-4cd5-b810-a1b6a423aee7
153,Google Gemini,153-Google Gemini-06,36,f0f759de-6d5e-42fe-a2fd-6a44b9c2cfc3.jpg,Prompt submission with photo — generating,https://refero.design/screens/a318ddea-d2fe-45bb-9fbf-f651832ab2f1
153,Google Gemini,153-Google Gemini-07,37,95f03a36-65e5-4690-b8d7-9675b3f4a32d.jpg,Generated image result — review and actions,https://refero.design/screens/c4fff067-5fa0-4161-b4af-a6d69ea990a9
153,Google Gemini,153-Google Gemini-07,38,8566b3dd-f75b-4a09-9ba7-565557677b24.jpg,Flight search and open results — User query and summary,https://refero.design/screens/ac35a3e0-ac4a-4c15-8aad-fa6d28d8fc94
153,Google Gemini,153-Google Gemini-07,39,26ab835a-d293-46d3-8c6a-2e99722706d6.jpg,Flight search and open results — Inline flight results,https://refero.design/screens/a08fc21b-27c5-451b-8eb0-833a960e452c
153,Google Gemini,153-Google Gemini-07,40,507dd2cf-7ee4-45c4-97d2-ff053af3603e.jpg,Open Google Flights in webview,https://refero.design/screens/f183b4aa-7c36-4592-9826-9c6dd64e4f98
153,Google Gemini,153-Google Gemini-07,41,4e250d1c-f00d-45fd-b114-178cc7d802e2.jpg,Pin conversation to top — Chats list (default),https://refero.design/screens/7d38a9b4-6228-480b-b410-c8d08f896749
153,Google Gemini,153-Google Gemini-07,42,90beef01-c63c-477e-8f65-385f885a9479.jpg,Pin conversation to top — Conversation context menu,https://refero.design/screens/29d67ec9-84c4-4f6c-8bf1-4b0dbeb5dffb
153,Google Gemini,153-Google Gemini-08,43,4d905dd6-7b4e-4a27-af5c-ce918c600b17.jpg,Pin conversation to top — Chats list with Pinned section,https://refero.design/screens/0271f2ed-1161-4b1c-9437-fad1b11540ee
153,Google Gemini,153-Google Gemini-08,44,bb6317a8-12f8-4f3f-92bd-03d7f753567d.jpg,Updated chats list + confirmation,https://refero.design/screens/b3c5414b-7953-4a64-80c6-76ecf23963d3
153,Google Gemini,153-Google Gemini-08,45,5df61649-c2c3-44fa-ab94-b512ef9a39f2.jpg,Delete single chat — Delete confirmation,https://refero.design/screens/c482a490-6478-4d9c-9891-2ef3914c7616
153,Google Gemini,153-Google Gemini-08,46,9dfac930-01be-4980-ac47-dd408456bf58.jpg,Delete single chat — Deletion result,https://refero.design/screens/3043e1c3-27db-44e8-9cea-a1dc881414f9
153,Google Gemini,153-Google Gemini-08,47,8b629767-63ef-482e-823b-888414585bd0.jpg,Document creation progress,https://refero.design/screens/9337ddc2-2e27-4dac-a1ba-6e02c891c301
153,Google Gemini,153-Google Gemini-08,48,931cff1d-f329-4a88-97ed-d46d3edd5de8.jpg,Creation success confirmation,https://refero.design/screens/84521cfc-d6c2-408e-979c-e0685b4daf86
153,Google Gemini,153-Google Gemini-09,49,11457f3b-fb6f-4113-a064-fec4e3561811.jpg,Google Docs viewer with exported text,https://refero.design/screens/fa812eaa-d0ee-4ed5-bc96-a5ca5075ec9c
153,Google Gemini,153-Google Gemini-09,50,d24ec8d7-2cf3-47b4-a5b5-89ad9d2e3988.jpg,Share Assistant Reply — Share Sheet — Select Destination,https://refero.design/screens/570f587c-d183-4c35-9da6-dd1cd067d1dc
153,Google Gemini,153-Google Gemini-09,51,6a701e67-f8c6-4b91-af44-3822aee8f19b.jpg,Share Assistant Reply — Messages Composer — Review & Send,https://refero.design/screens/86b3f83f-1b4c-4aa3-a61f-e8309e71ebdd
153,Google Gemini,153-Google Gemini-09,52,e8849c97-d5d7-430d-b21c-023308445d1b.jpg,Assistant-to-Search Handoff — Related Topics Suggestions,https://refero.design/screens/bbfe9c57-354d-4593-a6d8-c94c4fb6629a
153,Google Gemini,153-Google Gemini-09,53,8505d1ab-1305-4755-8378-45ecaf09ac5c.jpg,Assistant-to-Search Handoff — Search Results Webview,https://refero.design/screens/1bae1deb-d40a-468a-ba43-737295ccf71c
153,Google Gemini,153-Google Gemini-09,54,2bc11e5e-9d3a-4a1f-997d-f1fd9afbc655.jpg,Image preview with controls,https://refero.design/screens/53d97185-dc58-496f-90dd-0007d0af9385
153,Google Gemini,153-Google Gemini-10,55,317862f8-086a-4945-a7c8-71b174d0349f.jpg,System photo-library permission request,https://refero.design/screens/cc0dd5fe-6b4d-492d-b53d-a432c540993b
153,Google Gemini,153-Google Gemini-10,56,e172b034-2249-4d84-9687-28c4bb15e05e.jpg,Save full-size image to library — Save complete confirmation,https://refero.design/screens/250fa321-2034-49de-84ab-d43eba52595c
153,Google Gemini,153-Google Gemini-10,57,63aa88d7-c4ab-4e2e-b109-9c56f885de54.jpg,Access Gemini Help Center — Open account menu,https://refero.design/screens/04195c89-3196-414f-a9fb-ac29ca84bcb2
153,Google Gemini,153-Google Gemini-10,58,fc9d9372-8d1f-404f-a441-c3f74d0c4700.jpg,Access Gemini Help Center — Browse popular topics,https://refero.design/screens/af05e7c9-002d-4fb6-8949-35bb1e028b79
153,Google Gemini,153-Google Gemini-10,59,714c2308-6eac-4947-a7e7-4e701e9d3ec9.jpg,Access related resources & feedback,https://refero.design/screens/02d3c732-a514-481c-9cdb-918ad38d0c34
153,Google Gemini,153-Google Gemini-10,60,49b177ec-8e49-44ba-9ebc-bb7852494140.jpg,Gemini FAQ read and expand — Help sheet (entry),https://refero.design/screens/ecbe88a0-3140-407c-89ed-b2006fadeedc
154,Structured,154-Structured-01,1,fd4bdd76-3c46-42d2-ab8b-ab78191fd701.jpg,Timeline — Main Timeline — First Visit,https://refero.design/screens/943e67ed-808c-493d-a5ad-17c85c442360
154,Structured,154-Structured-01,2,993bf899-d427-44d9-b94f-551c52d34b84.jpg,Timeline — Day Timeline Overview,https://refero.design/screens/5d5e971b-3221-4219-bf77-d480469cfc17
154,Structured,154-Structured-01,3,61805ac2-fbfe-4164-8133-96f9d886d008.jpg,Timeline — Complete a Task,https://refero.design/screens/12550492-304e-41b4-84a5-cdd679f88379
154,Structured,154-Structured-01,4,789ce39f-155d-48ec-952a-e44dc83dec75.jpg,Timeline — Task preview (tap),https://refero.design/screens/890b899d-33b6-46b7-83e3-e8399f9e4045
154,Structured,154-Structured-01,5,0fc6b560-ba07-4818-9860-d512042e7bca.jpg,Timeline — Start dragging a task,https://refero.design/screens/e5ac2efd-023e-4cbc-84b9-dcaafea84ae9
154,Structured,154-Structured-01,6,8e4ec4cf-33ec-4f57-ac1c-797c903f4fbd.jpg,Timeline — Open task actions,https://refero.design/screens/4c1f5c67-601b-45d8-beb4-8c828d65291a
154,Structured,154-Structured-02,7,fc80e6b3-e75c-4df4-a29c-6bbd3cd285ef.jpg,Timeline — Confirm deletion,https://refero.design/screens/6e5381c5-c6f0-49ce-ad71-0ed30f74e220
154,Structured,154-Structured-02,8,bc981a65-c31b-4a0c-aa2b-dc8522e3bbba.jpg,Edit task — Change Time and Duration,https://refero.design/screens/074c811b-3a53-4019-ab1d-01acfe5b6e47
154,Structured,154-Structured-02,9,7fadcaf9-02b2-4ec5-ab7d-041602a3884e.jpg,"Edit task — Adjust Color, Recurrence and Alerts",https://refero.design/screens/23d50cb9-e083-41ef-99bf-12facca52cb3
154,Structured,154-Structured-02,10,1503a7ae-7b05-47b7-a292-16e2ab6c4796.jpg,Copy day — Copy modal - default source,https://refero.design/screens/de582581-b1ab-45dd-985e-13d588bc4d3f
154,Structured,154-Structured-02,11,3f350f10-4acb-43cf-9aef-b8e1dc712732.jpg,Copy day — Open calendar picker,https://refero.design/screens/f2476132-47dc-45d1-9cf9-d9d12c62cb0f
154,Structured,154-Structured-02,12,867319b9-ac14-49d2-9f16-8f8bf0df0a30.jpg,Checklist — Checklist modal opens,https://refero.design/screens/6ec399d6-2b04-4328-bc55-3d06250b2b91
154,Structured,154-Structured-03,13,59be1fab-3740-492a-ac42-321ed1ad7e35.jpg,Energy limit — Open energy limit modal,https://refero.design/screens/c0878091-db57-45c7-a5e8-5481abd016f9
154,Structured,154-Structured-03,14,dccb4623-4450-4b3c-8678-6d2cbf0951c7.jpg,AI planner — New Task sheet,https://refero.design/screens/eaf8ea5b-6d2c-4d15-8f35-6e6acf96f869
154,Structured,154-Structured-03,15,52691da6-5e11-4e6f-a090-d309efc00011.jpg,AI planner — Structured AI — intro screen,https://refero.design/screens/483a71c6-765a-4c53-a6cb-ce2bf1a72d2c
154,Structured,154-Structured-03,16,7e169a57-7324-4c16-ae4d-58d338ec1135.jpg,AI planner — Grant microphone permission,https://refero.design/screens/95ee0ace-760d-44cf-b1cd-54e0bfca4b85
154,Structured,154-Structured-03,17,c26b0dd8-3ce1-4695-951b-9ab89beec149.jpg,AI planner — AI processing — prioritizing,https://refero.design/screens/8a039482-88ef-440b-a695-b62bf1884301
154,Structured,154-Structured-03,18,044519e2-ad99-47cf-8d6f-7cdc0ce2ee8f.jpg,AI planner — Review AI suggestions summary,https://refero.design/screens/17561ccf-3095-4bef-b115-1e5d6b5aecd4
154,Structured,154-Structured-04,19,b430c39c-ef33-48cf-921f-d0e67378d919.jpg,AI planner — Item actions — Add / Edit / Discard,https://refero.design/screens/07bce7e7-b9cd-4feb-8447-a703b39c9f4f
154,Structured,154-Structured-04,20,5416536b-6a21-4a4a-89b9-1534428abfb8.jpg,AI planner — Add Task — set time and duration,https://refero.design/screens/26112dfc-8c1a-415a-830e-a4f681a7276e
154,Structured,154-Structured-04,21,bd818d94-6920-4ccf-8450-19a5a3d38008.jpg,AI planner — Finalized agenda,https://refero.design/screens/27038fbf-698e-4561-ba42-eea734ff9afb
154,Structured,154-Structured-04,22,99741690-f7d5-4c7b-85a0-f02ea3af0360.jpg,AI planner — Browse suggestion chips and focus input,https://refero.design/screens/215c455c-33f4-47a0-b036-bca4693e62cc
154,Structured,154-Structured-04,23,cd50327f-a4d1-4f5c-8da5-28f7f4b0837a.jpg,AI planner — Review generated items,https://refero.design/screens/d8ce90b7-03f1-4151-adf7-4543492cdafe
154,Structured,154-Structured-04,24,c2edb748-14d1-415b-a587-48ee0a92f6eb.jpg,AI planner — Open feedback modal,https://refero.design/screens/26f45356-2e52-4e7a-b01b-3bb40fa8380f
154,Structured,154-Structured-05,25,e6543d1b-e397-4dcc-8624-5398932c09fa.jpg,Scan planner — Choose Input Method,https://refero.design/screens/1fff2d66-0634-4f63-b7be-10f706d88e68
154,Structured,154-Structured-05,26,d0ae84ae-3d95-43da-ad6f-ea0f16899cd5.jpg,Scan planner — Camera Capture UI,https://refero.design/screens/3089d2a6-a54d-4050-85f3-1ac21c5afe2c
154,Structured,154-Structured-05,27,abc7678d-96c0-447d-b312-bc93ac7f5291.jpg,Scan planner — Photo Review / Edit,https://refero.design/screens/df3f44d6-3d3f-4955-a85a-3a05b6401b73
154,Structured,154-Structured-05,28,c6fefc6b-a102-4976-9a4e-f8960bec21ca.jpg,Scan planner — Review Extracted Tasks,https://refero.design/screens/ad213e77-2fd1-4fc0-9736-798c4e58ad46
154,Structured,154-Structured-05,29,d156839d-814e-4369-a3f4-53abbbfcb016.jpg,Scan planner — Detailed scan preview,https://refero.design/screens/f2c5a322-6a86-4f83-8d6b-8823f8d7c8aa
154,Structured,154-Structured-05,30,1e872dc5-b477-4c90-a01b-0a4bd8318069.jpg,Scan planner — Updated extraction results,https://refero.design/screens/fb9b3957-3549-4293-9b41-801ba4674835
154,Structured,154-Structured-06,31,d6e1954d-6aae-467a-a263-d67dd5be44c3.jpg,AI onboarding — Onboarding Slide — Speed Up Planning,https://refero.design/screens/dd39aff4-5364-4298-945d-195ba4728469
154,Structured,154-Structured-06,32,5efaaba5-dbcc-4a47-b190-f133482e5467.jpg,AI onboarding — Onboarding Slide — Auto-Generate Schedule,https://refero.design/screens/b95c7e38-0cf4-4c4a-ba5b-86234ce31d87
154,Structured,154-Structured-06,33,4c417501-0edb-411a-ba85-ce96d3a177ba.jpg,AI onboarding — Onboarding Slide — Digitize Analog Planner,https://refero.design/screens/815dc175-0812-48b8-88df-3d3a237742c5
154,Structured,154-Structured-06,34,e9e06071-8467-408d-a1cd-9e4db8c968c8.jpg,AI onboarding — Privacy & Data — Consent Intro,https://refero.design/screens/a8be76b1-d3f3-4a85-b695-2f9d28270d7a
154,Structured,154-Structured-06,35,f0aa3763-9f2b-4914-80aa-d34c567dc4e5.jpg,AI onboarding — Privacy — Data Used For Structured AI,https://refero.design/screens/09c9647e-1847-4b0f-a558-5865995c8922
154,Structured,154-Structured-06,36,cc805b08-9d58-46ec-88a1-40c087e14aa9.jpg,AI onboarding — Accept Terms & Finish Consent,https://refero.design/screens/aceed093-5922-415d-b277-332d240c765e
154,Structured,154-Structured-07,37,30bc6bb6-8881-4635-a162-69cfced40654.jpg,Onboarding — Launch / Splash,https://refero.design/screens/548844fa-3187-4742-ad8b-279fe9992b0b
154,Structured,154-Structured-07,38,b4a33cb2-5963-42da-a9f5-0b52c4ba0bb1.jpg,Onboarding — Welcome Slide,https://refero.design/screens/2fb04285-ae48-49e6-be66-84ebc353d2f9
154,Structured,154-Structured-07,39,2dbd0568-b738-43e3-9df7-a39f93884141.jpg,Onboarding — Feature Spotlight — Timeline,https://refero.design/screens/e5d97ab0-d7c5-4298-aea0-4e9010f5957c
154,Structured,154-Structured-07,40,49b76d77-35f2-4c8d-9512-8fa6b363e380.jpg,Onboarding — Wake Time Picker,https://refero.design/screens/58901fd7-28af-477e-82f8-e18acb187d56
154,Structured,154-Structured-07,41,22c5c3de-c2f1-42aa-839b-184cdfa5b892.jpg,Onboarding — Create Today's Priority — Suggestions,https://refero.design/screens/8557c688-f13a-4cf4-862e-66f5aa481b4b
154,Structured,154-Structured-07,42,061f015a-f77d-4a5b-a53c-3a287f4eabe4.jpg,Onboarding — Choose a Plan Modal,https://refero.design/screens/4ec9f362-de81-4f84-830e-5dbf392fe8e5
154,Structured,154-Structured-08,43,92e33cde-9a7d-4ff4-b5ec-f7624513345e.jpg,Onboarding — App Store Confirmation,https://refero.design/screens/b60f7cb6-bcd6-4427-bbc0-731ed7f3af64
154,Structured,154-Structured-08,44,829c9e00-cfd1-44d4-80b4-2e577def1849.jpg,Onboarding — Pro Features Overview,https://refero.design/screens/3c465bc4-b536-41d5-b1a4-8d0e8071d0ff
154,Structured,154-Structured-08,45,484f38ee-8a7c-47ed-92e2-b4c36dd438c0.jpg,Onboarding — Calendar Access Prompt,https://refero.design/screens/bdda05e7-ca4a-4419-a5eb-23ebc2aff96b
154,Structured,154-Structured-08,46,67f335cf-b469-431f-b6d8-08801b42bc51.jpg,Onboarding — Enable Sync Toggles,https://refero.design/screens/dfdb1ce2-4bba-48a9-83b0-cbcedcb22468
154,Structured,154-Structured-08,47,92c7e589-a847-445c-a18d-33920c8771d7.jpg,Notifications — Notifications & Alerts — All-day Tasks,https://refero.design/screens/99c0aa88-9214-4408-ad01-3ca03dcd948e
154,Structured,154-Structured-08,48,9076bea3-e9c2-4fb5-93f5-634730bf54e1.jpg,Notifications — Add Alert — Time Picker Modal,https://refero.design/screens/1ef262cd-2c7a-4ba3-a42d-3b9443ba6981
154,Structured,154-Structured-09,49,f94124e7-8697-4402-803e-a44af812e849.jpg,Cloud — Structured Cloud info,https://refero.design/screens/6a23972f-ffb1-45ab-8971-72f2b2902214
154,Structured,154-Structured-09,50,7dbd0274-b66c-472d-8d77-ceb0d55e95b8.jpg,Cloud — Sign Up / Email entry,https://refero.design/screens/59173533-7e98-46b0-b8f0-0278e01c5039
154,Structured,154-Structured-09,51,c9b709ec-11d2-424c-8f49-1162862ca4b5.jpg,Cloud — Enter one-time code,https://refero.design/screens/b464de56-77dd-427a-a0bd-74306b197c25
154,Structured,154-Structured-09,52,1bdb825f-4902-4611-b0c5-488ecc9ca83d.jpg,Cloud — Submit - token error,https://refero.design/screens/104bbb01-fe6e-4d5e-9509-ce15b80739cf
154,Structured,154-Structured-09,53,8d2a9d12-ee58-474b-bf71-99b06e310e8a.jpg,Cloud — Sync progress and account controls,https://refero.design/screens/5a62bf43-472d-44d3-9233-4407aa3e411b
154,Structured,154-Structured-09,54,03f437d7-eb12-4461-8245-6eb8732527be.jpg,Privacy — Privacy Overview,https://refero.design/screens/aa8aef47-da5e-457e-966e-f40821b569f4
154,Structured,154-Structured-10,55,115e6f06-5892-4900-a99d-7cf2ed589ec3.jpg,Privacy — Privacy Controls List,https://refero.design/screens/b3e9520b-8801-4d9a-b41f-edda73588ad5
154,Structured,154-Structured-10,56,b0c07379-fe85-47d0-9925-b89cecb15527.jpg,Privacy — Anonymous Analytics — Detail (Sharing On),https://refero.design/screens/21584669-143d-4903-b57c-51126bfe6464
154,Structured,154-Structured-10,57,9f698bd9-3a91-45aa-8b83-4da798488d07.jpg,Help — Help & Feedback – internal,https://refero.design/screens/e1dcc6d2-df82-4632-ba3f-d53cb4d4d108
154,Structured,154-Structured-10,58,e73f5708-fc47-45c6-8e73-c44b0cef6448.jpg,Help — Article – header and intro,https://refero.design/screens/843b9181-1334-4eb0-899f-2f36827da6d1
154,Structured,154-Structured-10,59,0834a75b-61e0-4996-977b-4b4065f4080f.jpg,Settings — Structured Pro plan,https://refero.design/screens/5288b5d8-ffab-47ad-98a5-87f3c08d5c8b
157,Tinder,157-Tinder-01,1,9ce0f288-52f4-4f12-a85e-7776a6dc2390.jpg,Welcome / Sign in,https://refero.design/screens/e81e4a03-ffe9-4b3f-82f1-aa92b5b34048
157,Tinder,157-Tinder-01,2,bdc90df4-5e56-4ad2-8272-b06fd2eb805d.jpg,Verification success,https://refero.design/screens/9ef18392-89ec-4f71-99f3-aacc8f6c4105
157,Tinder,157-Tinder-01,3,e16d436b-d448-47e9-bb4a-c6b9a49366a1.jpg,Main browsing / Profile cards,https://refero.design/screens/0ca92f1a-5ffa-428c-8795-b9b0c3abf5c3
157,Tinder,157-Tinder-01,4,47ff0b10-b28a-44e2-9884-e297b7453eac.jpg,Welcome / Entry,https://refero.design/screens/1e5ba8c4-6125-4b79-8733-456ccbba25a2
157,Tinder,157-Tinder-01,5,31bd3da8-45de-4b0e-92d3-915a074697fb.jpg,Country code list,https://refero.design/screens/74aafc8a-5d08-416a-b501-74074112b977
157,Tinder,157-Tinder-01,6,91303a12-aa4d-46b9-9de3-8c614f84be6c.jpg,Request SMS verification,https://refero.design/screens/1bc23dbe-08fb-4f24-820c-3523ea52e9f9
157,Tinder,157-Tinder-02,7,9445d323-ed1d-4c2f-9fb6-4b2d982673b5.jpg,Email collection,https://refero.design/screens/4805eaaa-f5af-4ba3-b5d4-7385727eb590
157,Tinder,157-Tinder-02,8,e5e05dc2-9334-4056-a108-5a9d91c38cf4.jpg,Block confirmation & success,https://refero.design/screens/4c32a308-5c09-432e-b021-00b281231dd3
157,Tinder,157-Tinder-02,9,f024c8f0-c79f-44e2-8d20-d442f03771bb.jpg,Dark Mode introduction,https://refero.design/screens/fb65b5f1-735c-4218-93ac-a96b87c08b7f
157,Tinder,157-Tinder-02,10,6693ef6f-bc5e-4a77-807d-7d30efdef803.jpg,Tutorial - Like action,https://refero.design/screens/feffb7a7-27a6-4097-80ef-0bbe0b67ebfe
157,Tinder,157-Tinder-02,11,7623dc58-f3ba-4099-9c4c-1afc24d08c1e.jpg,Tutorial end and enter deck,https://refero.design/screens/e1b4cb1c-3bee-400a-894c-7ca15aa720f9
157,Tinder,157-Tinder-02,12,bc6a9a71-3fec-404a-ab46-19dde5b5c9ea.jpg,Profile Card — Inspect,https://refero.design/screens/3c21e403-864f-492d-ae7f-6e7ebd544f35
157,Tinder,157-Tinder-03,13,42c2215f-a54b-4ed4-a516-70bfc08b390b.jpg,Like Action — Card Swipe/Press,https://refero.design/screens/5d102f34-1829-47c8-af9c-75c94f4ea5cf
157,Tinder,157-Tinder-03,14,0d70c5b1-5e28-4cd8-9d68-5c106bb1da09.jpg,Next Card / Detail Peek,https://refero.design/screens/25f25656-8693-4d81-8e8c-f68147749b15
157,Tinder,157-Tinder-03,15,ea7a7bc6-2ddb-4481-936d-c00deacfb5fb.jpg,Slide right to Like,https://refero.design/screens/e99e52ac-e8d6-4ab3-bfe6-c075d147e8a3
157,Tinder,157-Tinder-03,16,039ba42c-6a8d-4044-88f0-88660f347a02.jpg,Extra features and finish,https://refero.design/screens/4512a476-255b-4d1c-b463-7cb62e5428da
157,Tinder,157-Tinder-03,17,672de6b1-b8b4-404f-8d33-d05c63268a1c.jpg,Main browsing (swipe) view,https://refero.design/screens/47591935-eb46-4410-98e8-cf989328067b
157,Tinder,157-Tinder-03,18,846b73f2-0219-4611-b6d8-b8b857a14736.jpg,Show Me selection,https://refero.design/screens/3adc27fa-95fa-432e-a144-cec3f6177168
157,Tinder,157-Tinder-04,19,7e8cfb2d-f66c-45ff-b336-df183a78fc3e.jpg,Interests picker (initial),https://refero.design/screens/dc5bae44-c030-49c0-8545-b2ef7b727bea
157,Tinder,157-Tinder-04,20,da054281-2d66-48a8-a9bc-71fb784698ec.jpg,Interests - select from search results,https://refero.design/screens/b6a2239c-d26a-4e56-aabb-1cd7f723c2ad
157,Tinder,157-Tinder-04,21,706fb156-25af-4319-8b2b-2330b18751b8.jpg,Interests - additional categories,https://refero.design/screens/135d6267-6efa-4b99-98bb-fa8ca2d2f1da
157,Tinder,157-Tinder-04,22,9b705b3b-8516-4ad1-b303-2b4cbc435e53.jpg,Looking for modal,https://refero.design/screens/648a3a3a-d56e-4a7c-a77d-a47d1ac0784d
157,Tinder,157-Tinder-04,23,140af6fe-87b8-4a6b-848f-427b26ac8a64.jpg,Ran out of people / increase distance,https://refero.design/screens/ff9f41f9-376e-4335-89e6-afae6bd0b3f1
157,Tinder,157-Tinder-04,24,e9c77a94-8e17-4a70-a263-341d67a0dd6e.jpg,Profile overview,https://refero.design/screens/f348352a-ed2a-4253-83c2-b46ba484c55f
157,Tinder,157-Tinder-05,25,4221af2d-31eb-48e1-9f95-0a0344896e65.jpg,Delete photo (grid updated),https://refero.design/screens/b1ecc919-89ae-4bef-bef2-c86ff8f5f844
157,Tinder,157-Tinder-05,26,7e902172-a150-48ab-909d-4d9cdbba38e7.jpg,Prompts entry point,https://refero.design/screens/05dc09a4-6056-49b1-941b-745ec012cf6f
157,Tinder,157-Tinder-05,27,4153fa86-e1b0-4746-a9c7-f3015639edeb.jpg,Character limit feedback,https://refero.design/screens/4e9183a3-e364-4194-a980-d30537b300a7
157,Tinder,157-Tinder-05,28,57351add-68d6-49bb-a97c-bb7f30adbcd9.jpg,Prompts list updated,https://refero.design/screens/32b41b4c-5002-4609-acc7-cf9ef2512585
157,Tinder,157-Tinder-05,29,57d2753e-58ec-4fde-83d2-1ab2d27229d7.jpg,Swipe through preview cards,https://refero.design/screens/eb776b9b-396d-42ec-b2c7-27e5b6713c5a
157,Tinder,157-Tinder-05,30,b6afc48a-d3e6-40f0-bda8-b7c35bd72f30.jpg,Exit preview,https://refero.design/screens/24d494da-1463-4a33-bc53-ae47ffc8a2d9
157,Tinder,157-Tinder-06,31,24df3b11-beee-44e6-91b0-652023d43b04.jpg,Scroll profile sections,https://refero.design/screens/1b31f1b7-8e80-4ca5-86d9-09d9fb0522f4
157,Tinder,157-Tinder-06,32,622e305b-9840-4140-90a6-ae0f25e62668.jpg,Edit Info (Profile Settings),https://refero.design/screens/6665e22d-8cbd-42a0-8e4c-f52ad33d1a8f
157,Tinder,157-Tinder-06,33,7912e9e8-f335-4f0c-b9b0-17301b71562c.jpg,Search Results (Filtered),https://refero.design/screens/5e2fb144-eb02-4b38-b588-247a2759d104
157,Tinder,157-Tinder-06,34,20c5107b-522d-4dd4-beae-0d129fc38e36.jpg,Edit Info — Anthem Updated,https://refero.design/screens/67cfe7a4-fc01-44fb-8881-990f2a6ac133
157,Tinder,157-Tinder-06,35,2b70bb2f-9fad-4802-9168-ea501aa76c76.jpg,Matches Inbox,https://refero.design/screens/1ddcb70c-3162-4a8a-92f9-2080427b68e9
157,Tinder,157-Tinder-06,36,9bbbd378-8999-472a-a79b-5ded9e6c870e.jpg,Enter Phone Number,https://refero.design/screens/239c3032-71bd-4b3e-bfdf-15f8060426fb
157,Tinder,157-Tinder-07,37,409ba63e-34ae-41e5-805c-a289356c4046.jpg,Enter Instagram Username,https://refero.design/screens/4e8df174-64a9-4b96-9bd4-036310b9ed94
157,Tinder,157-Tinder-07,38,daab831c-5cd8-438f-b6e2-99cfc824a77f.jpg,Open GIF Search,https://refero.design/screens/7ef8fa67-d8ab-4d00-aaef-67644f4839a3
157,Tinder,157-Tinder-07,39,3a458fe5-f71a-4a22-8e41-fab59ad42de7.jpg,Search Spotify,https://refero.design/screens/c215525e-9e05-43ac-9919-3269ddba16f9
157,Tinder,157-Tinder-07,40,b17e3236-fe56-47de-82a9-5f0a615fd8a0.jpg,Completed Sharing,https://refero.design/screens/dc825eec-76bb-42bc-be3b-66cc4a766ca9
157,Tinder,157-Tinder-07,41,57ab1554-fa6a-484e-834e-1053bb1b3d7d.jpg,Discovery / profile card,https://refero.design/screens/292ab004-8438-4069-9dc5-4fa936af8d22
157,Tinder,157-Tinder-07,42,5b8c80b0-87f8-4594-9a7e-5179df4a6dda.jpg,How it works — slide 1,https://refero.design/screens/7bd8adca-b1a1-4061-9849-c728f1be2fc9
157,Tinder,157-Tinder-08,43,fa012248-fc2c-417c-8744-cd629c27ecf6.jpg,Get ready for video selfie,https://refero.design/screens/b61697d5-f235-462c-9253-824696222922
157,Tinder,157-Tinder-08,44,07508536-a143-4368-844d-8ef32bfea2b7.jpg,Failed scan — retry guidance,https://refero.design/screens/b70df793-3602-46b9-9b49-e10ed23ff079
157,Tinder,157-Tinder-08,45,37171e38-6e01-4f22-96cb-9ce5d5ef3095.jpg,Initial verification prompt,https://refero.design/screens/7a4b87ee-5811-4b13-b606-f3a58e8c46f0
157,Tinder,157-Tinder-08,46,f3f8e0b4-1f31-429d-a7c6-8e74c13ccfd1.jpg,How it works — data retention & consent,https://refero.design/screens/26e45806-b5b9-4de3-8a73-07e292806f38
157,Tinder,157-Tinder-08,47,4ec13515-d560-4d7c-9bdb-3751125f4df9.jpg,Respect & Boundaries,https://refero.design/screens/7cf696a4-b2b2-4dd8-9cc3-31fe593abcbb
157,Tinder,157-Tinder-08,48,006258d9-5d42-4626-9982-e2fe17c7b21a.jpg,Scams & Red Flags,https://refero.design/screens/e0f692dd-0653-4f39-bdb7-b0472a0c9df6
157,Tinder,157-Tinder-09,49,16df9a98-af01-4c56-9212-e5b69d7dff50.jpg,Verification & Reporting,https://refero.design/screens/0b88897d-d997-4f20-8f91-b7466dc8800f
157,Tinder,157-Tinder-09,50,5e460087-767a-4c84-985e-a123633fb8cf.jpg,Matches (empty) / Safety shield,https://refero.design/screens/be5e04f2-c459-458b-9c6f-c71f4d466af7
157,Tinder,157-Tinder-09,51,ebf56e88-d89f-4a48-9886-1db694e4d44e.jpg,Reporting modal (tips & categories),https://refero.design/screens/c3bdcdfa-0255-40d5-845b-cac949780ad9
157,Tinder,157-Tinder-09,52,7db59fd2-5b0a-44b7-8fb6-33f3e22a56a9.jpg,Help Center article - reporting details,https://refero.design/screens/0a49c802-9947-45d3-87ee-82e2338b3b60
157,Tinder,157-Tinder-09,53,5654379b-318b-4307-ba9e-f1e949d5e249.jpg,Article feedback and submit,https://refero.design/screens/6e762d91-a782-4af6-9a8b-9e2ab5581402
157,Tinder,157-Tinder-09,54,9d103c5b-6574-48be-b15e-a49b77a7b627.jpg,Contacts List,https://refero.design/screens/dd12c4a3-6754-4429-9c9d-064f96676cec
157,Tinder,157-Tinder-10,55,11942dbe-b748-4d84-958e-42537ee44ab8.jpg,More Actions (Overflow),https://refero.design/screens/454398d0-808b-4358-88e2-d4394ffd6b68
157,Tinder,157-Tinder-10,56,fcaf1678-4005-4f1e-859c-29b35e0dadb7.jpg,Confirm Block Selection,https://refero.design/screens/edb226f8-11fb-41b9-9613-d715a6ad4fe8
157,Tinder,157-Tinder-10,57,b1247a57-be03-4d85-90dc-a8884955ae02.jpg,Select subscription plan,https://refero.design/screens/6bc7b98c-12d8-49e6-85ae-a611096d8b73
157,Tinder,157-Tinder-10,58,d6592d72-d188-4e54-affb-245f84403f7f.jpg,Review features and billing,https://refero.design/screens/873b8ba7-102b-4ba9-8138-8221e365ef7c
157,Tinder,157-Tinder-10,59,2ced71de-0ee9-4c91-926e-819e07b883fe.jpg,Processing / handing off to OS,https://refero.design/screens/80642540-f7a6-45e8-aa1d-73153342dc68
157,Tinder,157-Tinder-10,60,c6c7dd47-284b-4de9-8152-1c443f5ffa5e.jpg,iOS App Store purchase confirmation,https://refero.design/screens/f7753b78-5dae-49cb-a63f-85fe8d8796a4
163,Apple Invites,163-Apple Invites-01,1,829ef965-c213-4667-aa80-a1a2efb8bef3.jpg,Settings & Account,https://refero.design/screens/5a39275a-78b2-4dbc-b394-14a8a67289a2
163,Apple Invites,163-Apple Invites-01,2,f9c87873-cdb8-43df-ac0e-f6566257af49.jpg,Article Intro,https://refero.design/screens/6e07977d-a4ac-421d-bb95-26e04d5f70b2
163,Apple Invites,163-Apple Invites-01,3,c8135378-a55a-403b-88c5-0d24b492f00d.jpg,Feedback & Navigation,https://refero.design/screens/bc1fe5b4-3ecb-46f3-8bc6-0b5f3854dec6
163,Apple Invites,163-Apple Invites-01,4,74e548e0-fb89-42f3-b147-8015d92719cd.jpg,Welcome / Landing,https://refero.design/screens/0754486e-8280-45e7-be21-bde7b8845842
163,Apple Invites,163-Apple Invites-01,5,850943db-1294-4139-9d5d-f94dff6d4059.jpg,Event Carousel / Discovery,https://refero.design/screens/099efb5c-51a8-4c76-9175-ea46bd6bb06d
163,Apple Invites,163-Apple Invites-01,6,34822b16-1535-44ee-a2bf-78d60aa128c5.jpg,Event Card Editor — Add Background,https://refero.design/screens/a2eed407-85ab-43bc-a2f3-b90ad127e675
163,Apple Invites,163-Apple Invites-02,7,ae4d4b7c-d45c-451d-ba7f-01d3a3cb8809.jpg,"Event Card Editor — Title, Date & Location",https://refero.design/screens/159ff3c9-2725-4ebb-87cc-f148dd609ceb
163,Apple Invites,163-Apple Invites-02,8,9737f7b1-a9dc-4359-95cc-9750301d9775.jpg,Subscription Gate / Upgrade CTA,https://refero.design/screens/5dc2a2c8-e095-4dda-a1e5-e5795d33d8c2
163,Apple Invites,163-Apple Invites-02,9,fc3e13db-d924-45b4-88bd-586adb4f65fa.jpg,Add Background modal - top-level,https://refero.design/screens/cf02ade1-7a2f-4d34-b132-efd3c4d99884
163,Apple Invites,163-Apple Invites-02,10,b685b2d0-42a1-4755-9f29-083037667a96.jpg,Emoji backgrounds gallery,https://refero.design/screens/cd821a77-ac5e-4fb1-a049-da55dc2faa7e
163,Apple Invites,163-Apple Invites-02,11,83ed8638-ad00-469b-87bf-edb84f230717.jpg,Background applied - preview,https://refero.design/screens/efcc2746-3581-4ccf-9989-8de379a4814f
163,Apple Invites,163-Apple Invites-02,12,05fc6479-ee35-463f-892a-d6f440a90ea7.jpg,Crop / Pinch to Crop,https://refero.design/screens/72817b44-c9e1-4adf-ad84-1810454bafa6
163,Apple Invites,163-Apple Invites-03,13,673d57ef-bafd-4b6f-bf8a-0d5a0c21047f.jpg,Invite Guests - choose guest,https://refero.design/screens/5306f934-0804-4e84-a72d-820f4fd6b7b4
163,Apple Invites,163-Apple Invites-03,14,f422a101-3a36-432c-8be3-3713394a86fe.jpg,New Guest name entry,https://refero.design/screens/1df801e6-dfda-46f3-9613-dc2fcebf8fb0
163,Apple Invites,163-Apple Invites-03,15,5b01a672-437e-4705-ba11-a1d4161c2e1f.jpg,Share via Messages composition,https://refero.design/screens/249345d5-730e-45a1-a87b-a176f7dc11c6
163,Apple Invites,163-Apple Invites-03,16,66f33a13-76bf-4215-aa49-bcf6dd1d44c0.jpg,Guest Details,https://refero.design/screens/45788520-6383-431a-b63d-270a0e65739b
163,Apple Invites,163-Apple Invites-03,17,c0bc303d-c3cf-48be-9497-468cfe0db51c.jpg,Event details - host actions,https://refero.design/screens/6838b02a-130c-4083-b12f-34c6b6e836fc
163,Apple Invites,163-Apple Invites-03,18,64252be5-4ea8-4a50-9652-2531d2d2f304.jpg,Event detail content panels,https://refero.design/screens/fd618a67-1e2e-4ca4-ab61-e0eeb6501561
163,Apple Invites,163-Apple Invites-04,19,8f160bfc-1cd1-4f90-9a3f-7340beb67f9b.jpg,Event card expanded preview,https://refero.design/screens/68dec8d7-bb64-4128-a03f-ff256dbe3d5b
163,Apple Invites,163-Apple Invites-04,20,364257c8-f66e-41cf-b868-90c1ba91f4f9.jpg,Event Editor (start),https://refero.design/screens/cd061de1-d576-455b-a349-186e2099eae1
163,Apple Invites,163-Apple Invites-04,21,f474f67a-7c01-43c2-8a74-732d701473ed.jpg,Browse Photographic / Colors Galleries,https://refero.design/screens/ebab0452-b160-4582-b76b-153dbf68a957
163,Apple Invites,163-Apple Invites-04,22,3144aaae-397c-4691-97c5-3802bcff7828.jpg,Editor with Applied Background,https://refero.design/screens/3365af60-ef0a-4238-8096-1afd0647b4e2
163,Apple Invites,163-Apple Invites-04,23,3355ae48-8384-4ccc-ab78-2bbd340312f4.jpg,Open Location editor,https://refero.design/screens/ac5b9151-4336-42b4-9aaa-a49206f1a00b
163,Apple Invites,163-Apple Invites-04,24,57390736-5bbd-4e84-be53-ebe11c99d2bf.jpg,Current Location request,https://refero.design/screens/e4552cc1-e8a6-47be-931a-f8dd24536711
163,Apple Invites,163-Apple Invites-05,25,c1cc7e55-5658-41ad-85b5-40aba99e05fb.jpg,Manual search (numeric entry),https://refero.design/screens/a91d3550-1268-409a-8687-dbafe111dbe3
163,Apple Invites,163-Apple Invites-05,26,426c4c87-3f3a-42fe-b751-4062b8b6869b.jpg,Confirm and close modal,https://refero.design/screens/084eb0a1-5170-4fc0-bd95-51ffdc19ee00
163,Apple Invites,163-Apple Invites-05,27,5e72ce7c-1721-4ff5-885e-1a3cd001c843.jpg,Preview or finalize,https://refero.design/screens/7e5d511f-c741-4d70-99b5-5cdcb4fbf5b1
163,Apple Invites,163-Apple Invites-05,28,7e9df670-4d09-48e4-8e72-94314b631c9c.jpg,Location modal with selected address,https://refero.design/screens/6f3329da-9b14-486a-9ec3-ccff5761fb30
163,Apple Invites,163-Apple Invites-05,29,1ed5804f-f344-477f-b7a0-d164de5a34c0.jpg,Search results list,https://refero.design/screens/db3899cf-278e-43f2-be15-2b8cd4a5bed3
163,Apple Invites,163-Apple Invites-05,30,0b1dd4a1-afeb-4a11-9422-c344e02acf08.jpg,Invitation Preview,https://refero.design/screens/bd3ea1f6-9db6-4133-b197-f5fe7ce1df7c
163,Apple Invites,163-Apple Invites-06,31,e173fa6c-1741-4347-96b0-a222ec792d38.jpg,Event Details (RSVP Controls),https://refero.design/screens/e2a4ed0c-cb1a-4d53-b8e2-68f2ad69d374
163,Apple Invites,163-Apple Invites-06,32,8862f601-de75-45cd-a096-6751c88ef361.jpg,Reply Sheet — Identity Selection,https://refero.design/screens/779c4900-b0f0-4e3b-b490-39b733d2c1d7
163,Apple Invites,163-Apple Invites-06,33,38069dc4-9d6e-491b-a065-00631820a423.jpg,Send Reply,https://refero.design/screens/bb446059-492f-4be6-84ee-f71ce492252f
163,Apple Invites,163-Apple Invites-06,34,6dc0ee6a-94ac-4fdd-920b-a33c3da36694.jpg,RSVP Acknowledgement,https://refero.design/screens/649c488c-8e54-4b12-8746-2aca3c8f8e8f
163,Apple Invites,163-Apple Invites-06,35,068769a9-39fb-4a31-b1e0-84a723e2bf7c.jpg,Guest List Update,https://refero.design/screens/3ac8d5fe-4ac8-4e64-a766-59e298616dde
163,Apple Invites,163-Apple Invites-06,36,07df4ad8-361a-43ea-bb9e-448e4d446f01.jpg,Final Event View,https://refero.design/screens/0c5eb27c-e535-47c1-a814-f0f4a3ec4897
163,Apple Invites,163-Apple Invites-07,37,92d9efe8-8d08-47d4-a256-1673bea9d0e1.jpg,Event Preview — Action Cards,https://refero.design/screens/32f5b9d4-482e-4c21-b013-17c43d785b25
163,Apple Invites,163-Apple Invites-07,38,bbb20a45-4a7b-4457-81cc-8235115411ed.jpg,Photo Library Permission Prompt,https://refero.design/screens/35a55fe8-dadb-4c7d-8f13-a270df9a2bdb
163,Apple Invites,163-Apple Invites-07,39,5bae03d1-065f-48bf-8a3f-e0a7467b8559.jpg,Create Album Modal — Name Input,https://refero.design/screens/3fb83e3e-dfa5-416d-bfce-ec5398a0e72f
163,Apple Invites,163-Apple Invites-07,40,0e8fe03a-a2b2-4b90-a006-dbe9b0a2d4f1.jpg,Album Ready — Add Photos CTA,https://refero.design/screens/1c29a96c-3f74-42e2-990d-a38b4d57af08
163,Apple Invites,163-Apple Invites-07,41,ea7e761f-658a-4c9e-9993-38642603d680.jpg,Preview Overlay — Media Cards,https://refero.design/screens/8a47a371-cb20-4e30-83bc-ca1f6dedb376
163,Apple Invites,163-Apple Invites-07,42,6f2add13-e438-44dd-8588-196fabee12b8.jpg,Integrations Card,https://refero.design/screens/9acc56e9-d856-4498-8e60-da96fa96f574
163,Apple Invites,163-Apple Invites-08,43,41ece6f2-7a74-4791-8ddf-fc526c67154d.jpg,Choose a Guest (list),https://refero.design/screens/34fd5789-546f-4ae0-97b6-f6e7487ff652
163,Apple Invites,163-Apple Invites-08,44,100691cc-b258-4a40-9b71-716ac42692e3.jpg,Guest Details,https://refero.design/screens/6fff721b-95fc-402d-8826-8e1614e6ac8e
163,Apple Invites,163-Apple Invites-08,45,b1d97dc5-744c-4391-8176-994e314dec31.jpg,Invite with Public Link,https://refero.design/screens/fbb06480-e09e-4c57-8272-ac708e293232
163,Apple Invites,163-Apple Invites-08,46,007bae03-be87-4585-8c33-d31f06515e4f.jpg,Contacts Permission Prompt,https://refero.design/screens/b9fb77bb-ea40-4b4a-9511-9742b5a35a33
163,Apple Invites,163-Apple Invites-08,47,73e7f38f-2cb2-4494-a485-72958f8c7e44.jpg,Contact Share Card,https://refero.design/screens/aebe1d5e-f74d-47f7-a248-815295e27029
163,Apple Invites,163-Apple Invites-08,48,81f5a530-9f9b-4748-9b0c-a26aff729c08.jpg,Invite with Public Link,https://refero.design/screens/2714ad61-ce03-4084-a169-8ca897348e0e
163,Apple Invites,163-Apple Invites-09,49,21f6c7f5-ca33-4d37-b865-6b11ba45d1fc.jpg,Event Card — Access Requests,https://refero.design/screens/5ea4277f-1fc8-4c0b-8f9e-73d7942c7a77
163,Apple Invites,163-Apple Invites-09,50,22beac14-7443-4b2d-b16e-98ddb8e956fb.jpg,Invite & Guest Management Panel (Initial),https://refero.design/screens/087953e6-75a7-4efd-acc8-f9189f499c2f
163,Apple Invites,163-Apple Invites-09,51,2a8c736a-e714-4225-81b8-8602c20a7ba5.jpg,Accepting a Pending Request,https://refero.design/screens/db1230e1-2eb8-4c2e-9197-a3cb0a731346
163,Apple Invites,163-Apple Invites-09,52,298bf03c-8d3a-4a94-acde-e8c9fc96e390.jpg,Guest List Updated — Confirmed Attendee,https://refero.design/screens/2c79f663-41ac-4ab5-a5af-9eeb3a3f8205
163,Apple Invites,163-Apple Invites-09,53,867f26e1-5d20-44bc-8c02-bacf0d6791af.jpg,Open Event Settings,https://refero.design/screens/2d188641-9116-4cc6-9707-774c80d01897
163,Apple Invites,163-Apple Invites-09,54,73e9b370-9ec6-4d13-b24e-24299692696a.jpg,Open Additional Guests selector,https://refero.design/screens/9e594c12-a5b3-4905-a2b2-aedd20be0606
163,Apple Invites,163-Apple Invites-10,55,2eeb85c4-48d2-4ce5-8d10-caba3e1a6073.jpg,Select guest limit and save,https://refero.design/screens/95ea2c70-c7d5-4395-a043-520cb2e5d112
163,Apple Invites,163-Apple Invites-10,56,b5ab37f9-3280-40ee-b658-1d905540e8bf.jpg,Invite Card / Directions,https://refero.design/screens/be58929f-e26b-4fbb-b114-632ef4abfe3b
163,Apple Invites,163-Apple Invites-10,57,86511c31-ca00-4a64-9fea-524d1bdc1129.jpg,Calendar Access Permission,https://refero.design/screens/a26216e5-ada1-49eb-b997-f907c307e157
163,Apple Invites,163-Apple Invites-10,58,d26a6b97-e227-41b3-a9c2-5eb8439ed005.jpg,New Event Editor,https://refero.design/screens/bdb2ab76-c573-4d2c-8967-60a286d9de4b
163,Apple Invites,163-Apple Invites-10,59,c771e302-3cac-4cbf-a5a0-ead46a9039ea.jpg,Event Details / Confirmation,https://refero.design/screens/6b9ae970-6f2c-43b0-a208-82aebb2d536b
163,Apple Invites,163-Apple Invites-10,60,36efc63f-f09b-49fd-8c97-66639b94ef24.jpg,iCloud+ Promotion,https://refero.design/screens/4c902b64-673e-4836-913f-4756ba93fb2b
169,Substack,169-Substack-01,1,d2fb93eb-231f-45ae-a6a9-244274f427ba.jpg,Content Feed Discovery — Feed + Featured Carousel (Initial),https://refero.design/screens/ddc65887-87b9-4dcc-8237-6b73a4124de6
169,Substack,169-Substack-01,2,5f5ed6f0-0e8b-4fe6-ba6a-2e9c18dfbfe6.jpg,Content Feed Discovery — Post Engagement (Liked State),https://refero.design/screens/9edbf818-d088-49bf-abf5-4f076a8af6e0
169,Substack,169-Substack-01,3,1368a801-9a81-4306-a751-35da05035416.jpg,Home feed (search entry),https://refero.design/screens/2ff4e558-8bd6-48b1-968a-bdd7b8416b17
169,Substack,169-Substack-01,4,1bb67df2-27c9-4e86-a882-418c1508b296.jpg,Notes results (post-level view),https://refero.design/screens/6940468d-0db3-47bf-8a8c-a9b6857d03e5
169,Substack,169-Substack-01,5,979bea5c-634b-43b3-aaba-379b3c61b129.jpg,Save post from feed — Feed with post visible,https://refero.design/screens/26cf5676-0ea0-4c32-80f3-10cc2b323804
169,Substack,169-Substack-01,6,0d6a17bf-a5c9-403f-9dc0-c00f0c81c9ce.jpg,Save post from feed — Saved confirmation and updated card,https://refero.design/screens/6d1cd1a6-4ade-4a9e-a1e5-aafaaf6d40b8
169,Substack,169-Substack-02,7,fe0ca161-dea5-42f8-ad93-1fd6e3d106b5.jpg,Copy Post Link — Home feed — post card,https://refero.design/screens/af6f0ea1-c4a9-445b-b721-84343e88ab77
169,Substack,169-Substack-02,8,4906896f-28d4-45d9-8cbc-ad17efc84568.jpg,Copy Post Link — Copied confirmation toast,https://refero.design/screens/72879760-ff60-4ad2-880f-7684d8841bac
169,Substack,169-Substack-02,9,d9d8d3f6-43fc-4a0e-bf8c-fef6f36c4c90.jpg,Share Post to Contact — Home feed — article card,https://refero.design/screens/85c210a0-a490-42ee-bd45-4da0f480dfc3
169,Substack,169-Substack-02,10,54b8cc3e-3f71-425e-b740-1a4e3d025ef0.jpg,Share Post to Contact — Native message/email composer,https://refero.design/screens/4e932a23-872f-4c80-b55d-54a32699ae8e
169,Substack,169-Substack-02,11,e557b6d6-90d8-4a71-a225-51c2907e6048.jpg,Hide Note from Feed — Notes feed — select note options,https://refero.design/screens/7f9988a2-6255-4f91-9e06-fe2665c55600
169,Substack,169-Substack-02,12,968ea2fd-337c-4733-83ca-6a93fb0320fa.jpg,Feed updated — note hidden confirmation,https://refero.design/screens/32892af7-50cc-4232-bea7-eb7ce30557f7
169,Substack,169-Substack-03,13,40806515-047b-4422-8f2b-50fcf94ec64b.jpg,Post moderation controls — Hide post confirmation & feedback,https://refero.design/screens/c0d784c2-2b18-46e3-9e2f-dc12229c24cf
169,Substack,169-Substack-03,14,be3404cc-b03d-4d99-b540-3fe3e18851ce.jpg,Post moderation controls — Block user and confirmation toast,https://refero.design/screens/794d42a5-ba63-4ae1-8744-1fabfa1768fe
169,Substack,169-Substack-03,15,f7cf6984-c364-4662-adee-e78ea9b75529.jpg,Add and Invite Friends — Suggestions / Discover People,https://refero.design/screens/f7c8df65-3fba-4b55-8515-34a7dcf8d373
169,Substack,169-Substack-03,16,42056174-726e-49ea-9cbf-2b4bd2ea2937.jpg,iOS Messages Composer (Native Share),https://refero.design/screens/4098efcf-1282-4fef-84bc-45cbec34ebcd
169,Substack,169-Substack-03,17,c1a38269-d3ab-4208-adf3-11fbd0f89760.jpg,Suggestions list (initial),https://refero.design/screens/a466ff75-a7df-4c53-b001-f80ee4675e1b
169,Substack,169-Substack-03,18,e40c36b3-38be-4a7e-bd76-7233404dae58.jpg,View comment thread with nested replies,https://refero.design/screens/51c893b1-a4c4-4375-a98d-374a23bfb7a6
169,Substack,169-Substack-04,19,680018b3-6a6f-4f7d-845d-62a6e4aefd09.jpg,Like a comment and see updated state,https://refero.design/screens/5494f007-ebdc-4e81-807f-18e951f65c83
169,Substack,169-Substack-04,20,d3a69d1f-93e4-4317-a8e5-1a9410ae912b.jpg,Comment thread interactions — Comment options sheet,https://refero.design/screens/313b8898-8c1f-4ca2-9235-a2efee217184
169,Substack,169-Substack-04,21,1c191fba-ba57-4f66-a071-6089d6ca2177.jpg,Comment thread interactions — Post-action comments state,https://refero.design/screens/8405a89d-d07d-408f-afe3-8a2558720280
169,Substack,169-Substack-04,22,eeaf59bf-cb5a-4b65-957c-12ed0a4fa38a.jpg,Newsletter profile (Subscribed),https://refero.design/screens/228f340c-e9db-4ab5-90e7-5cc807a5748b
169,Substack,169-Substack-04,23,2834c11d-f730-4b20-957e-b14a08eb0a1b.jpg,Newsletter post search and fallback — No results empty state,https://refero.design/screens/716bddfe-02e0-44aa-9eaa-7cc44104a3ec
169,Substack,169-Substack-04,24,f7ba3050-23b1-40f3-91e1-1e80b97fdcc6.jpg,Appearance & Visual Preferences — Settings list,https://refero.design/screens/ef6781dd-36c8-4424-bb06-5e2a7fe6cc04
169,Substack,169-Substack-05,25,b97afb62-3687-4b50-a427-c1e132a7dca2.jpg,Appearance (dark mode applied),https://refero.design/screens/62ebd385-61f1-4365-ab76-4011bb454098
169,Substack,169-Substack-05,26,da94fae1-03a9-4922-a283-10539ed61464.jpg,Create a profile (empty avatar),https://refero.design/screens/84b8f8eb-9d13-477f-a89d-cb8ff2188f82
169,Substack,169-Substack-05,27,21d75f17-5935-432b-871a-c6cba6e1edea.jpg,Create a profile (avatar populated),https://refero.design/screens/1249f8cd-451b-4a04-b4aa-83b61b1431dc
169,Substack,169-Substack-05,28,894d071d-3746-4f8d-8205-3f6a214d6923.jpg,Profile Editing — Open Settings,https://refero.design/screens/d3b6c75f-73bf-4eea-a214-86ffa90edaab
169,Substack,169-Substack-05,29,c1e9152e-53c1-4a5a-90e8-832fea3a8071.jpg,Profile Editing — Preview / Crop Photo,https://refero.design/screens/0c022f2a-f484-4c08-92b2-3deb7105b045
169,Substack,169-Substack-05,30,ba7b25ab-a5ef-4b57-b283-aed0adc203aa.jpg,Profile Editing — Copy URL,https://refero.design/screens/e18b0287-55e6-46df-bf76-1d50bfb970c8
169,Substack,169-Substack-06,31,e02cd173-d6f7-48f7-9d2e-eec86af1484b.jpg,Profile Editing — Save Changes,https://refero.design/screens/3d47958a-ab9e-4dba-b7a7-a45785972def
169,Substack,169-Substack-06,32,f11567c9-9ce9-44ba-a55d-390aa09d1b4b.jpg,Create note with photos — Following feed (entry),https://refero.design/screens/76a8f080-3a12-45ed-96a4-3971d1eae67a
169,Substack,169-Substack-06,33,a3d054d1-6b58-46ee-b5e3-488f7d904078.jpg,Create note with photos — Feed updated (confirmation),https://refero.design/screens/91adb237-2947-4882-9626-333cfa0026ab
169,Substack,169-Substack-06,34,e545e457-f75e-47ad-a656-6a8efa366e00.jpg,Convert paragraph to heading — Select text,https://refero.design/screens/f6703775-e55c-46dc-b318-e039da7c6601
169,Substack,169-Substack-06,35,c3e7cffe-59a4-4c4a-8e10-097acf121d59.jpg,Convert paragraph to heading — Apply heading style,https://refero.design/screens/dc0e5323-c6e6-4e4e-b812-cc33d949835f
169,Substack,169-Substack-06,36,99ebffed-2816-4dfc-90d2-754029433411.jpg,Insert CTA Button — Editor - caret & toolbar,https://refero.design/screens/c6abd268-154e-42e4-92d8-c9095ed43034
169,Substack,169-Substack-07,37,14d0baf0-ee4c-4103-8b16-05080c5d4205.jpg,Insert CTA Button — Inserted CTA preview in editor,https://refero.design/screens/ca5cdbfb-0804-4999-a6aa-a88b072edf57
169,Substack,169-Substack-07,38,9de05b93-0fc9-461c-9c7c-2d41b428168e.jpg,Create and publish video post — Feed - Composer entry,https://refero.design/screens/85c8bf49-38d6-4192-bac7-792f018a5465
169,Substack,169-Substack-07,39,b5616465-5e68-44ea-af6c-84283b6c3f69.jpg,Create and publish video post — Editor skeleton (uploading),https://refero.design/screens/30356258-61a3-487f-b1d3-b478e74b89cd
169,Substack,169-Substack-07,40,98d3cf67-e5e8-4c4b-b125-d19c69e2d8f3.jpg,Create and publish video post — Review & Next,https://refero.design/screens/cab95350-8f42-4166-9258-5b08ebbb566d
169,Substack,169-Substack-07,41,3e4d7146-19e0-41de-9f84-9e955be9f863.jpg,Create and publish video post — Post interaction,https://refero.design/screens/d9f9fc34-686e-4729-97fd-4d22c354ad75
169,Substack,169-Substack-07,42,5a0aa46f-c112-4ba2-b406-29b44a9d17df.jpg,Create and upload video note — Open composer,https://refero.design/screens/d309aa76-bb90-4ddb-a0a3-6db3a20a38d1
169,Substack,169-Substack-08,43,f37234b5-6073-4eb7-b764-82d67b27f619.jpg,Create and upload video note — Video preview & metadata,https://refero.design/screens/eb83ae90-3c15-469b-8591-ba6485ae9d49
169,Substack,169-Substack-08,44,3fb8b34b-8747-447a-87e1-ded0da307af3.jpg,Saved item swipe actions — Open Saved filter,https://refero.design/screens/180f8745-586e-4d3d-bf64-6348534f74a8
169,Substack,169-Substack-08,45,d753ea02-ed80-43a5-9caf-a12a881dd43f.jpg,Saved item swipe actions — List updates after action,https://refero.design/screens/ba3cf2a5-46bd-42cd-91c1-714eb13f3665
169,Substack,169-Substack-08,46,0093da1e-75ba-4e8f-bd33-6ee03ddd5f8f.jpg,Empty Chat list,https://refero.design/screens/5e9bf84e-bc0f-4eb9-bbc7-33bceda2f475
169,Substack,169-Substack-08,47,e751299c-9ead-404d-bb43-07af4952d660.jpg,View profile from conversation,https://refero.design/screens/44c428ee-1d7b-4067-bb25-0004ad7724f4
169,Substack,169-Substack-08,48,803330c0-8448-4cfd-8be3-72719f43ec53.jpg,Return to chat list,https://refero.design/screens/767881b5-73f7-486d-a98d-fa0f7c87aafd
169,Substack,169-Substack-09,49,aff46b42-450a-41ee-9dc7-3c24a6b78c81.jpg,Pin conversation and confirm,https://refero.design/screens/4eb52d00-2e01-4607-9ba1-cb46164ff3dc
169,Substack,169-Substack-09,50,e9d0d7b5-f8b9-4f93-b7ba-3333c241e32c.jpg,Send photo in direct message — Conversation view,https://refero.design/screens/c04f64e6-631c-4835-9769-209babd018ea
169,Substack,169-Substack-09,51,4f79a6b5-98de-43a4-bd88-0a01edb73623.jpg,Sent image displayed in thread,https://refero.design/screens/35ab221f-6746-471f-9c85-89f32c7d9287
169,Substack,169-Substack-09,52,29c263c2-4c48-48ee-ba50-4df51646134c.jpg,React to message — Conversation view,https://refero.design/screens/9dc1b39e-7385-42b8-84b4-90c26df1c9c5
169,Substack,169-Substack-09,53,50a1a20f-5764-4082-a03d-d59e80fe2c9e.jpg,React to message — Select emoji reaction,https://refero.design/screens/a586b07b-9b9c-4074-9a50-7e20dc80b09b
169,Substack,169-Substack-09,54,35dc0b89-59cc-4800-bf4b-cbf88e85b7bb.jpg,Create and send first chat thread — Open publication chat,https://refero.design/screens/5946f63b-9f0f-42da-89df-08812d50932c
169,Substack,169-Substack-10,55,b08458b9-b742-41eb-bb3a-fe5f719e633d.jpg,Thread posted and visible,https://refero.design/screens/2abde542-8114-4c42-909a-347ed7b79deb
169,Substack,169-Substack-10,56,cfa26401-782e-43b9-baa8-99e10a608913.jpg,Report content from history — History list,https://refero.design/screens/024d18b5-6398-46f1-8e0f-a983656f4b81
169,Substack,169-Substack-10,57,ae0339a0-9b81-4f7d-b6af-ea2dec228d15.jpg,Report content from history — Submission acknowledgement,https://refero.design/screens/f5eb36ba-3d4d-4558-8c59-2ad710f6a986
169,Substack,169-Substack-10,58,d579e293-15fc-44cd-8db2-be14072f5a61.jpg,Reply composer with attachment — Open composer and type,https://refero.design/screens/b3a93276-7467-498d-80cb-6b13ce60c358
169,Substack,169-Substack-10,59,5da4cc37-db49-406b-aa23-3e5167a1558d.jpg,Reply composer with attachment — Add and preview attachment,https://refero.design/screens/058f9184-d49c-460e-959e-93b50b7194eb
169,Substack,169-Substack-10,60,e0a31ee3-f244-42f2-8f38-839a5754653a.jpg,Select or Invite Recipient — Recipient list / Invite view,https://refero.design/screens/63a31bcc-d5da-4a77-80c9-6a3c7810eb5b
172,Adobe Photoshop,172-Adobe Photoshop-01,1,05d2449b-a00f-4f9b-b2de-64fa2dd94f4d.jpg,,
172,Adobe Photoshop,172-Adobe Photoshop-01,2,09bdf388-373c-4484-8623-c6bacec19027.jpg,,
172,Adobe Photoshop,172-Adobe Photoshop-01,3,0be65d25-18d5-43aa-8455-6f6bd652b62b.jpg,,
172,Adobe Photoshop,172-Adobe Photoshop-01,4,0c58392c-691e-4ed2-a59b-ad87a72eb180.jpg,,
172,Adobe Photoshop,172-Adobe Photoshop-01,5,0c67eef1-a8cd-4234-8145-0431c05a239f.jpg,,
172,Adobe Photoshop,172-Adobe Photoshop-01,6,14cac1ab-0c8d-4e08-8b48-d24f787c383f.jpg,,
172,Adobe Photoshop,172-Adobe Photoshop-02,7,15494656-1c95-4439-92bb-a71816fb3ae7.jpg,,
172,Adobe Photoshop,172-Adobe Photoshop-02,8,16b120d1-d0ed-4199-a151-2ed8e2725df2.jpg,,
172,Adobe Photoshop,172-Adobe Photoshop-02,9,174d2df5-fc57-455a-9e1f-da8fa9bfd845.jpg,,
172,Adobe Photoshop,172-Adobe Photoshop-02,10,1b04135b-c371-4859-a227-1ae0a06017f7.jpg,,
172,Adobe Photoshop,172-Adobe Photoshop-02,11,1b6ab3b4-b5fb-41af-adb4-cdb1ae2039e4.jpg,,
172,Adobe Photoshop,172-Adobe Photoshop-02,12,22e2e47c-9153-4607-8aef-38bd42e61b92.jpg,,
172,Adobe Photoshop,172-Adobe Photoshop-03,13,2579666c-a612-4576-877a-10ce7383ec2d.jpg,,
172,Adobe Photoshop,172-Adobe Photoshop-03,14,2b4a913f-0b99-40ae-9e69-7990b912e59e.jpg,,
172,Adobe Photoshop,172-Adobe Photoshop-03,15,2d2ecc6d-50e0-4331-8c2b-3b2ce310415d.jpg,,
172,Adobe Photoshop,172-Adobe Photoshop-03,16,2e4bc046-eaf1-4839-b7d0-1aad1206eb03.jpg,,
172,Adobe Photoshop,172-Adobe Photoshop-03,17,2ea95ca2-bc79-4a46-a182-160628e44145.jpg,,
172,Adobe Photoshop,172-Adobe Photoshop-03,18,357f6554-658d-4908-b124-e616a2ac6061.jpg,,
172,Adobe Photoshop,172-Adobe Photoshop-04,19,3ec9234b-f234-4345-988d-57342477a703.jpg,,
172,Adobe Photoshop,172-Adobe Photoshop-04,20,4536499d-12cc-4a51-848b-630433c39ba9.jpg,,
172,Adobe Photoshop,172-Adobe Photoshop-04,21,4f4b83f4-32cd-4b4f-bd6a-e574ad66837c.jpg,,
172,Adobe Photoshop,172-Adobe Photoshop-04,22,54661fe8-928c-4658-bd1c-fb4af908ddd1.jpg,,
172,Adobe Photoshop,172-Adobe Photoshop-04,23,589cdb15-fb94-48a8-a3e4-922fa8d8a8b0.jpg,,
172,Adobe Photoshop,172-Adobe Photoshop-04,24,5e8a42bf-14f5-4d2f-aa42-ab795e6f7ef4.jpg,,
172,Adobe Photoshop,172-Adobe Photoshop-05,25,6bc14827-a3b4-4b40-8f86-bd92f2c8bffe.jpg,,
172,Adobe Photoshop,172-Adobe Photoshop-05,26,6ed78558-d8e7-4f0a-9fdc-b6c9228c3c55.jpg,,
172,Adobe Photoshop,172-Adobe Photoshop-05,27,6f22293f-359a-44ec-99b1-47bb7336a4fd.jpg,,
172,Adobe Photoshop,172-Adobe Photoshop-05,28,6f9fec6c-19c8-4e82-8be6-841d82dcfe00.jpg,,
172,Adobe Photoshop,172-Adobe Photoshop-05,29,775be0fa-ef2a-4532-b18b-2618e513edc8.jpg,,
172,Adobe Photoshop,172-Adobe Photoshop-05,30,790c185f-79e6-420f-ae23-3f538baffec6.jpg,,
172,Adobe Photoshop,172-Adobe Photoshop-06,31,7e862196-0b31-4761-8ec5-3fb36d95c55c.jpg,,
172,Adobe Photoshop,172-Adobe Photoshop-06,32,806ce64b-2c72-4c6e-9eff-88778098a93e.jpg,,
172,Adobe Photoshop,172-Adobe Photoshop-06,33,879d96e8-43ca-4a70-a215-e23af6f2765e.jpg,,
172,Adobe Photoshop,172-Adobe Photoshop-06,34,8c87be64-e91c-40c3-afdf-de68d1e20c7e.jpg,,
172,Adobe Photoshop,172-Adobe Photoshop-06,35,8de65ad4-bd46-4fe5-beab-3017f5e49aa8.jpg,,
172,Adobe Photoshop,172-Adobe Photoshop-06,36,944d9002-8405-4c46-8bbf-3a57739b7c9d.jpg,,
172,Adobe Photoshop,172-Adobe Photoshop-07,37,9a927ff7-daf6-4b18-b4df-90fa21baf44f.jpg,,
172,Adobe Photoshop,172-Adobe Photoshop-07,38,9c0ed24d-8f72-4485-8df3-081cf97cecab.jpg,,
172,Adobe Photoshop,172-Adobe Photoshop-07,39,a7d9eb7b-1334-41eb-9526-46abc6795f8f.jpg,,
172,Adobe Photoshop,172-Adobe Photoshop-07,40,a883fdc7-d880-411d-ad34-69430a1f18cf.jpg,,
172,Adobe Photoshop,172-Adobe Photoshop-07,41,ac325b4a-e6e2-47be-9b62-ff14cb35e9ad.jpg,,
172,Adobe Photoshop,172-Adobe Photoshop-07,42,acfe18a0-851e-4f58-be16-f14ab9d8d0ae.jpg,,
172,Adobe Photoshop,172-Adobe Photoshop-08,43,ae9767b0-bab0-44da-b3b3-4d3c7e08c99e.jpg,,
172,Adobe Photoshop,172-Adobe Photoshop-08,44,b7ff941f-1877-4c8f-8a07-6d09afebddeb.jpg,,
172,Adobe Photoshop,172-Adobe Photoshop-08,45,b8af1e1b-9dd2-41e9-bd72-b837d6577c68.jpg,,
172,Adobe Photoshop,172-Adobe Photoshop-08,46,bad75c15-6667-4e69-abee-2cb2de16fd07.jpg,,
172,Adobe Photoshop,172-Adobe Photoshop-08,47,bd046c36-37da-4681-bfe5-1698f198b6e8.jpg,,
172,Adobe Photoshop,172-Adobe Photoshop-08,48,c50c8af2-481b-48b6-b6ff-2807a0f1da1f.jpg,,
172,Adobe Photoshop,172-Adobe Photoshop-09,49,c7627563-4e8c-4de0-adea-154a9973472d.jpg,,
172,Adobe Photoshop,172-Adobe Photoshop-09,50,cafafe5d-2bbb-47e7-892e-54201ec49a03.jpg,,
172,Adobe Photoshop,172-Adobe Photoshop-09,51,ce61c48f-1c22-454f-b961-f40f2de51476.jpg,,
172,Adobe Photoshop,172-Adobe Photoshop-09,52,cf18712a-e783-4fc2-a404-b88739145a08.jpg,,
172,Adobe Photoshop,172-Adobe Photoshop-09,53,d4bb481b-9163-447b-89a1-81c4b81a549f.jpg,,
172,Adobe Photoshop,172-Adobe Photoshop-09,54,dd68992a-284b-4e98-bca7-a9aabf7de7a4.jpg,,
172,Adobe Photoshop,172-Adobe Photoshop-10,55,de8aad03-03ca-4bb5-907c-a05357907b94.jpg,,
172,Adobe Photoshop,172-Adobe Photoshop-10,56,e7001322-6705-4711-be92-4f4cda2a4fc7.jpg,,
172,Adobe Photoshop,172-Adobe Photoshop-10,57,ea9ac181-5295-43a0-ab54-a6b98ca91db6.jpg,,
172,Adobe Photoshop,172-Adobe Photoshop-10,58,eb9a8996-6b04-42c5-9eff-4ce13af836b3.jpg,,
172,Adobe Photoshop,172-Adobe Photoshop-10,59,ec82ce09-3f17-4fe3-9031-56e668a2eea5.jpg,,
172,Adobe Photoshop,172-Adobe Photoshop-10,60,ffc1af3a-9eb4-420a-9f4a-0f49ae12bb20.jpg,,
174,BeReal.,174-BeReal.-01,1,0616b262-bead-4101-8b3b-2adf3b12980b.jpg,,
174,BeReal.,174-BeReal.-01,2,07554579-949c-4a3e-a393-23676b7fd511.jpg,,
174,BeReal.,174-BeReal.-01,3,0e157c6f-34e8-4e27-afe4-d80840c76b01.jpg,,
174,BeReal.,174-BeReal.-01,4,0e892912-3298-4753-9623-4434a0a17eae.jpg,,
174,BeReal.,174-BeReal.-01,5,0fd037c0-e939-4306-99c4-9ee7c5d2d784.jpg,,
174,BeReal.,174-BeReal.-01,6,17acb8de-54e3-467b-908f-62e63bbf6a2f.jpg,,
174,BeReal.,174-BeReal.-02,7,17d9ca0a-c230-4419-bd2d-abe9283f2b45.jpg,,
174,BeReal.,174-BeReal.-02,8,1f5e49ae-9232-4340-a9b9-96bc7909f379.jpg,,
174,BeReal.,174-BeReal.-02,9,203862d3-c4fc-4c6d-bf8d-23045dfa4463.jpg,,
174,BeReal.,174-BeReal.-02,10,2061db61-9223-4fd8-bdf2-f7ee655c5c6e.jpg,,
174,BeReal.,174-BeReal.-02,11,2e694e7f-0207-43ab-921c-d7e1e47387df.jpg,,
174,BeReal.,174-BeReal.-02,12,31bb2f19-d704-48e8-883d-0bc843233129.jpg,,
174,BeReal.,174-BeReal.-03,13,34b01c57-0e05-4484-a554-8bfce95a801b.jpg,,
174,BeReal.,174-BeReal.-03,14,34e91196-b1b0-4708-a166-25c00d4eed1f.jpg,,
174,BeReal.,174-BeReal.-03,15,374bf19e-6025-4124-862c-19a59eaa131a.jpg,,
174,BeReal.,174-BeReal.-03,16,37abed01-d8ad-4d5e-8710-16fe65cd25c7.jpg,,
174,BeReal.,174-BeReal.-03,17,39ca78ec-d2ba-42cf-af6f-c05955ba1c05.jpg,,
174,BeReal.,174-BeReal.-03,18,3a058ac1-3cd0-4296-8d01-528f558b9a72.jpg,,
174,BeReal.,174-BeReal.-04,19,3ad56414-a978-4e2f-8994-a7b650102c39.jpg,,
174,BeReal.,174-BeReal.-04,20,3f924e0b-78be-4650-961d-7325026433e2.jpg,,
174,BeReal.,174-BeReal.-04,21,3fc9af2d-5766-478a-a4b8-3a8b9d1fb943.jpg,,
174,BeReal.,174-BeReal.-04,22,3fd76c9e-8461-4dfd-81f5-816bb0159351.jpg,,
174,BeReal.,174-BeReal.-04,23,401d85e1-a20d-424f-a9fb-45ce19e2621d.jpg,,
174,BeReal.,174-BeReal.-04,24,450db40b-0efc-4613-b6f3-db68df520e4d.jpg,,
174,BeReal.,174-BeReal.-05,25,4615133b-9bf1-4d66-818a-ac8782bcdc8b.jpg,,
174,BeReal.,174-BeReal.-05,26,490552a1-1cee-47d5-8103-5f710184290d.jpg,,
174,BeReal.,174-BeReal.-05,27,54b99114-136e-4400-ac68-b5da278a04e8.jpg,,
174,BeReal.,174-BeReal.-05,28,57ab9027-b30a-4dc2-af94-c2947cc259d0.jpg,,
174,BeReal.,174-BeReal.-05,29,5982245a-3aac-4f7e-820a-b465d571a662.jpg,,
174,BeReal.,174-BeReal.-05,30,5a1414b9-41fb-4833-be42-49ca57dfd12a.jpg,,
174,BeReal.,174-BeReal.-06,31,673dd809-6592-4743-b8d3-2e53689cbb0a.jpg,,
174,BeReal.,174-BeReal.-06,32,6bb1d0fe-219b-4745-af7b-8e0d68b1fbaf.jpg,,
174,BeReal.,174-BeReal.-06,33,6bba4d7b-45d8-4d41-80b5-2be849ab2fa6.jpg,,
174,BeReal.,174-BeReal.-06,34,6f3a7a64-22a4-4785-9c72-a57e4a5e27c2.jpg,,
174,BeReal.,174-BeReal.-06,35,730fc1ab-72c4-4168-891b-90bc5850537b.jpg,,
174,BeReal.,174-BeReal.-06,36,74012c75-48d7-4eed-8908-3b2d15981c09.jpg,,
174,BeReal.,174-BeReal.-07,37,7b617115-cba7-4212-9d6c-0ba9b469993d.jpg,,
174,BeReal.,174-BeReal.-07,38,85d847bb-664f-4539-97e6-f488add27541.jpg,,
174,BeReal.,174-BeReal.-07,39,895013c5-3d67-410e-a267-e66cbbb5170e.jpg,,
174,BeReal.,174-BeReal.-07,40,8cfbefef-16b4-4468-b384-c05b7f7f677b.jpg,,
174,BeReal.,174-BeReal.-07,41,9476e050-18b0-46d3-9669-6663b878de38.jpg,,
174,BeReal.,174-BeReal.-07,42,94818d16-4680-4a35-9a5a-126716091f0a.jpg,,
174,BeReal.,174-BeReal.-08,43,971a2f93-da8c-45e8-8639-2231a0c81a7c.jpg,,
174,BeReal.,174-BeReal.-08,44,9c002023-c764-48f6-80af-79fb4381416e.jpg,,
174,BeReal.,174-BeReal.-08,45,a61f4d5c-5f05-4497-9701-6af30fbd414a.jpg,,
174,BeReal.,174-BeReal.-08,46,a7cae9a4-24b1-41a6-be73-6388ef81bfe8.jpg,,
174,BeReal.,174-BeReal.-08,47,b19699ec-2645-4820-91d7-37f0f6a7f7f2.jpg,,
174,BeReal.,174-BeReal.-08,48,bc4be217-2c5a-4225-9c39-73b280731243.jpg,,
174,BeReal.,174-BeReal.-09,49,c2565713-ca44-4d82-ac84-4a7716795658.jpg,,
174,BeReal.,174-BeReal.-09,50,cc0c5289-5c37-4ca5-9b24-7556a3ead51e.jpg,,
174,BeReal.,174-BeReal.-09,51,d0f5d6ed-07aa-41a2-b1a3-5272fefb39da.jpg,,
174,BeReal.,174-BeReal.-09,52,d241f8d4-7ab5-48b1-a3b4-09db50797c17.jpg,,
174,BeReal.,174-BeReal.-09,53,d46acd09-820c-4b2e-928a-f2ce469d1a6a.jpg,,
174,BeReal.,174-BeReal.-09,54,d6867de0-3946-48f4-a05a-78d4cabb82d7.jpg,,
174,BeReal.,174-BeReal.-10,55,e5a8099b-67b2-43d9-b549-6f7f0f15697b.jpg,,
174,BeReal.,174-BeReal.-10,56,e831b54e-f75d-45d5-b6c6-b68177150939.jpg,,
174,BeReal.,174-BeReal.-10,57,ebe52326-99c8-4f0f-ac3c-703e8422ea46.jpg,,
174,BeReal.,174-BeReal.-10,58,ec9fbeec-375b-4e1b-87e1-86889382c7aa.jpg,,
174,BeReal.,174-BeReal.-10,59,f0f25cde-f2dc-4b39-9d4d-05eb22d6601c.jpg,,
174,BeReal.,174-BeReal.-10,60,f5711241-a37b-4124-8707-62329575047e.jpg,,
176,Luminar,176-Luminar-01,1,e7270b71-ba7a-4b28-a93d-e46fef78e210.jpg,First-run onboarding to editor — Welcome splash,https://refero.design/screens/98738df1-b801-498e-b29f-f0df361b36cd
176,Luminar,176-Luminar-01,2,6236c43b-2490-45f5-82ab-340d7575af08.jpg,First-run onboarding to editor — Auth methods selection,https://refero.design/screens/72d35536-23cb-4977-98f6-fd05a3e6c560
176,Luminar,176-Luminar-01,3,6b38f757-23fa-4b4e-867d-c213e8ed3ba7.jpg,First-run onboarding to editor — App Store purchase sheet,https://refero.design/screens/22b98574-2ec9-4dbb-abaa-3f7212e1de85
176,Luminar,176-Luminar-01,4,957fc448-a7a3-4cc6-93d3-16625153a7e6.jpg,Full-screen photo view and share,https://refero.design/screens/d23c8860-a8be-4c50-a5d5-4ce71c5c9ff6
176,Luminar,176-Luminar-01,5,defdb163-617b-41a5-b5c7-c61eb5210b55.jpg,Sign-in to Editor — Authentication Chooser,https://refero.design/screens/3792bed5-4bde-4e10-8d26-ffa4b3efee16
176,Luminar,176-Luminar-01,6,f201f195-c092-4e48-b8a2-26ce75665da0.jpg,Sign-in to Editor — Photo Editor / Workspace,https://refero.design/screens/b4dd8bea-af1d-4687-acdc-2788e17f91ae
176,Luminar,176-Luminar-02,7,d093010e-971e-4e08-9a7f-f7236daa2e14.jpg,Select photo and open editor — Browse and select thumbnail,https://refero.design/screens/a1ec2c1b-dc99-4ce7-b259-8c953ae125c9
176,Luminar,176-Luminar-02,8,38be7007-c60b-4e03-844b-f36129c3010b.jpg,Select photo and open editor — Image preparation / loading,https://refero.design/screens/45a0055e-f311-4be5-99bc-90c9c85e7f63
176,Luminar,176-Luminar-02,9,752bc92c-2ed1-45cd-a347-a494718f24d4.jpg,Open Preset Browser (Creative),https://refero.design/screens/b4091ced-3f8c-4131-bf5b-f1c9ee258801
176,Luminar,176-Luminar-02,10,7a78830a-3ba4-401b-9655-992c9f8d9f30.jpg,Switch Category / Continue Browsing,https://refero.design/screens/3486c14c-8f0e-4764-9944-4d38c2b0f08e
176,Luminar,176-Luminar-02,11,d4c417be-56bc-4cb3-8ba7-7782a6d0c38d.jpg,Preset Selected — Landscape,https://refero.design/screens/58f5bb2b-e50d-4f7e-a686-07bb867d6b93
176,Luminar,176-Luminar-02,12,b8662c6c-5499-46ac-b5b0-cca13b9a57bb.jpg,Preset Applied — Fog 26 and Slider Tweaks,https://refero.design/screens/ecd0be35-87eb-48bf-ac42-e8958447bb86
176,Luminar,176-Luminar-03,13,ab3616be-e714-4786-abc9-2f9949f66974.jpg,Photo Enhance Editor — Select AI Enhance control,https://refero.design/screens/9d0bc5d8-f7de-4041-bdfa-11883a4a53aa
176,Luminar,176-Luminar-03,14,673aba71-daa1-4128-a93f-46139ecccd7a.jpg,Photo Enhance Editor — Adjust intensity and confirm,https://refero.design/screens/33ea02a7-24a4-4c8a-8cd1-812e66b9be3e
176,Luminar,176-Luminar-03,15,0309dd32-0002-4de2-9f0d-a73701b4f406.jpg,Photo Lighting Adjustment — Open Photo in Edit Mode,https://refero.design/screens/24734e9a-a35e-4203-b83f-6148ec64d3bb
176,Luminar,176-Luminar-03,16,b0a15749-39f8-47ba-8bd3-0619e05ba91d.jpg,Photo Lighting Adjustment — Finish Editing / Save Preview,https://refero.design/screens/59ba4b9c-abe1-4f35-8747-3559e160df06
176,Luminar,176-Luminar-03,17,655fbb24-53f8-4272-ad6f-75d0b4d6a330.jpg,Adjust brightness slider,https://refero.design/screens/2b4a3b70-03ea-4c3d-90c3-02b2adb12897
176,Luminar,176-Luminar-03,18,e488b0e1-1421-4521-ba25-e4140e14d06e.jpg,Light Adjustments and Random Preset — Confirm preset applied,https://refero.design/screens/e406f88d-da22-4d03-9687-c51ad706c17e
176,Luminar,176-Luminar-04,19,2fe4e8cc-4889-4cb8-9db2-a3d38766d864.jpg,Brightness Adjustment — Open editor and select Light control,https://refero.design/screens/43df53d1-2e14-4721-9f65-f268a44dbada
176,Luminar,176-Luminar-04,20,1a0a55f5-5c48-4b7a-89a8-fe19d1e84099.jpg,Brightness Adjustment — Adjust brightness and preview,https://refero.design/screens/6ea4dadc-f29c-4445-9700-ff28448ff0af
176,Luminar,176-Luminar-04,21,eebf6286-74d2-4abf-a226-1a5f6d6392f2.jpg,Contrast Adjustment — Open Contrast tool,https://refero.design/screens/33f8cc95-3a59-4312-bcb1-b57006dee0e6
176,Luminar,176-Luminar-04,22,7721bb61-da76-4e7e-b655-869aaefeb9fd.jpg,Contrast Adjustment — Decrease contrast,https://refero.design/screens/049a7930-e391-4ed0-98ef-49192814ff64
176,Luminar,176-Luminar-04,23,5f58223d-ca30-4faf-8cfc-6112f7d4b428.jpg,Color Balance Editor — Open Color Tool,https://refero.design/screens/0b650bc8-e72b-4192-88fd-8165a5496cb7
176,Luminar,176-Luminar-04,24,fc2e6551-c55a-423a-9029-60198b779748.jpg,Color Balance Editor — Review and Ready to Commit,https://refero.design/screens/811265b7-c29a-496c-831c-425f7d981d48
176,Luminar,176-Luminar-05,25,700d18f6-7de2-4068-b32f-f2f9f9e03aa1.jpg,Color Balance Tuning — Open colour adjustment,https://refero.design/screens/f16a5739-ee74-4d75-b267-3b128917784f
176,Luminar,176-Luminar-05,26,ebc39acf-aa72-4ab3-a115-64851573c27f.jpg,Color Balance Tuning — Exit or share edited photo,https://refero.design/screens/09b8f894-efa2-493f-b78b-f7ae6abd2a44
176,Luminar,176-Luminar-05,27,6b5758fc-c432-41ef-a3ec-534d200a6a07.jpg,Adjust Structure enhancement — Select Structure (AI) tool,https://refero.design/screens/b7ea0e96-b840-458b-8415-8c88d9919e81
176,Luminar,176-Luminar-05,28,3f5d419b-c64f-4fe6-bb2c-6da36f3a775e.jpg,Adjust Structure enhancement — Adjust Structure intensity,https://refero.design/screens/a12fcafc-034a-496c-9a01-3c10eb4fc512
176,Luminar,176-Luminar-05,29,d9e13cab-067f-401f-80ed-93d36378d6ed.jpg,Relight AI adjustment — Open Relight/AI tool,https://refero.design/screens/cf971921-6582-42c0-8aec-74561d1846b7
176,Luminar,176-Luminar-05,30,7cfd8324-915c-4618-b3fd-80c40738a3e5.jpg,Relight AI adjustment — Reset or Lower Depth,https://refero.design/screens/872be88d-102e-4c06-b803-27c19a221fa9
176,Luminar,176-Luminar-06,31,cb88421a-185d-4eec-b460-ef6f1e49076e.jpg,Vignette Strength Adjustment — Open photo & select vignette,https://refero.design/screens/586c7b8f-8d0e-4a07-aac7-1a0269a024a6
176,Luminar,176-Luminar-06,32,60f091f7-3bb3-474f-96ad-661054abb164.jpg,Vignette Strength Adjustment — Decrease vignette intensity,https://refero.design/screens/ca01de89-7e0c-4b05-b457-6d33ffe22c06
176,Luminar,176-Luminar-06,33,47b9b128-39c8-4323-9cba-01c4648ef41b.jpg,Curves Tone & Color Editor — Open Curves (composite),https://refero.design/screens/ce4993a6-b701-4d96-a020-e2d1c27e24bc
176,Luminar,176-Luminar-06,34,d4172514-ea61-4116-81e6-c04ba76b5d75.jpg,Curves Tone & Color Editor — Refine points and finalize,https://refero.design/screens/6cb1d9ae-456a-462b-9737-d8ff8207fb8d
176,Luminar,176-Luminar-06,35,d82e8346-4355-49b3-87fd-12f81cdfa1d7.jpg,Detail / Sharpen Adjustment — Open Details panel,https://refero.design/screens/88706851-7a60-4faa-a42c-a7cf20d6cee4
176,Luminar,176-Luminar-06,36,4e0cb710-cd1e-4091-957e-3b171eff7491.jpg,Detail / Sharpen Adjustment — Switch to Small Details,https://refero.design/screens/830dd4a1-7aa9-46cb-ae6c-669f7a06311d
176,Luminar,176-Luminar-07,37,f24e4c8f-1b34-42c0-a929-e9071031961d.jpg,Detail / Sharpen Adjustment — Drive small detail negative,https://refero.design/screens/99ed157e-f625-495a-b753-e5d6e97f216d
176,Luminar,176-Luminar-07,38,9781e09c-9e73-4360-b48e-dd958c4ead99.jpg,Detail / Sharpen Adjustment — Confirm / Review adjustments,https://refero.design/screens/61afd7de-6daa-4667-b845-4ebfc4b7bd3d
176,Luminar,176-Luminar-07,39,b253a450-143c-41d1-b6e5-f9f02754b111.jpg,Monochrome Tint Editing — Open Monochrome Controls,https://refero.design/screens/ddb385da-de69-4bc7-a30c-0825ed2a99b4
176,Luminar,176-Luminar-07,40,233f921a-c560-45cd-adab-0e087e315827.jpg,Monochrome Tint Editing — Select Magenta Tint and Finalize,https://refero.design/screens/af0fb0b7-c06d-4691-b9df-ea8a665cdbcf
176,Luminar,176-Luminar-07,41,3a61437d-5bb9-49f1-8511-8e409c998491.jpg,Photo crop editor — Crop editor (initial),https://refero.design/screens/5f5fa3f1-8a15-4b01-a171-f49a66776d51
176,Luminar,176-Luminar-07,42,e7384dde-8ffb-48fc-9738-023d5d0a68f5.jpg,Photo crop editor — Crop edit with dimensions,https://refero.design/screens/b2a54748-21f1-43cc-acb7-fb10f874564e
176,Luminar,176-Luminar-08,43,ef45a3d5-7824-43c3-b932-32019647f4b8.jpg,Straighten and Crop Photo — Crop & rotation entry,https://refero.design/screens/12c825f7-a330-4932-a8b6-7f79368a4b7e
176,Luminar,176-Luminar-08,44,b5fb0b59-4bbf-47ca-a08a-78b4d28637b0.jpg,Straighten and Crop Photo — Rotate with angle feedback,https://refero.design/screens/6e9a01a6-0138-40d9-99f6-ed5080f9f91b
176,Luminar,176-Luminar-08,45,70de935d-9b66-4564-b77c-337af5795946.jpg,Photo Rotate & Transform — Open Transform Actions,https://refero.design/screens/efde8f5e-55e3-4b06-9a1f-e1ed2b6f7407
176,Luminar,176-Luminar-08,46,c1c96aee-20db-446e-a296-3f253dd4a91e.jpg,Photo Rotate & Transform — Apply Transform and Confirm,https://refero.design/screens/c87da862-64a5-4b9b-973b-4dd4dbf5e485
176,Luminar,176-Luminar-08,47,211e7d07-1413-41be-acbe-5cf8a01a268a.jpg,Select preset filter,https://refero.design/screens/97bf9455-0613-42bc-a3d6-00ea9a063430
176,Luminar,176-Luminar-08,48,ef5164f1-c061-48cc-9fb0-b225c097c16f.jpg,Confirm or cancel changes,https://refero.design/screens/8923a579-07bc-4741-880d-7fbd1ff84d0b
176,Luminar,176-Luminar-09,49,0c2c3c4b-180d-40b4-8929-4442a7f2c6fc.jpg,Preset Management — Open Presets Tray / Select Preset,https://refero.design/screens/75d499f3-60e9-434d-ba7d-56b55476e91d
176,Luminar,176-Luminar-09,50,29ccb46b-1bb6-490f-814c-d2ba950ae649.jpg,Preset Management — Updated Preset List,https://refero.design/screens/431c7115-8f40-4cc6-a790-25ae6deff62c
176,Luminar,176-Luminar-09,51,804e3232-907c-4eb0-9685-466d0941d923.jpg,Export & Share Edited Photo — Open Photo Editor,https://refero.design/screens/f82f4b12-cdde-4ada-a352-0792a98ae7e2
176,Luminar,176-Luminar-09,52,2b37ca08-ce61-49a7-b2ea-590b7b1fec71.jpg,Compose Message with Attachment,https://refero.design/screens/6fc85b99-3792-48e8-83bb-8731aa31139b
176,Luminar,176-Luminar-09,53,493c9005-f0a2-443c-91e4-430cec9d0bc3.jpg,Portrait AI retouch — Open portrait & select face AI,https://refero.design/screens/dc0bf8ce-7105-4b83-9961-908e8206ea8f
176,Luminar,176-Luminar-09,54,409d0af8-22b0-4e12-89e6-1621de0daf41.jpg,Portrait AI retouch — Enable Blemish Removal,https://refero.design/screens/c44bd30a-b8ca-47b4-a73e-3b72abdb89a6
176,Luminar,176-Luminar-10,55,020d8e04-d845-48f4-8a39-4d0792a02a39.jpg,Body Shape Editor — Open AI human-shape tool,https://refero.design/screens/abbb6cc8-d561-437a-9314-928b56701b80
176,Luminar,176-Luminar-10,56,bfb054cd-c873-4625-8539-cce16ec9bec1.jpg,Body Shape Editor — Switch target and fine-tune (abdomen),https://refero.design/screens/85511445-7111-44d2-94b3-0963f6b2791d
176,Luminar,176-Luminar-10,57,fc5209d5-4d18-4c94-a380-81e52482da9d.jpg,Sky replacement selection — Open sky presets,https://refero.design/screens/78dd9ece-1516-414a-b0bc-5f358ce3e3c4
176,Luminar,176-Luminar-10,58,76afccdd-6ae7-4003-b180-02afd56d0408.jpg,Sky replacement selection — Final preview and further edits,https://refero.design/screens/30d2e6e9-6115-4e8d-b30a-0f4ec5d40813
176,Luminar,176-Luminar-10,59,d8a2321f-2d4a-4858-9739-252be18b3910.jpg,Promotional subscription purchase — Change plan selection,https://refero.design/screens/d22e9052-a9a3-40f5-9695-78705e327672
176,Luminar,176-Luminar-10,60,4cf89872-ddd9-4a7f-9e94-459750cc9693.jpg,Purchase success acknowledgement,https://refero.design/screens/63006590-34e0-41f9-95bf-2d6bc508fbf0
186,Apple Podcasts,186-Apple Podcasts-01,1,c7a4f251-c9d6-46c5-8281-40953827bcd7.jpg,Onboarding — Welcome,https://refero.design/screens/0ff8d47d-ee08-4ef0-a8ea-5cffecb74c76
186,Apple Podcasts,186-Apple Podcasts-01,2,0f029839-d706-4209-ac37-a2fba9ed0765.jpg,Home — recommendation rows,https://refero.design/screens/5970a5b5-c14d-4ba3-a367-071dd0164d7e
186,Apple Podcasts,186-Apple Podcasts-01,3,dba905c3-99d3-4e46-ba69-451e05c6fe00.jpg,Home — category prompt card,https://refero.design/screens/2b48710e-291b-43cd-8605-6f78fc990eb2
186,Apple Podcasts,186-Apple Podcasts-01,4,313a52ec-51e3-445d-a185-cb4af1bf31f8.jpg,Library — home,https://refero.design/screens/ae5d696d-f1d6-44db-8020-0d6cbcbf5d8c
186,Apple Podcasts,186-Apple Podcasts-01,5,7af87730-3ffc-4b33-a690-e6d0bab2ae02.jpg,"Library — Shows, dark",https://refero.design/screens/3245c747-9ad0-4f79-a145-659a20884997
186,Apple Podcasts,186-Apple Podcasts-01,6,9fc61777-f62a-44bc-a373-f25c79910f54.jpg,Library — Channels list,https://refero.design/screens/9646cde2-5b08-42bd-9b9a-5a42f23c3a6d
186,Apple Podcasts,186-Apple Podcasts-02,7,e765c1cb-2b76-4094-b8b4-b1427cdc73c8.jpg,"Library — Channels, dark",https://refero.design/screens/206d5a4f-8c34-4513-96e3-25a101e6fce3
186,Apple Podcasts,186-Apple Podcasts-02,8,53bc50cf-3dfa-42cd-9e12-e3e8fc035f56.jpg,Library — Saved episodes,https://refero.design/screens/0046a6ac-e58c-42cd-883d-34632219d8cd
186,Apple Podcasts,186-Apple Podcasts-02,9,0d384241-fd7e-4e68-9feb-07a5db530cf9.jpg,Search — results with keyboard,https://refero.design/screens/80c6dfef-b95b-4d55-8be0-fc46c74fadda
186,Apple Podcasts,186-Apple Podcasts-02,10,b052930d-d155-47a7-8c28-f8c53655e8dd.jpg,Category page — TV and Film,https://refero.design/screens/456638e1-b177-45e4-b9a8-9808cd714371
186,Apple Podcasts,186-Apple Podcasts-02,11,af0e6bfe-1966-4efa-ba09-9a3cdf46bddf.jpg,Show page — White Lotus,https://refero.design/screens/56699128-1abc-424a-aad6-e13333e940c3
186,Apple Podcasts,186-Apple Podcasts-02,12,4016ff96-e814-44e0-a408-cde5d3858535.jpg,"Show page — Apple Events, dark",https://refero.design/screens/108665a2-0964-456c-a2e3-1eb34f0060e4
186,Apple Podcasts,186-Apple Podcasts-03,13,2aa5da47-b0d7-4198-bcfe-21b80b5d1c3f.jpg,Episodes list,https://refero.design/screens/a357a95c-60a4-49cd-b6a6-2a37938b1e41
186,Apple Podcasts,186-Apple Podcasts-03,14,b0cb999b-3a5e-445d-b7e0-fbc805b7d06c.jpg,Up Next queue list,https://refero.design/screens/00892f12-7de7-4a96-a090-3005e0e023cd
186,Apple Podcasts,186-Apple Podcasts-03,15,5f994275-54f3-4343-949d-5b93400b4cd7.jpg,Host profile page,https://refero.design/screens/dceab64c-680f-41b9-803d-aae97f4759b6
186,Apple Podcasts,186-Apple Podcasts-03,16,097b4e6e-2de0-45c4-9a86-425849241017.jpg,Show options menu,https://refero.design/screens/0c083115-7302-499a-b8c7-241cdb9719f1
186,Apple Podcasts,186-Apple Podcasts-03,17,db55b939-736b-4511-b4fd-9dd4d68c323b.jpg,"Episode context menu, dark",https://refero.design/screens/0ec7e9e3-dab0-4a2b-9931-0d04ed95cd60
186,Apple Podcasts,186-Apple Podcasts-03,18,38e806d6-c3ab-4cf7-b257-0671ea29b702.jpg,Channel — Planet Money+ promo,https://refero.design/screens/57156d4b-7e2d-4828-8389-c084efc2b8e6
186,Apple Podcasts,186-Apple Podcasts-04,19,cd088690-75c3-4742-8c93-cd5f8bf3d0fb.jpg,Channel — Subscriber Edition,https://refero.design/screens/1805cce5-bc68-46c3-b3c1-e2c23414e69d
186,Apple Podcasts,186-Apple Podcasts-04,20,0ed55f52-9e86-4af8-aff8-3e2388b16d52.jpg,Manage Categories — Category list (Favorites view),https://refero.design/screens/56d59b56-4e02-4c5a-82b7-882dade4ef81
186,Apple Podcasts,186-Apple Podcasts-04,21,460a74ec-3386-4dff-bc3f-2936dd72c6e0.jpg,Episode Player Feature Tips — Playback Screen — Queue Tip,https://refero.design/screens/bd004eae-4f3f-456d-aef5-c62271e1956f
186,Apple Podcasts,186-Apple Podcasts-04,22,ecda68a0-3df0-4ab9-8cd8-2a42f6bbe1f4.jpg,Playback Screen — Transcript Tip,https://refero.design/screens/241eabe6-69d1-446d-9072-3aa6f0ebccea
186,Apple Podcasts,186-Apple Podcasts-04,23,526b0f04-bf7a-4640-b757-d222de541319.jpg,Playback Speed Adjustment — Now Playing — default speed,https://refero.design/screens/12ccdbca-e3f1-467e-a62c-af2f38e06a13
186,Apple Podcasts,186-Apple Podcasts-04,24,705b82e0-9084-4355-a7d0-90621c531405.jpg,Playback Speed Adjustment — Speed selector menu,https://refero.design/screens/37f2f765-4875-436f-861a-c5537d2dd4dd
186,Apple Podcasts,186-Apple Podcasts-05,25,26fb4b8c-7986-4ef8-b275-d951d95a0218.jpg,Playback Speed Adjustment — Now Playing — updated speed,https://refero.design/screens/9d6b419e-b68e-4caa-9b3c-dfd219023cc4
186,Apple Podcasts,186-Apple Podcasts-05,26,96ed914c-8af3-4299-b859-61c79c44b75f.jpg,Set Sleep Timer — Sleep Timer Options,https://refero.design/screens/f2363c21-9a44-48e7-a898-d81dd4194348
186,Apple Podcasts,186-Apple Podcasts-05,27,3e7d0169-87c6-482d-888a-e7fd04c676cb.jpg,Set Sleep Timer — Sleep Timer Active — Confirmation,https://refero.design/screens/68825ae6-cbf6-4e90-b463-eb6c2c6e17dc
186,Apple Podcasts,186-Apple Podcasts-05,28,8a460e1d-c671-41a0-b171-40c5a3cf238a.jpg,Transcript view (discover Search),https://refero.design/screens/2f3f7520-0c94-4ba5-907d-dc71f4779cb7
186,Apple Podcasts,186-Apple Podcasts-05,29,82cb013a-f965-4e6f-a014-cef2ca102d4b.jpg,Episode Transcript Search — Search results navigation,https://refero.design/screens/ab7311f6-b9fd-4fa4-aed4-f776de3076d4
186,Apple Podcasts,186-Apple Podcasts-05,30,6de0e34a-5036-4d7e-9121-7277e728bee9.jpg,Download Episode from Up Next — Open Up Next,https://refero.design/screens/82b1a4fc-b89e-4607-a7a0-93acf1925b9f
186,Apple Podcasts,186-Apple Podcasts-06,31,558d1f08-26b7-4e75-90fb-1278f39425a5.jpg,Download Episode from Up Next — Select Download Episode,https://refero.design/screens/219d8638-dbc1-4a0e-b820-4d3fa5004ba9
186,Apple Podcasts,186-Apple Podcasts-06,32,1bf8af1c-962c-4901-8472-0980d66106ce.jpg,Download Episode from Up Next — Download Completion State,https://refero.design/screens/3714eb94-f975-4966-bffe-4391fd33a973
186,Apple Podcasts,186-Apple Podcasts-06,33,fcf732f7-80f8-4ec4-a55e-ca89cd2d0aa7.jpg,Up Next queue management — Open episode actions,https://refero.design/screens/a98fd32b-6d54-4d77-8d1f-81d3996ed85b
186,Apple Podcasts,186-Apple Podcasts-06,34,f236b896-d713-44f5-ad43-4b6dbee38951.jpg,Up Next queue management — Play or resume episode,https://refero.design/screens/fa769d19-8b55-41e6-9d08-1027a780ad71
186,Apple Podcasts,186-Apple Podcasts-06,35,7cbf2860-d89b-4bd9-b3c2-81b3d3f6d21f.jpg,Share Episode via Messages — Up Next — Episode List,https://refero.design/screens/9e2506ef-9bbe-4b84-a40b-0b70f1eb666f
186,Apple Podcasts,186-Apple Podcasts-06,36,4e8efaab-3e9e-49a1-9092-a60e3b5d05c8.jpg,Share Episode via Messages — iOS Share Sheet,https://refero.design/screens/25a4477e-3042-4bd3-9172-64c90dc5fa91
186,Apple Podcasts,186-Apple Podcasts-07,37,6d293e79-6fc7-4590-804c-a2cc6c7b70fd.jpg,Messages Composer with Episode Card,https://refero.design/screens/82f040e4-9ad9-4464-b3f3-51d889491fdf
186,Apple Podcasts,186-Apple Podcasts-07,38,018341f4-88fe-409e-88c4-6aa6d83b4007.jpg,Podcast Detail (Follow CTA),https://refero.design/screens/da0ee466-eec6-4d7e-9a28-d8d0ce10d710
186,Apple Podcasts,186-Apple Podcasts-07,39,15a7438c-8541-47ff-b4fc-da1590cdfbbc.jpg,iOS System Permission Dialog,https://refero.design/screens/1c9d9323-db3f-48d7-9973-7a3fd54436c0
186,Apple Podcasts,186-Apple Podcasts-07,40,f6368260-bccd-425e-b185-904e53930c91.jpg,Podcast Detail (Follow Confirmed),https://refero.design/screens/12dc878e-9f4e-4c4e-9977-3ed811d175c2
186,Apple Podcasts,186-Apple Podcasts-07,41,ddba1211-341e-46cf-8bbc-7ce449d65bde.jpg,Podcast Rating & Review Submission — Ratings list (start),https://refero.design/screens/f04f92a9-801a-401e-b217-c2d1d4683242
186,Apple Podcasts,186-Apple Podcasts-07,42,55dd6624-8121-429b-abcd-80e6c5e2b84f.jpg,Add Nickname entry (intro),https://refero.design/screens/30a33d0a-2fbc-423d-b316-812ca31ff614
186,Apple Podcasts,186-Apple Podcasts-08,43,396828b4-a3b9-413c-94ca-18a3899f7cbd.jpg,Submit review and return to Ratings,https://refero.design/screens/c10e9df0-4821-4ba2-8d90-04488b592ad6
186,Apple Podcasts,186-Apple Podcasts-08,44,9f79f45a-a5ae-49d1-88ea-35ac51d3ed07.jpg,Follow Podcast by URL — Library Overview,https://refero.design/screens/09d691c1-8fad-44e1-97aa-6441da910509
186,Apple Podcasts,186-Apple Podcasts-08,45,50c30ccc-4683-4316-a084-5682759f91ca.jpg,Follow Podcast by URL — Add Podcast — Empty Input,https://refero.design/screens/dbd6fda2-02f9-4e15-b3fe-e1f19d5f206f
186,Apple Podcasts,186-Apple Podcasts-08,46,5ee59ed4-54ed-479d-be5e-24ccc4e3a9f7.jpg,Follow Podcast by URL — Library Updated,https://refero.design/screens/bd79c98d-0424-417f-8f67-784b7005a2e3
186,Apple Podcasts,186-Apple Podcasts-08,47,56585c19-eea3-4647-ae8b-6147537cdb44.jpg,Podcast subscription purchase — Choose plan,https://refero.design/screens/c6d4c6b1-b4e5-4d58-97e7-a537e121b409
186,Apple Podcasts,186-Apple Podcasts-08,48,d7d6da45-1cd6-42b0-af58-becd7d5f7c1c.jpg,Create & Configure Podcast Station — Library (entry),https://refero.design/screens/f6e9f247-67fb-4b7f-b418-266e1898d71f
186,Apple Podcasts,186-Apple Podcasts-09,49,7deeb45b-0207-427c-9db5-cbcf9239d913.jpg,Create & Configure Podcast Station — Play order selection,https://refero.design/screens/48f8e947-5f7f-4251-8b7e-c556aa433bb1
186,Apple Podcasts,186-Apple Podcasts-09,50,4c9c4145-583b-4c0c-928c-a7ccbe98705a.jpg,Library updated with station,https://refero.design/screens/cdbb8472-9d82-4aa0-8c4d-5a0d1f7cbcd7
186,Apple Podcasts,186-Apple Podcasts-09,51,69d686f1-b852-442d-a984-95769eeec99f.jpg,Library Sections Customization — Library Home,https://refero.design/screens/95acc90a-3864-4204-a209-aab168aacaec
186,Apple Podcasts,186-Apple Podcasts-09,52,f90b84b6-9f7e-43ec-bd3f-3de6c3f707c2.jpg,Toggle Section Off — Latest Episodes,https://refero.design/screens/243aea29-c2c3-4991-9e55-d3a62cf406ae
186,Apple Podcasts,186-Apple Podcasts-09,53,6405b3ef-f066-49bd-ad04-2ac450685983.jpg,Library Sections Customization — Final Verification,https://refero.design/screens/1d575038-c26c-4ae8-8d6e-7941475ceba6
186,Apple Podcasts,186-Apple Podcasts-09,54,17944991-a2bb-459a-ab78-b13d58359245.jpg,Shows Library — Followed view,https://refero.design/screens/99e88a66-bb0a-4231-aa40-2ca3b8a51d8a
186,Apple Podcasts,186-Apple Podcasts-10,55,d1a20d1e-41e3-4dae-accf-2ef11503df0d.jpg,Manage and Sort Followed Shows — Open Shows action sheet,https://refero.design/screens/646ce796-579c-4057-982f-d26deac1147f
186,Apple Podcasts,186-Apple Podcasts-10,56,62a68519-0866-4282-9136-b328397e804f.jpg,Apply sort and view updated grid,https://refero.design/screens/b4e01395-63a0-49ee-80b8-3ff7404b6a43
186,Apple Podcasts,186-Apple Podcasts-10,57,0a482b01-d6f8-4816-a5a7-5039addc8e39.jpg,Manage Saved Episodes — Reveal row actions,https://refero.design/screens/af73e3a7-6033-4342-9093-a7d9f24023ed
186,Apple Podcasts,186-Apple Podcasts-10,58,5172abaf-ae41-4d44-b095-0e0a2d97514b.jpg,Manage Saved Episodes — Execute action and update list,https://refero.design/screens/e383190d-dd5a-4d98-9cff-77250979b5d2
186,Apple Podcasts,186-Apple Podcasts-10,59,04a9433d-0265-4541-b75a-9ccd5f3fd7a8.jpg,Search Podcasts — No Results — Search Landing — Categories,https://refero.design/screens/9f0da7f1-60e1-461f-a489-a17a795709fd
186,Apple Podcasts,186-Apple Podcasts-10,60,24c5f1bf-3e74-4f90-a30a-db9f416cfb9b.jpg,Search Podcasts — No Results — Search Results — No Results,https://refero.design/screens/46bf74f3-90cb-4616-906f-4cf44a248df2
187,Riverside,187-Riverside-01,1,08b08fa7-52c4-4b8e-a360-5d081febe55c.jpg,,
187,Riverside,187-Riverside-01,2,0a49cd35-316e-40f4-a3f9-b8c34f285065.jpg,,
187,Riverside,187-Riverside-01,3,0e05e3cc-dbc0-4c7d-bf7d-ceabc943e46c.jpg,,
187,Riverside,187-Riverside-01,4,0f99955b-b9e0-40a7-8775-0a6018b71d48.jpg,,
187,Riverside,187-Riverside-01,5,10d4f6b1-61d0-40f0-becb-ec143c4cd30f.jpg,,
187,Riverside,187-Riverside-01,6,11260195-406d-4b75-99d5-d268fa554ffa.jpg,,
187,Riverside,187-Riverside-02,7,127f66f5-50c7-4144-9503-bb22848e86d4.jpg,,
187,Riverside,187-Riverside-02,8,150b147a-9e42-4b47-aabf-2486b56fcc94.jpg,,
187,Riverside,187-Riverside-02,9,1e39e493-3b26-453b-b688-dfa906329c4c.jpg,,
187,Riverside,187-Riverside-02,10,1f1e87f6-fbb2-4b55-9cac-24b4f626adfd.jpg,,
187,Riverside,187-Riverside-02,11,1f205fb3-57e7-4415-b3ff-96cd47857ce0.jpg,,
187,Riverside,187-Riverside-02,12,2ca1ea22-dc98-4f2d-82ff-b9ed9c204641.jpg,,
187,Riverside,187-Riverside-03,13,34197e04-46c5-492d-80d4-e0c22a5f1004.jpg,,
187,Riverside,187-Riverside-03,14,3c598bb9-e3f6-45ca-a20e-4d56aeee9e84.jpg,,
187,Riverside,187-Riverside-03,15,3d236ca7-8770-4546-9bb8-7e4b1f4d0432.jpg,,
187,Riverside,187-Riverside-03,16,416daddf-aabc-4172-9b09-8a1ab93ea06d.jpg,,
187,Riverside,187-Riverside-03,17,4e2f63f9-4f00-4cd4-aaff-8ea3c6ca3e49.jpg,,
187,Riverside,187-Riverside-03,18,57b8a4f5-c70a-4715-b654-68cf5aec7c8f.jpg,,
187,Riverside,187-Riverside-04,19,6305ef66-0545-4057-a8b0-9929cf0aea26.jpg,,
187,Riverside,187-Riverside-04,20,63ee1904-79cc-4258-bab2-d275f5d9776e.jpg,,
187,Riverside,187-Riverside-04,21,64964a65-9342-432a-8b3d-48268ff7a2e4.jpg,,
187,Riverside,187-Riverside-04,22,6b876d62-ab3f-4613-a797-230dff7d7ce5.jpg,,
187,Riverside,187-Riverside-04,23,6f36c375-42a0-47ef-8320-8441f107b983.jpg,,
187,Riverside,187-Riverside-04,24,7086a7e0-3e70-4899-9ce5-1effd4d80c8b.jpg,,
187,Riverside,187-Riverside-05,25,765bf418-8e72-438a-9b62-e10bba07a3e7.jpg,,
187,Riverside,187-Riverside-05,26,7679761f-b030-42c8-88bc-7fa5b573babc.jpg,,
187,Riverside,187-Riverside-05,27,778b793d-be5b-4fba-b066-0a2f9f7c11d2.jpg,,
187,Riverside,187-Riverside-05,28,791fb71b-5fc5-4f2d-8298-15db11e894ec.jpg,,
187,Riverside,187-Riverside-05,29,7ad486ab-f937-4914-b2c1-f3672cd9cc64.jpg,,
187,Riverside,187-Riverside-05,30,7e5bffec-5d00-4a9f-bb38-498d62f0bbda.jpg,,
187,Riverside,187-Riverside-06,31,807577b7-4b14-492b-8443-2cb88f8c3507.jpg,,
187,Riverside,187-Riverside-06,32,829ac182-bcee-43fa-b15a-3eea8ef91b16.jpg,,
187,Riverside,187-Riverside-06,33,845a20be-7e47-443e-8378-58bb8ff8de3f.jpg,,
187,Riverside,187-Riverside-06,34,84cc8bbe-7b67-40e8-a689-bb642293521d.jpg,,
187,Riverside,187-Riverside-06,35,916af244-f1a7-41d3-b4f7-2c44d10775a5.jpg,,
187,Riverside,187-Riverside-06,36,a291f72b-bdaa-48da-9da0-5afd258f357f.jpg,,
187,Riverside,187-Riverside-07,37,ad0248ba-65b3-48a1-9002-e59d22c9d72a.jpg,,
187,Riverside,187-Riverside-07,38,ad650406-b17e-4059-84cd-1612e8b8bdfd.jpg,,
187,Riverside,187-Riverside-07,39,aece3227-c0a3-45a4-bcab-99e3dadd3254.jpg,,
187,Riverside,187-Riverside-07,40,b2408f87-c089-4490-86b8-72d8ffd17161.jpg,,
187,Riverside,187-Riverside-07,41,b2768b57-fbcd-4d8a-9e8f-bbe5cd95a182.jpg,,
187,Riverside,187-Riverside-07,42,b57cadb1-1d1a-4147-9b7b-b8bffccdf744.jpg,,
187,Riverside,187-Riverside-08,43,badf5044-23b0-4f7c-abef-778d8d53dbae.jpg,,
187,Riverside,187-Riverside-08,44,bbe64dae-f2b1-48cf-9b11-6bab411855d2.jpg,,
187,Riverside,187-Riverside-08,45,bcdc6822-6ea0-4131-a3ef-05719f85d833.jpg,,
187,Riverside,187-Riverside-08,46,c04238e9-33f3-4317-bc54-50e20abb9aee.jpg,,
187,Riverside,187-Riverside-08,47,c1b17554-0908-4485-8a9e-b2573f6a0a2c.jpg,,
187,Riverside,187-Riverside-08,48,c6d64da2-1b6d-4f38-924f-77789584c53e.jpg,,
187,Riverside,187-Riverside-09,49,c8124314-c83a-4370-b033-689c22655777.jpg,,
187,Riverside,187-Riverside-09,50,cdef309f-ad84-434a-9af4-65b188fc4735.jpg,,
187,Riverside,187-Riverside-09,51,d183585c-e5e5-4b30-9000-e1846b65c29b.jpg,,
187,Riverside,187-Riverside-09,52,dab10db2-c818-4c80-b46c-a76228f8f679.jpg,,
187,Riverside,187-Riverside-09,53,df3e66e9-0c05-4f7d-94d5-bf5238f85075.jpg,,
187,Riverside,187-Riverside-09,54,e49f6057-ea4d-4426-bf1e-255814a54ce2.jpg,,
187,Riverside,187-Riverside-10,55,e789418f-0ef3-4410-aed5-58ebdad0ae98.jpg,,
187,Riverside,187-Riverside-10,56,e9caba34-e3f6-4be4-b525-5c3e5ec72941.jpg,,
187,Riverside,187-Riverside-10,57,eb3f23f5-650c-4bb4-b805-4ca412089722.jpg,,
187,Riverside,187-Riverside-10,58,eb821e23-599e-4a84-8ff2-cc1cac5ce95e.jpg,,
187,Riverside,187-Riverside-10,59,ef9e671b-4c62-4a02-ba91-c1a2a25265ea.jpg,,
187,Riverside,187-Riverside-10,60,fe44a190-05f6-425c-88a8-c323d2de7607.jpg,,
193,Denim,193-Denim-01,1,05acce3d-62dd-411e-a153-8347518f0757.jpg,,
193,Denim,193-Denim-01,2,05d5f516-ccc1-411a-b499-eacda31db71b.jpg,,
193,Denim,193-Denim-01,3,08de2b51-267f-48d1-96f7-d404127fb69e.jpg,,
193,Denim,193-Denim-01,4,159697fe-d3d8-49b7-a96d-03ea38b4d74d.jpg,,
193,Denim,193-Denim-01,5,1afb0a76-db37-47b3-8c32-288c03a6609c.jpg,,
193,Denim,193-Denim-01,6,2b89cada-8510-4644-8e98-d0d57597f924.jpg,,
193,Denim,193-Denim-02,7,2e72b5ff-1127-482a-b4ad-c64145c0d63f.jpg,,
193,Denim,193-Denim-02,8,38491cc2-b4eb-4f43-b0bb-58bbbbb4f85a.jpg,,
193,Denim,193-Denim-02,9,3a8216d6-c3b1-40cf-a0df-11a59641c739.jpg,,
193,Denim,193-Denim-02,10,421c60d8-d466-4be9-bc2a-f3c59047cae4.jpg,,
193,Denim,193-Denim-02,11,4f7cbb39-1bf7-44ef-bcb5-45168faf889e.jpg,,
193,Denim,193-Denim-02,12,508ce99f-9ecd-4e92-988c-442d1948ff53.jpg,,
193,Denim,193-Denim-03,13,5172577b-8d69-44ae-a10a-63b0d2094466.jpg,,
193,Denim,193-Denim-03,14,524c073b-042a-42b3-a243-97c39716f65b.jpg,,
193,Denim,193-Denim-03,15,545f9e1e-15b8-44ab-911c-1f821981a87f.jpg,,
193,Denim,193-Denim-03,16,570e0b04-03dc-4529-9f6b-d1662a89f226.jpg,,
193,Denim,193-Denim-03,17,59a7399f-b18b-41d4-9630-4d312be8e000.jpg,,
193,Denim,193-Denim-03,18,5c0cb22b-ff35-4f5a-8520-93a6d586184a.jpg,,
193,Denim,193-Denim-04,19,60cdacc5-696c-4bf3-bf83-5b651f5b9655.jpg,,
193,Denim,193-Denim-04,20,67d6209b-7530-4516-9b46-d14a2d52d0ac.jpg,,
193,Denim,193-Denim-04,21,71b37aaa-6403-4315-9263-e31992f65f87.jpg,,
193,Denim,193-Denim-04,22,731495ce-22dc-4490-9e2f-a589e633e14f.jpg,,
193,Denim,193-Denim-04,23,737eb789-7c08-46cf-a18d-c70411785c1a.jpg,,
193,Denim,193-Denim-04,24,772c70c5-9b36-40bf-b800-826013dd9358.jpg,,
193,Denim,193-Denim-05,25,7880884c-ee16-4c1b-9009-2247f4b2d682.jpg,,
193,Denim,193-Denim-05,26,795dab99-7ab9-4959-821b-3db54b1ec065.jpg,,
193,Denim,193-Denim-05,27,88c40e0a-f6a8-49cb-96b2-241a28bd8d30.jpg,,
193,Denim,193-Denim-05,28,891267ab-db22-477c-837a-2bc813c461fc.jpg,,
193,Denim,193-Denim-05,29,8d1257a9-3412-48dc-b88b-46a0ea9ed562.jpg,,
193,Denim,193-Denim-05,30,91b8b20a-8322-4f90-9538-54383097bfbe.jpg,,
193,Denim,193-Denim-06,31,950d631b-7d38-424e-a7e5-b378fe883edc.jpg,,
193,Denim,193-Denim-06,32,968a4a31-a9ac-4d05-b73a-225d4f2cf52c.jpg,,
193,Denim,193-Denim-06,33,a41e137c-db98-4023-899b-510cef8a3f56.jpg,,
193,Denim,193-Denim-06,34,a534e6cc-9a3e-4769-83e5-460302c225b0.jpg,,
193,Denim,193-Denim-06,35,a74baf16-1819-4848-8313-785e62c051cb.jpg,,
193,Denim,193-Denim-06,36,a85a24f9-a2a7-485c-bc25-96e64d8b6834.jpg,,
193,Denim,193-Denim-07,37,ae9cd18e-4ed0-4919-8de8-83db2d5a803f.jpg,,
193,Denim,193-Denim-07,38,b0e7b9a2-6ddc-4122-ba4a-d615d45f30ff.jpg,,
193,Denim,193-Denim-07,39,b49ba23d-9967-4990-aa0b-8b1926b445a8.jpg,,
193,Denim,193-Denim-07,40,bbfcfa5e-e762-4610-9923-e8de6b101582.jpg,,
193,Denim,193-Denim-07,41,bc458f2e-5485-4278-af5f-b8678e119549.jpg,,
193,Denim,193-Denim-07,42,c0a246f0-182d-40e2-b792-9bdd863fea37.jpg,,
193,Denim,193-Denim-08,43,ca9bf70b-c402-485b-abeb-16d6cc7e54fd.jpg,,
193,Denim,193-Denim-08,44,cd00c9a4-d5a3-421a-8c3a-44ef721269a2.jpg,,
193,Denim,193-Denim-08,45,cd0a60c1-e135-45fc-81a4-60961877f649.jpg,,
193,Denim,193-Denim-08,46,d05a1d22-2e21-418b-956e-fffcde927770.jpg,,
193,Denim,193-Denim-08,47,de4dcf47-3a40-4c97-960a-96f7d260efe7.jpg,,
193,Denim,193-Denim-08,48,e1ce2d8c-7cb7-47aa-898b-fda8f4354dfe.jpg,,
193,Denim,193-Denim-09,49,e2091c32-5cf7-401d-bab6-dc3a001bdc47.jpg,,
193,Denim,193-Denim-09,50,e2432ec4-f292-4d98-b3b9-27d510b64a4e.jpg,,
193,Denim,193-Denim-09,51,e4994785-4182-43a2-a35e-e7685928ad60.jpg,,
193,Denim,193-Denim-09,52,eae8059a-a360-488e-9afe-15cf334d3b96.jpg,,
193,Denim,193-Denim-09,53,ee68849a-5218-4084-84ad-35255455b511.jpg,,
193,Denim,193-Denim-09,54,f10adf92-2a31-480b-9657-5b78b64d9fc8.jpg,,
193,Denim,193-Denim-10,55,f305e845-0782-425e-ae9b-463f64af79b8.jpg,,
193,Denim,193-Denim-10,56,f4fcc35d-515b-4856-8b35-5bf8bc3ab579.jpg,,
193,Denim,193-Denim-10,57,fb00fd9f-84ef-4098-8cbb-3e9aba821942.jpg,,
193,Denim,193-Denim-10,58,fbf8e837-862c-4bc3-b5bc-8b7553d0be01.jpg,,
193,Denim,193-Denim-10,59,fc74bcff-e639-41fd-a8f9-9c82feee2c56.jpg,,
193,Denim,193-Denim-10,60,fee8b556-1c05-4a88-b4f2-79da623e4378.jpg,,
203,Dropset,203-Dropset-01,1,23312c2c-951f-40fd-955b-4023b5000a31.jpg,Workouts dashboard,https://refero.design/screens/ab96e41a-f6ca-4cb0-b7a2-aeb0922e240e
203,Dropset,203-Dropset-01,2,f2b31f7c-8a7a-4434-b972-57a7d25ada75.jpg,Add menu,https://refero.design/screens/ef3bdc6b-684d-4660-903d-1c04c78f7844
203,Dropset,203-Dropset-01,3,abd8be68-8f76-4866-b51c-dada33fddbe6.jpg,Workout type list (picker),https://refero.design/screens/1f0767bf-b8a3-4346-847f-490b96d2dd0b
203,Dropset,203-Dropset-01,4,b9cfcb0b-d01e-4fc5-8ba4-59cc4f47a9ba.jpg,Schedule — Weekdays tab,https://refero.design/screens/66eeea61-df15-458f-ade5-bb9ae80b7c32
203,Dropset,203-Dropset-01,5,df93a18e-f174-4bd5-9915-78cfb2874e12.jpg,Layout preview — Square layout,https://refero.design/screens/071e8733-0c1d-4c71-8967-4688c0f32e6a
203,Dropset,203-Dropset-01,6,1078af61-4801-440f-a29a-aa5b8c01ca6a.jpg,Intro splash,https://refero.design/screens/da5c2c48-7679-44b2-8df8-2d52a708138b
203,Dropset,203-Dropset-02,7,5693e4c0-dc02-4c4d-9e75-ed838a2da162.jpg,Select overall goal,https://refero.design/screens/b3203172-0b92-46ee-90b2-44a2e41bad5d
203,Dropset,203-Dropset-02,8,5a16ff04-1cda-40e2-b048-7493ff6258e7.jpg,Height input (picker),https://refero.design/screens/8801473f-9351-4f0c-8fcb-8bab3a592890
203,Dropset,203-Dropset-02,9,129f1a65-8010-401d-9eb7-586af923270f.jpg,Choose training days — empty state,https://refero.design/screens/f11ddae1-bd95-4083-903a-21404189f22e
203,Dropset,203-Dropset-02,10,3a91d397-569c-4388-a05a-60f2eecbfcac.jpg,Routine summary (overview),https://refero.design/screens/0470d44e-734c-45d5-b687-e888ca2cd80f
203,Dropset,203-Dropset-02,11,5c39c0be-5117-4e55-aa4b-3e845dcb9cd8.jpg,Exercise detail screen,https://refero.design/screens/aeccbe2d-9c27-4483-9dad-e872ce47d707
203,Dropset,203-Dropset-02,12,cff508f5-c209-4e81-9d7b-90634a8bc23c.jpg,Metric type list (preview),https://refero.design/screens/4ed5080f-5d3d-4cf3-80ed-d41481b3519b
203,Dropset,203-Dropset-03,13,696cef32-1ea4-4451-a3a4-db95db01a5a4.jpg,Preview layouts,https://refero.design/screens/5fbd8aac-f345-40de-9cfe-9e07705365e5
203,Dropset,203-Dropset-03,14,c1cf3488-643d-4f14-b611-4a547e2d6e3a.jpg,Activate edit affordance (long-press),https://refero.design/screens/531c242f-4be8-4684-85bb-3b21442bcfa9
203,Dropset,203-Dropset-03,15,e1f39572-1f82-4f9d-a3a3-9652213767f5.jpg,Confirm Deletion,https://refero.design/screens/d072ee23-d0f8-4f08-a2e7-de79e618337f
203,Dropset,203-Dropset-03,16,1840bee1-f05a-4606-a07a-133812f014d0.jpg,New folder — input open,https://refero.design/screens/c2feee6a-2889-4c29-b570-425c779f86c3
203,Dropset,203-Dropset-03,17,0ee09e29-09a4-40d5-a78e-e4853c8b08d5.jpg,Workout detail (Legs focus),https://refero.design/screens/edc81f10-0d35-4845-bca8-70ed13f36fc6
203,Dropset,203-Dropset-03,18,4d023616-fcd8-4bac-bf41-a397fb65b342.jpg,Exercise context menu,https://refero.design/screens/00ff2e46-ca56-4899-a5cf-6d85f290e961
203,Dropset,203-Dropset-04,19,533b062a-2c1b-469b-a349-63eba90c48c8.jpg,Notes editor,https://refero.design/screens/33fc0e90-9119-47f8-845e-70c2e8fec130
203,Dropset,203-Dropset-04,20,b23281cb-5a60-4e7a-9fa7-d248d7d46086.jpg,Exercise trends & tags,https://refero.design/screens/b65e5b34-f910-4ede-b537-e4a0885f1563
203,Dropset,203-Dropset-04,21,b552dccc-9a2e-40d3-bcf4-c650d27ff78a.jpg,Interval details,https://refero.design/screens/44c1349d-32ba-4970-8793-6a9baf5142a4
203,Dropset,203-Dropset-04,22,501972d6-a5ca-4ff4-acce-44acfcba733f.jpg,Work — Round 1,https://refero.design/screens/4d351820-426d-46a5-9929-d0c28569880e
203,Dropset,203-Dropset-04,23,4f74bc90-1e29-4210-b452-9e1e6e3d8834.jpg,Rest — Round 1,https://refero.design/screens/475f4542-6aa5-41c0-87f0-52691840c696
203,Dropset,203-Dropset-04,24,c3335bb1-1989-42c3-8895-6745117d9251.jpg,Session complete summary,https://refero.design/screens/b0b455a1-e796-469c-af09-2e270c4fd3ce
203,Dropset,203-Dropset-05,25,8fec258b-e6c4-4a12-959b-a36b818d7f9c.jpg,Rest timer (picker open),https://refero.design/screens/9f06a4d5-e062-47cc-bc52-45831d4aed15
203,Dropset,203-Dropset-05,26,887767e7-6a54-4b93-b4b6-9721d8eef841.jpg,Weight input modal,https://refero.design/screens/ecde810c-a332-4f23-8e49-81f691d7939a
203,Dropset,203-Dropset-05,27,57558897-0d5e-4754-a040-d0acf31d3b2c.jpg,Open set actions menu,https://refero.design/screens/0eb67885-3377-49e7-8f81-7f9b9160e0ce
203,Dropset,203-Dropset-05,28,15a27d2f-932d-44ac-adc9-44f9d6db0a26.jpg,RPE picker — default value,https://refero.design/screens/69af214e-110e-4beb-b6b4-07cc4a93be37
203,Dropset,203-Dropset-05,29,78e1d842-54db-41cb-a719-8915f54e47b6.jpg,Pause or resume rest timer,https://refero.design/screens/fa95b96a-b5e4-4656-b24a-c4fcd8d7b4b4
203,Dropset,203-Dropset-05,30,ee2427fe-5d3f-4fb8-bf80-f3c2d4285415.jpg,Rest timer — choose scope,https://refero.design/screens/31c15e06-f5b6-4b53-85c3-6b0479af9651
203,Dropset,203-Dropset-06,31,04273d64-5f40-49d0-982c-7511d5341bcc.jpg,Rest timer — set duration & update,https://refero.design/screens/190e8355-8b9d-4a55-8e1f-89a591db3117
203,Dropset,203-Dropset-06,32,17d86728-4085-476e-a49d-3c274a6cbdb5.jpg,Save as template trigger,https://refero.design/screens/c84221b6-06ea-467b-8837-73baf1aa8f5b
203,Dropset,203-Dropset-06,33,844d0462-682b-4f46-9665-3dc5910745e5.jpg,Icon selection,https://refero.design/screens/dfc30ce7-24ff-4e72-9f01-b6205e7ac72d
203,Dropset,203-Dropset-06,34,1ae28f10-0a49-464e-8843-9d44b85e0e60.jpg,Reset tracked activity confirmation,https://refero.design/screens/b971e981-0261-46a6-8886-83606b64e6d0
203,Dropset,203-Dropset-06,35,d733fab8-be07-46a8-b0b9-542ca20d11d5.jpg,Active workout overview,https://refero.design/screens/214bd5c4-91c6-42a1-8d2e-c17b0561d057
203,Dropset,203-Dropset-06,36,5f8c5f3d-2bec-48e1-816c-3717d17f421c.jpg,Selection / contextual actions,https://refero.design/screens/68eba255-6c31-4509-8e6f-4e2c34a14cf4
203,Dropset,203-Dropset-07,37,0909c3b6-e12d-421a-977f-adbb7c60099a.jpg,Filter drawer — Body parts,https://refero.design/screens/cedd37f4-9857-421b-9c1c-33703532c33d
203,Dropset,203-Dropset-07,38,e682e9b3-1fba-497f-b3c3-0e08ad1304f8.jpg,Filter drawer — Switch to Equipment,https://refero.design/screens/fab0aab9-1738-4c22-a57c-ea4563447209
203,Dropset,203-Dropset-07,39,07cb56fa-7ad2-4c76-bf23-97535e314494.jpg,Library — Browse exercises,https://refero.design/screens/6890b34d-b119-4aa8-8e7e-2a11c0571913
203,Dropset,203-Dropset-07,40,f0b1a877-3385-45ae-8386-fd131a45fd77.jpg,Add exercise menu,https://refero.design/screens/4c61f22f-a6e6-4bc2-9952-0f5a2eac53ae
203,Dropset,203-Dropset-07,41,7a2b3a65-856a-444f-858c-cbf0769c98da.jpg,Select tracking type,https://refero.design/screens/a9d1f17f-8b44-4c24-93ed-133643188b56
203,Dropset,203-Dropset-07,42,b5a366a1-8a52-4c4c-bb68-81dc9667e1b4.jpg,Copy confirmation toast,https://refero.design/screens/fa348d28-3323-4e8b-9de3-0bc541ecaf7a
203,Dropset,203-Dropset-08,43,00fbb75b-29da-4905-8824-be0a9ae020bd.jpg,iOS Share Sheet,https://refero.design/screens/d73e158c-c0a0-48f7-afec-27101ce9f476
203,Dropset,203-Dropset-08,44,f0ab80a8-dbd3-4422-8059-07cc965da0a2.jpg,Pattern - choose pattern,https://refero.design/screens/1b0b61d0-d263-4e0f-a0e2-42fe4c560a4c
203,Dropset,203-Dropset-08,45,ad0b1a8b-abd9-44dc-bd12-3d6c8d5e2ec0.jpg,Layout — large preview,https://refero.design/screens/b8f94d7c-11a4-4c5a-8d6a-019a64840d39
203,Dropset,203-Dropset-08,46,4f94194e-2adb-4f31-b3b4-fc61103532fa.jpg,Confirm delete (bottom sheet),https://refero.design/screens/d8e88f82-6511-4c19-a183-d1a656457c38
203,Dropset,203-Dropset-08,47,933fc9f2-9c95-465a-aad5-305a3c43f280.jpg,Library (filtered),https://refero.design/screens/d025c778-dea9-44e5-b9f3-e00b65b65687
203,Dropset,203-Dropset-08,48,6937102f-16e7-4975-8318-01f658465bed.jpg,Weight entry — initial picker,https://refero.design/screens/779e2f1d-488e-41a1-a207-526eb41712c1
203,Dropset,203-Dropset-09,49,220abe17-12e1-4c63-a6e1-e87a40a5fb33.jpg,Share screen — default preview,https://refero.design/screens/18328102-7914-46f9-9261-c7d3b9e801f4
203,Dropset,203-Dropset-09,50,0206ef63-072a-4fd7-9fa3-dcf43e8f95ed.jpg,Photo Library Picker,https://refero.design/screens/f0503d85-7198-4154-b687-813eabaeb4b9
203,Dropset,203-Dropset-09,51,38656a3e-fc69-49ec-bcda-05fab94f2303.jpg,Date picker visible,https://refero.design/screens/9969becc-9da2-49f2-851d-150df7853d45
203,Dropset,203-Dropset-09,52,f6ac87dc-0e1c-4a77-abe6-69b96564fccb.jpg,Select time-of-day,https://refero.design/screens/805b992e-60bc-4ae9-b40b-5db9f4a42b7f
203,Dropset,203-Dropset-09,53,0548f65b-6a94-4224-be19-4fa56d0eaa76.jpg,Session detail (exercise checklist),https://refero.design/screens/4010510b-b2d6-437c-8963-aa7bae7cbea7
203,Dropset,203-Dropset-09,54,242947f1-ffa5-432a-9820-fbe2bbacb5df.jpg,Delete confirmation modal,https://refero.design/screens/79c46c5b-51da-47de-8a5c-bc3bd91ab0cf
203,Dropset,203-Dropset-10,55,fe0bd9e7-3f4c-41ff-a66b-9e8efa48791a.jpg,Sort options menu,https://refero.design/screens/deb5804b-2161-4e0f-a92a-362f427ece7a
203,Dropset,203-Dropset-10,56,b3bbcf24-889b-4a53-880b-28c4381efcdd.jpg,Weight overview (chart),https://refero.design/screens/ed3592d1-8ef2-40a7-9a3b-d176d2a783f4
203,Dropset,203-Dropset-10,57,8320c046-ecdd-4c31-8567-c248bbc00e28.jpg,Metric category picker,https://refero.design/screens/c69bc6d5-4e4f-4347-a320-0b2221552c20
203,Dropset,203-Dropset-10,58,21888af4-13f2-4b69-a995-b23f0ef7cc69.jpg,Empty search state,https://refero.design/screens/2eb8c21c-2445-4bd6-ba40-253e3877dcdc
203,Dropset,203-Dropset-10,59,23bd867c-1bff-4c43-b0bd-d87e1930498f.jpg,Sign in (landing),https://refero.design/screens/4f5166b5-f955-4b59-b413-8b3a2489c308
203,Dropset,203-Dropset-10,60,c2e44a94-768e-4b1a-a835-2ffc03ba4b2e.jpg,Picture Introduction,https://refero.design/screens/2b2847bf-678f-4208-9d5d-1a231daad336
204,Linear,204-Linear-01,1,013007d8-6e2e-425e-a09e-9efade3c2d88.jpg,,
204,Linear,204-Linear-01,2,04205379-4dcb-4f89-89fc-45bf2535d80a.jpg,,
204,Linear,204-Linear-01,3,04b2604e-8911-4242-9afd-385bcd695c32.jpg,,
204,Linear,204-Linear-01,4,0f36fa49-0f57-483b-b38f-7bc6e1f321de.jpg,,
204,Linear,204-Linear-01,5,10988ef6-e015-434b-b34c-e5faf41c1e07.jpg,,
204,Linear,204-Linear-01,6,19cd0938-0a7b-4cec-a94e-a1ca2b6088f4.jpg,,
204,Linear,204-Linear-02,7,1afc30e1-0303-47a6-84b3-7d855ac5f3c4.jpg,,
204,Linear,204-Linear-02,8,1d67ec5d-7fe7-4127-85a2-d7da7448eca2.jpg,,
204,Linear,204-Linear-02,9,24260506-103d-48b9-a892-638188c9d107.jpg,,
204,Linear,204-Linear-02,10,2601cea6-3dc1-4086-8211-833ec9742b60.jpg,,
204,Linear,204-Linear-02,11,2724604c-c868-4e4c-92ff-8696d04d974e.jpg,,
204,Linear,204-Linear-02,12,275cc929-84b9-4604-a644-32e48185f9fd.jpg,,
204,Linear,204-Linear-03,13,2b14bbb0-33a3-42d6-b326-d2d5b4d81f5b.jpg,,
204,Linear,204-Linear-03,14,39dcc768-5616-4438-803a-ea319c4ba8d3.jpg,,
204,Linear,204-Linear-03,15,40cc77bb-1f5a-47ef-ac6c-ea4688be6097.jpg,,
204,Linear,204-Linear-03,16,517ed951-e5fd-47c7-906a-0d856793c927.jpg,,
204,Linear,204-Linear-03,17,52b01c2d-30e2-407a-aec7-a969c30859e3.jpg,,
204,Linear,204-Linear-03,18,53f3e25e-96a1-4ac1-8f55-f3f82bf0c292.jpg,,
204,Linear,204-Linear-04,19,557f24ad-7ca2-493a-aa1b-e3af3ffa28ec.jpg,,
204,Linear,204-Linear-04,20,5769407f-788a-4f04-8885-f467ed188490.jpg,,
204,Linear,204-Linear-04,21,58074052-2059-4db6-bba6-66137df9b008.jpg,,
204,Linear,204-Linear-04,22,580b3620-a6f4-4e33-98fa-8bb9389fa250.jpg,,
204,Linear,204-Linear-04,23,59587594-b346-4c5b-8fbf-994fdbd9f821.jpg,,
204,Linear,204-Linear-04,24,59b6de3a-352f-492e-be7c-8496281ce824.jpg,,
204,Linear,204-Linear-05,25,5dda6d4b-bead-45d1-94db-12ad64097da8.jpg,,
204,Linear,204-Linear-05,26,5e381ed2-b68e-437f-9c24-792f8154dc07.jpg,,
204,Linear,204-Linear-05,27,6412d3c4-703b-4c7b-803c-7e902f78fb8a.jpg,,
204,Linear,204-Linear-05,28,6731f8ba-f4c1-401d-8fff-7b4b15f3bb08.jpg,,
204,Linear,204-Linear-05,29,6c11b555-1d06-4eac-b607-76437f68707c.jpg,,
204,Linear,204-Linear-05,30,703a64b6-07ef-4f28-8d08-adf27e173916.jpg,,
204,Linear,204-Linear-06,31,72830730-23dd-4c9e-a025-2b753115500c.jpg,,
204,Linear,204-Linear-06,32,74ab5aa9-e589-46a5-a413-901ea534a2eb.jpg,,
204,Linear,204-Linear-06,33,75cac1e3-15bb-419a-9962-0b9995327c9d.jpg,,
204,Linear,204-Linear-06,34,77ba7182-7b2b-44a1-8677-8e3e26cbc99b.jpg,,
204,Linear,204-Linear-06,35,79bb3026-74ca-4200-bc60-2719e9b0aef6.jpg,,
204,Linear,204-Linear-06,36,7bbd932a-1384-4fc5-b545-c67d4a2e0e6a.jpg,,
204,Linear,204-Linear-07,37,834d006d-b872-4d71-a0b7-0739f24da78f.jpg,,
204,Linear,204-Linear-07,38,85a62c96-cea4-4a63-b043-fd6be6e55c62.jpg,,
204,Linear,204-Linear-07,39,8fd2bf10-32fd-4336-ab7b-0c5ef90a32d1.jpg,,
204,Linear,204-Linear-07,40,9406ea10-9667-44da-9f0b-d275c7d16178.jpg,,
204,Linear,204-Linear-07,41,9965133d-c78d-4410-970c-59462c0b7f7d.jpg,,
204,Linear,204-Linear-07,42,9d746a9b-c5dd-486b-8785-73bac16f4b72.jpg,,
204,Linear,204-Linear-08,43,a34761a4-398b-4124-8f1f-6b3fd2fdabc0.jpg,,
204,Linear,204-Linear-08,44,a65e3ae5-6ac0-443d-a734-2a8dbfbd6cb2.jpg,,
204,Linear,204-Linear-08,45,a772a8bc-0190-4d28-8c6e-5d936840216a.jpg,,
204,Linear,204-Linear-08,46,aed28140-cc13-4497-855e-f2778f72e6f4.jpg,,
204,Linear,204-Linear-08,47,b217238e-7da4-40be-92e2-2d21251f38ce.jpg,,
204,Linear,204-Linear-08,48,b99a829d-b65f-4f71-b7d8-fab89e831e7d.jpg,,
204,Linear,204-Linear-09,49,bae16f54-1746-45e7-8aa1-998e213a61aa.jpg,,
204,Linear,204-Linear-09,50,bf084745-bcb4-41ac-a329-006c2784c21c.jpg,,
204,Linear,204-Linear-09,51,c60525c1-2a57-47e1-9586-a68da721cb19.jpg,,
204,Linear,204-Linear-09,52,c9d1dbda-fd22-470c-b625-457ac42a8236.jpg,,
204,Linear,204-Linear-09,53,d179631f-a672-44fe-bedf-3113290927b4.jpg,,
204,Linear,204-Linear-09,54,d77e6911-3cd3-40e6-a47d-933e098e6627.jpg,,
204,Linear,204-Linear-10,55,d9970dfa-6513-454a-af67-3fc51014b0a1.jpg,,
204,Linear,204-Linear-10,56,d9a081a8-56f3-4e4a-96d0-8b6e20018cb2.jpg,,
204,Linear,204-Linear-10,57,e08567c1-dfb8-4fe2-9229-bb27202ffa87.jpg,,
204,Linear,204-Linear-10,58,ec41601d-e266-4105-8d7e-55dc1feb8d81.jpg,,
204,Linear,204-Linear-10,59,f1468235-677e-4d1d-836a-002df8c3c1ce.jpg,,
204,Linear,204-Linear-10,60,fab9ff19-359e-4ef5-a334-8a7d3e4a3bbe.jpg,,
209,Moises,209-Moises-01,1,03473c7e-fdf0-4532-b84c-be7d5e12ec75.jpg,,
209,Moises,209-Moises-01,2,0616ad3e-a32c-42e7-a4e8-96cebc74f24d.jpg,,
209,Moises,209-Moises-01,3,09bcc8fa-5a62-49db-9e20-900e7a9ee0f4.jpg,,
209,Moises,209-Moises-01,4,1051efdc-24c4-49f6-a946-c3dfac92dcf2.jpg,,
209,Moises,209-Moises-01,5,18606943-5954-46cd-82b9-bc5162e1e271.jpg,,
209,Moises,209-Moises-01,6,1e2d0724-60ba-485f-8351-ce0884f08c2a.jpg,,
209,Moises,209-Moises-02,7,201441dd-16e7-48c8-868a-0d5efcaf992e.jpg,,
209,Moises,209-Moises-02,8,295c3b9d-921e-439c-856b-533b71e1c42f.jpg,,
209,Moises,209-Moises-02,9,2ba455c7-bc81-4877-99d5-a56370528872.jpg,,
209,Moises,209-Moises-02,10,2f979eda-9b73-44f1-970d-7b2893397591.jpg,,
209,Moises,209-Moises-02,11,31b3fb25-ba88-4b07-959e-be0910b685b1.jpg,,
209,Moises,209-Moises-02,12,31e591e8-c78d-4187-8ea4-7fab94cd1c45.jpg,,
209,Moises,209-Moises-03,13,3418c3c8-46ea-4707-a518-dd6d2902e832.jpg,,
209,Moises,209-Moises-03,14,38738186-b252-4398-b844-6e7fac8c69d7.jpg,,
209,Moises,209-Moises-03,15,38b44863-e44f-46b4-9ad2-95df9473172c.jpg,,
209,Moises,209-Moises-03,16,39837465-11b7-4c63-ae9b-2f2d1a6f96d5.jpg,,
209,Moises,209-Moises-03,17,4075377d-c754-4b7a-a40f-d471bc0fd517.jpg,,
209,Moises,209-Moises-03,18,42bb5bee-ea28-4c3d-87ee-695d5b04a5cb.jpg,,
209,Moises,209-Moises-04,19,44968397-ddb2-470b-abb8-f782e4937e1a.jpg,,
209,Moises,209-Moises-04,20,4f9bfcca-d40e-4799-895c-cd619f01c317.jpg,,
209,Moises,209-Moises-04,21,539c12ef-68ab-4b9d-a2c8-286c3f1d8b4f.jpg,,
209,Moises,209-Moises-04,22,56a72b7f-a492-416c-af2d-1888e5bd73d7.jpg,,
209,Moises,209-Moises-04,23,5a349604-d5a3-4b32-923f-1f0cda926790.jpg,,
209,Moises,209-Moises-04,24,625607e0-e65e-4611-8e34-75be61be7e6e.jpg,,
209,Moises,209-Moises-05,25,638bc015-455f-400c-96a0-0a477deeac0a.jpg,,
209,Moises,209-Moises-05,26,651a6bab-4a83-4671-b25f-61ae3d200fd1.jpg,,
209,Moises,209-Moises-05,27,6a0bb7eb-ca62-430a-997b-7be2249f350f.jpg,,
209,Moises,209-Moises-05,28,6c69e0c0-a478-4e02-9ae5-9298c57282c2.jpg,,
209,Moises,209-Moises-05,29,70387345-e838-4363-8061-e769e979fd0a.jpg,,
209,Moises,209-Moises-05,30,723756d2-5d58-481a-9638-3324aeb26905.jpg,,
209,Moises,209-Moises-06,31,73f9782a-af6f-47cd-9238-05ffa2c53c79.jpg,,
209,Moises,209-Moises-06,32,799a7303-f50a-4dbd-a2ec-647b353fe54b.jpg,,
209,Moises,209-Moises-06,33,79a0eb24-393f-4a02-b784-0c69ac695789.jpg,,
209,Moises,209-Moises-06,34,7aa96008-97b5-446a-aace-d9ad74d8a409.jpg,,
209,Moises,209-Moises-06,35,7ae0ddf6-847a-4a96-8fda-238f1c48b525.jpg,,
209,Moises,209-Moises-06,36,8330b33b-7d94-48d8-8e84-e90f0f511abf.jpg,,
209,Moises,209-Moises-07,37,866faa7a-d157-40f6-969a-ee7a6306e7ba.jpg,,
209,Moises,209-Moises-07,38,8ec638be-ecc1-489b-8179-566cc0678f8d.jpg,,
209,Moises,209-Moises-07,39,91505927-9971-4931-a136-bcbdb0d93e2d.jpg,,
209,Moises,209-Moises-07,40,91790425-2267-41f7-974d-2671c4da9dab.jpg,,
209,Moises,209-Moises-07,41,91ec536e-f276-4e1e-b9de-74d1c7dbb24d.jpg,,
209,Moises,209-Moises-07,42,99239a9f-9eed-4855-88c9-6912dde0081f.jpg,,
209,Moises,209-Moises-08,43,a54935d2-2c79-4511-a6fe-2117e17d8d50.jpg,,
209,Moises,209-Moises-08,44,aa789e3f-6388-41c3-9036-07212566c92e.jpg,,
209,Moises,209-Moises-08,45,abf04b43-4fd8-463a-97bc-6f45495bb124.jpg,,
209,Moises,209-Moises-08,46,ad9c67e2-b3c2-4dd6-ba60-20f9c3778a9f.jpg,,
209,Moises,209-Moises-08,47,ad9e3868-3dd0-499e-8306-7db219157606.jpg,,
209,Moises,209-Moises-08,48,ae2e8151-df81-4cec-9d26-bbce29f4727d.jpg,,
209,Moises,209-Moises-09,49,d19bf14c-ad0c-443f-a86c-4b867658042f.jpg,,
209,Moises,209-Moises-09,50,d452a1b7-4fdb-467a-af0c-5d7095b8add8.jpg,,
209,Moises,209-Moises-09,51,d8345f24-dbb3-4058-8a67-dfa2234db26f.jpg,,
209,Moises,209-Moises-09,52,de09f1db-0bbd-4ccc-a861-2f016bf53d93.jpg,,
209,Moises,209-Moises-09,53,def2021a-990c-42cd-9f96-ae56749f44a0.jpg,,
209,Moises,209-Moises-09,54,e0ea9207-ae09-487b-8d12-cd9f424bca59.jpg,,
209,Moises,209-Moises-10,55,e54ddb63-3386-453a-9d71-d7e3db263015.jpg,,
209,Moises,209-Moises-10,56,ed969984-ef27-4ca4-8864-b386aa806c25.jpg,,
209,Moises,209-Moises-10,57,f20f9e6a-88bd-40cd-a757-bc941eace17e.jpg,,
209,Moises,209-Moises-10,58,f4189cd4-ab89-4ff5-93e4-3fbedac61976.jpg,,
209,Moises,209-Moises-10,59,f444cb38-4472-42dc-b3af-f205fc4199bd.jpg,,
209,Moises,209-Moises-10,60,f8853217-0b35-4f1c-aa24-a0cf35ced40a.jpg,,
211,Train Fitness,211-Train Fitness-01,1,e054fd1c-389c-4e32-a5e2-6458480ebf1a.jpg,Account Overview,https://refero.design/screens/29b205c8-7068-4d83-8e20-59b663ebb157
211,Train Fitness,211-Train Fitness-01,2,eab1b298-8bbd-4d85-a481-64bb5b339964.jpg,Explore,https://refero.design/screens/141a0d7a-237c-45fd-af12-632e4d09cb43
211,Train Fitness,211-Train Fitness-01,3,31870a16-29bf-4c81-a764-9dee6a5266e7.jpg,Workout Home,https://refero.design/screens/e11e33a2-cc5a-412b-9f1b-a9239d8ce73f
211,Train Fitness,211-Train Fitness-01,4,3916acf3-b02e-45b8-a10c-40bd2bc8c99c.jpg,Feed — Content Loaded,https://refero.design/screens/788cdaf0-33db-4fda-95e6-e135a74f22be
211,Train Fitness,211-Train Fitness-01,5,e8e97413-e2bb-47fc-8d76-8610396d547d.jpg,Marketing carousel — hero,https://refero.design/screens/a4dba6ad-8a12-4426-bd10-1c5e00df785a
211,Train Fitness,211-Train Fitness-01,6,4fe08a75-b08d-4ff8-b419-58b1710e4a96.jpg,Edit Profile (start),https://refero.design/screens/4c7bacb8-f310-47ea-a8e7-775fd2fd7872
211,Train Fitness,211-Train Fitness-02,7,0b46eccc-2196-4cc0-a323-feeef54da38a.jpg,Referral Landing,https://refero.design/screens/7522b8b2-675e-41ad-ada3-f4ee8f80e715
211,Train Fitness,211-Train Fitness-02,8,0b3e9e85-f32b-4e39-b916-2d06f70ac3ca.jpg,Workout Summary,https://refero.design/screens/9ad674f4-a031-491d-bcd3-fba556f608a5
211,Train Fitness,211-Train Fitness-02,9,99feb66d-9d3a-4f49-873b-89f9478e5237.jpg,Workout detail,https://refero.design/screens/82d57008-294f-4dae-9339-1dac30342e6b
211,Train Fitness,211-Train Fitness-02,10,b7fa830f-803e-46c6-b4b2-29dd0b23ab8f.jpg,Comments list — initial,https://refero.design/screens/e93ed0ac-db14-4dae-a57f-0188cf62631c
211,Train Fitness,211-Train Fitness-02,11,71bfedd6-0578-4aad-b367-9d32bab6e7ad.jpg,Workout Detail — default view,https://refero.design/screens/09ce771f-6a65-49cc-8fa8-0f98f6e0ab23
211,Train Fitness,211-Train Fitness-02,12,76b46632-be9b-460f-8d8f-172b899778bc.jpg,Search - People tab (initial),https://refero.design/screens/87935090-0e9b-4159-8a6e-69df173b66f6
211,Train Fitness,211-Train Fitness-03,13,365fdfdd-2a30-4a66-8530-758aac6510c6.jpg,Profile Feed (Activity List),https://refero.design/screens/0628a0ab-928b-4952-b3e2-fead46216a09
211,Train Fitness,211-Train Fitness-03,14,648847dd-4288-4e96-acb6-fa18ad059671.jpg,Open Comments / Focus Composer,https://refero.design/screens/e8fad544-ebbe-4649-8c10-2af37a601922
211,Train Fitness,211-Train Fitness-03,15,6c3ef504-d4a9-4118-932e-ba1377173a8e.jpg,Template overview,https://refero.design/screens/ccb18f59-d8e3-4dc2-8195-28dfcd3770da
211,Train Fitness,211-Train Fitness-03,16,67974072-5f13-44a7-ad8d-1a56b6f38bc3.jpg,Template overview,https://refero.design/screens/6ed2aee8-3846-4679-8c2c-e294fad654d5
211,Train Fitness,211-Train Fitness-03,17,d576e6bb-ecce-40a9-961b-a3de54c94099.jpg,Exercise Card — Default metric (Rest) shown,https://refero.design/screens/24912ac0-7130-4043-8dff-bb9b27253be6
211,Train Fitness,211-Train Fitness-03,18,43876aac-c042-4ac9-9713-b0010c6c1f74.jpg,Select and edit set row,https://refero.design/screens/2545cac0-bbe1-42ab-bf11-474b3b6d2843
211,Train Fitness,211-Train Fitness-04,19,c96a3227-ad18-4379-b4af-bb569b7a513c.jpg,Active workout — exercise list,https://refero.design/screens/88498a97-fdf3-49d8-89f3-fd0bbf48ff27
211,Train Fitness,211-Train Fitness-04,20,0098a576-b72f-47e0-b749-1b9e922e0876.jpg,Workout editor — suggested exercise card,https://refero.design/screens/4f8e63cc-2750-43a7-91e6-8adb457448a4
211,Train Fitness,211-Train Fitness-04,21,1879005a-c6ab-4064-a723-23568aff8751.jpg,Search with suggestions,https://refero.design/screens/7fd5f168-a666-4d0d-a056-45fc58833cf0
211,Train Fitness,211-Train Fitness-04,22,7fe22025-bee6-482a-8814-fd685e553d39.jpg,Search results with selections,https://refero.design/screens/8f9eab52-b7a4-4664-9af2-105f47a52701
211,Train Fitness,211-Train Fitness-04,23,b128f251-d1fe-4f21-b4c4-6b0bd5221b6a.jpg,Workout – Superset view,https://refero.design/screens/8ecde8df-ad6b-47b6-b45e-295b78c3c4c9
211,Train Fitness,211-Train Fitness-04,24,1f8804f5-6bcb-40a9-9e72-f7599e2f5536.jpg,Exercise Detail View (Initial),https://refero.design/screens/6247ec93-0d2a-4f4e-b9ec-a661d41922ac
211,Train Fitness,211-Train Fitness-05,25,5b36598f-83d2-4c60-98fc-c33680dad27b.jpg,Promotional Hero + Primary CTA,https://refero.design/screens/f7a97d79-30e9-4a7b-9662-2ccf96d8b709
211,Train Fitness,211-Train Fitness-05,26,68b90044-b13b-4b7e-8856-092b3f85c0fd.jpg,Workout detail (empty image),https://refero.design/screens/5ec526bf-baa0-45c5-9596-7c4716ae793a
211,Train Fitness,211-Train Fitness-05,27,95e37f93-2b1a-45d7-b456-9dd76e8bec15.jpg,Workout Details (Perceived Effort row),https://refero.design/screens/cf3f0355-1989-41f5-a20b-97bec74da6ab
211,Train Fitness,211-Train Fitness-05,28,1b7a8265-3659-413a-9dd2-98a4daf0e7a7.jpg,Workout Details — initial,https://refero.design/screens/e234334d-3c73-4f00-8b4e-81851a185d01
211,Train Fitness,211-Train Fitness-05,29,6f99d4ac-b20a-4b50-a96a-97f925a0611a.jpg,Feed — Feedback Prompt,https://refero.design/screens/de8540be-7e37-4b1d-b765-6fc8565e78e4
211,Train Fitness,211-Train Fitness-05,30,1458bbca-1e11-4e7f-9d28-4dea1d4b1d1d.jpg,Feed - Workout Card,https://refero.design/screens/339fa852-9a6f-4192-b93e-f0e7d83453fe
211,Train Fitness,211-Train Fitness-06,31,094cc729-b0d0-4bf4-94cd-8f8e40cab51b.jpg,Workout Detail (initial),https://refero.design/screens/f0da3d09-865a-415d-b7f9-72d4a852d27c
211,Train Fitness,211-Train Fitness-06,32,62e38e9d-f933-4c04-8384-4c68f1592ee3.jpg,Workout Detail — Initiate Add Photo,https://refero.design/screens/c1c806ff-3706-4ab6-adb1-5844ea3d9649
211,Train Fitness,211-Train Fitness-06,33,e6227156-6314-4414-9f8f-7d4be12dac06.jpg,Workout detail view,https://refero.design/screens/cd5835f0-8d9d-4201-96b3-76bcc7ec6cef
211,Train Fitness,211-Train Fitness-06,34,6d3ce199-db58-4921-bb1f-551f9f958e04.jpg,Excluded Exercises — empty state,https://refero.design/screens/6b455ff2-a58b-4356-acce-0037e56df6ac
211,Train Fitness,211-Train Fitness-06,35,7badd8de-7a09-4895-bde2-e387d8b99409.jpg,Search — Auto-Detected results,https://refero.design/screens/f0591280-30fa-48fc-a9cd-b0c9ebe78a58
211,Train Fitness,211-Train Fitness-06,36,2ed8f564-23f2-415a-a9a6-0e0dcbfd399d.jpg,Search - Exercises list,https://refero.design/screens/138b93a3-1ae2-4cc7-98ed-39bfca1fb577
211,Train Fitness,211-Train Fitness-07,37,8c51859e-9cfb-4457-8ba3-0e4670848779.jpg,Workout Home — My Templates entry,https://refero.design/screens/94666d01-5352-4452-a627-c5e1f67cd311
211,Train Fitness,211-Train Fitness-07,38,71981c10-fe20-40dc-99a4-5a7e28d2f3cd.jpg,Settings — Subscription entry,https://refero.design/screens/6e01d84e-815e-4b50-a1ed-f303901e23b6
211,Train Fitness,211-Train Fitness-07,39,cca7c42e-a4f8-4867-887d-9f5f10d333cd.jpg,Settings — Data & Privacy,https://refero.design/screens/1958a229-b5f5-4051-b33c-2cb9f40d692f
211,Train Fitness,211-Train Fitness-07,40,5841b9d2-f56a-49a9-bdbc-826f8ee7f272.jpg,Settings — Get Involved,https://refero.design/screens/8a956d5e-d29e-40b8-b50d-cbdd26857837
211,Train Fitness,211-Train Fitness-07,41,8d6c318c-15a7-4a8e-a297-10989de3f96c.jpg,Report form (empty),https://refero.design/screens/a7acc89b-d512-4866-89c1-3ce82a8dce13
211,Train Fitness,211-Train Fitness-07,42,27f3893b-a870-49b9-af60-ea35f5987be5.jpg,Onboarding Hero,https://refero.design/screens/2fb6d312-9940-437d-a2bf-47c6fb92f517
211,Train Fitness,211-Train Fitness-08,43,7c377f69-7736-4c46-8021-e1fde6bbae82.jpg,Login,https://refero.design/screens/cc9d5b82-3fa0-47a9-922b-1d5217e07a21
211,Train Fitness,211-Train Fitness-08,44,ab06c4dc-9bf8-4158-a435-4910870ebb2a.jpg,Account overview,https://refero.design/screens/9edc543a-4859-4f6f-b2f9-fc0b76c695fb
211,Train Fitness,211-Train Fitness-08,45,2d39165d-7195-43d9-b7eb-b2a774a74e2a.jpg,Edit Profile (updated),https://refero.design/screens/8f982214-ba68-4ce6-ba16-f9276f966d3a
211,Train Fitness,211-Train Fitness-08,46,782f96b5-518d-4b73-93ed-522ccdc301db.jpg,Copy Confirmation,https://refero.design/screens/6a404033-b871-4bdc-b922-ebf1262095ab
211,Train Fitness,211-Train Fitness-08,47,8390e9da-dbdd-4370-8142-834a5205c30a.jpg,Social Action — like/comment,https://refero.design/screens/fe883654-29a7-42ba-a37a-3b459291804e
211,Train Fitness,211-Train Fitness-08,48,8a936f02-3864-4be2-97c9-fd10e9913cfc.jpg,Favourite Confirmation,https://refero.design/screens/462467fe-e0bc-43c1-b9a0-e30c74094123
211,Train Fitness,211-Train Fitness-09,49,0659d231-a6e8-4dc3-a10b-673ce7e0310e.jpg,Welcome Onboarding,https://refero.design/screens/f6fb2c75-7fa2-4629-b8f7-757c2eef5871
211,Train Fitness,211-Train Fitness-09,50,102285af-40dd-4bba-b6d5-f858be310ae5.jpg,Final State - Updated Post,https://refero.design/screens/d20fa1fc-2e91-4fb4-a8e5-7f998f870922
211,Train Fitness,211-Train Fitness-09,51,2fd6941f-8080-4f7c-9e00-b32cdab36786.jpg,Feed with deletion feedback,https://refero.design/screens/a945bf36-e08f-4227-815f-6f61a71e16c1
211,Train Fitness,211-Train Fitness-09,52,66c65705-d89e-418e-b158-604e4230ce91.jpg,Generated Template,https://refero.design/screens/a5de8fd5-33ce-4b30-bf6a-563d7ea3c268
211,Train Fitness,211-Train Fitness-09,53,d0f3bb34-1c01-435c-95f0-c504b1d3bf35.jpg,Excluded Exercises — populated list,https://refero.design/screens/e5f32826-14c6-428f-a749-70e83a397d40
211,Train Fitness,211-Train Fitness-09,54,68921114-937c-4c88-8f68-dee13fdbee2e.jpg,Search — Custom filter results,https://refero.design/screens/a90a7830-3548-4474-8051-14e40d7ea408
211,Train Fitness,211-Train Fitness-10,55,a9082ef9-7e25-4d1c-bd96-6c4805019b83.jpg,Search results — Templates tab,https://refero.design/screens/76f69a17-79fd-443c-8785-d2cc38ceef3a
211,Train Fitness,211-Train Fitness-10,56,65eb9c48-a048-47dd-b4f4-70f985660f34.jpg,Workout Home — My Templates updated,https://refero.design/screens/60769aa1-12b6-4d5d-a3e2-904a6c8b52dc
211,Train Fitness,211-Train Fitness-10,57,8aed03bc-4839-4901-aca6-1b9911de1617.jpg,Cancelled state & renew CTA,https://refero.design/screens/6a206599-f96e-4731-8362-4efbc5c43cff
211,Train Fitness,211-Train Fitness-10,58,a1cb6a8c-9080-4aba-8179-5a40c843a788.jpg,Troubleshooting,https://refero.design/screens/48c0a7ac-c780-4b54-b75a-7939599cbcb8
211,Train Fitness,211-Train Fitness-10,59,19d7e363-0043-4075-a28f-627b8f6e1da3.jpg,Confirmation Modal,https://refero.design/screens/546458be-cc69-482e-8e7c-7e041aaa6ec6
211,Train Fitness,211-Train Fitness-10,60,5882a17c-b243-4026-80a9-9fb39253f278.jpg,Confirmation on Settings,https://refero.design/screens/8b86dae8-7446-4608-9f75-abdb4018ce00
212,SSENSE,212-SSENSE-01,1,4edabc13-9aaf-4b66-87fb-ca10a04413ad.jpg,Onboarding: Department Selection & Notifications — Select De,https://refero.design/screens/5a72accc-c784-4f6a-bb1c-48c121d47c6c
212,SSENSE,212-SSENSE-01,2,8bdf4b35-a37c-4443-a439-feef2cbcdd05.jpg,Onboarding: Department Selection & Notifications — Shop / Ho,https://refero.design/screens/f3a67daa-7414-41d7-998b-b9a69f5363aa
212,SSENSE,212-SSENSE-01,3,5733f127-ccda-410f-861f-f7e4f1f932cc.jpg,Menswear Catalog Browse — Category listing,https://refero.design/screens/2548557e-5015-44f5-97b9-4f6e476806d8
212,SSENSE,212-SSENSE-01,4,c70271b6-52b3-437b-b5d0-26d47bfa7b7b.jpg,Menswear Catalog Browse — Sorted results displayed,https://refero.design/screens/10e37c10-eadc-4c15-b33c-72aa797852e6
212,SSENSE,212-SSENSE-01,5,2aa6b0b8-e1d2-4426-a726-df8303c4b2db.jpg,Filter & Refine Menswear — Designers – Multiple Selections,https://refero.design/screens/48c5901b-d1e9-47a9-9e01-320697e40141
212,SSENSE,212-SSENSE-01,6,b2b27bab-97d9-4f92-89da-6c4f2d303aec.jpg,Filter & Refine Menswear — Categories – Pick 'Pants',https://refero.design/screens/ec044115-ba25-461e-8c4b-4f8e69611686
212,SSENSE,212-SSENSE-02,7,b8be9212-dbb4-4dbb-88b7-4afaa81bd4e8.jpg,Filter & Refine Menswear — Categories – Select 'Cargo Pants',https://refero.design/screens/f7e2c5bc-6bef-4fe1-b8ee-ae0e38eb1d2c
212,SSENSE,212-SSENSE-02,8,3c515045-4478-45b5-aad3-3b8783f8543a.jpg,Filter & Refine Menswear — Sizes – Select '36',https://refero.design/screens/6fd43baf-b919-4fd8-a120-5a3992a5af2f
212,SSENSE,212-SSENSE-02,9,0be3644c-b82a-4daf-9d5d-4d1795bd15da.jpg,Filter & Refine Menswear — Filtered Product Listing,https://refero.design/screens/8ebe9808-bb80-4d8a-89e5-7f2b4df7a106
212,SSENSE,212-SSENSE-02,10,70ac2031-6823-4b1a-bff6-37a552bbf4b5.jpg,Save Filter Preset — Save Confirmation and Return,https://refero.design/screens/ea61317b-2bbc-45be-a3e9-96984babbc2d
212,SSENSE,212-SSENSE-02,11,2a55fbdb-8ddd-4ef4-84c2-7e3a7dba267e.jpg,Add product to bag with size selection — Product Detail,https://refero.design/screens/a235a03e-784d-4470-a85f-84d42d97fecd
212,SSENSE,212-SSENSE-02,12,7a7482a6-8cc0-47b7-8a68-f4adb2759fe7.jpg,Add product to bag with size selection — Add Confirmation Ba,https://refero.design/screens/8194a000-47af-43e4-aefc-2776055ac84d
212,SSENSE,212-SSENSE-03,13,241ef8ff-429e-4728-bf87-f485150fb9af.jpg,Product Share via Messages — Messages composer with product ,https://refero.design/screens/1e347fdf-379e-4c95-90c8-c1e5d0a7e605
212,SSENSE,212-SSENSE-03,14,1acaf372-ad24-4e44-a0f7-dfc60d036815.jpg,Account registration and login entry — Profile - Logged Out,https://refero.design/screens/1b594950-bf3b-452f-bf9f-7835360bea37
212,SSENSE,212-SSENSE-03,15,78414f82-ea73-4f84-bd6b-1d1322e40cbf.jpg,Account registration and login entry — Newsletter Preference,https://refero.design/screens/ad5657eb-389b-4d36-8f91-2612db36691b
212,SSENSE,212-SSENSE-03,16,7c5e5e60-ab2c-4aed-9692-b7cfc1102a2c.jpg,Account registration and login entry — Profile - Logged In (,https://refero.design/screens/5fabc778-cff2-43d9-b7f4-da1eff49a001
212,SSENSE,212-SSENSE-03,17,750d45dc-0e69-4c0a-b7b3-c25184f452e5.jpg,Product detail — size selection & wishlist — Wishlist confir,https://refero.design/screens/aaedb371-3af2-49d5-8e41-b4cd7ffc3784
212,SSENSE,212-SSENSE-03,18,9fb383ff-2655-4350-95cf-4101c3f90c59.jpg,Add to Bag from Product Detail — Product detail view (before,https://refero.design/screens/4b6fadbc-1de9-4dd7-a39c-9e662a671a87
212,SSENSE,212-SSENSE-04,19,f40fabfc-bd08-4239-85d2-61eda12ac9df.jpg,Search & Results Discovery — Shop feed / Search entry,https://refero.design/screens/3dbe7ca4-b059-4470-93ca-4f6c09ad7fd5
212,SSENSE,212-SSENSE-04,20,a494cf88-9fb6-49f4-b59d-c0d3ad38d65d.jpg,Search & Results Discovery — Numeric query entry,https://refero.design/screens/16c9b300-b8dc-4782-9c0e-2ab09f0fe6c6
212,SSENSE,212-SSENSE-04,21,311e6105-f146-400e-8197-f9030fe99d71.jpg,Search & Results Discovery — Empty results state,https://refero.design/screens/6fd49a1f-4201-4e8a-bc0b-2f2bd1ed0599
212,SSENSE,212-SSENSE-04,22,6fcaa739-032f-4b90-9933-e9e7c87819f1.jpg,Search & Results Discovery — Search results listing,https://refero.design/screens/bd81416b-078e-4cab-b5af-899404506b30
212,SSENSE,212-SSENSE-04,23,efb3c5cf-4257-496f-aac5-1f265b170edf.jpg,Choose Size and Save Item — Product Detail (default),https://refero.design/screens/f872e5fc-80da-4502-b806-982403ec29cc
212,SSENSE,212-SSENSE-04,24,f8ff7e7d-9759-42e3-8341-c8ac4e8d3cec.jpg,Choose Size and Save Item — Wishlist Confirmation,https://refero.design/screens/4d0a5d5b-e4fc-45b8-a797-3a1fb1bb70b8
212,SSENSE,212-SSENSE-05,25,da486a24-aadc-46f9-81aa-a71dd23eac9e.jpg,Wishlist Management — Wishlist Overview,https://refero.design/screens/65ffd73e-14f2-4331-93a3-4487d2921020
212,SSENSE,212-SSENSE-05,26,70e4bc5c-507e-4aac-86dc-dc3fa4645b64.jpg,Wishlist Management — Action Confirmation and Updated List,https://refero.design/screens/77fbbc7e-838b-43f4-b6df-c01e3e4cd17c
212,SSENSE,212-SSENSE-05,27,92af84aa-1035-4384-b1a3-249d0be9b5c9.jpg,Shopping Bag - Remove Item and Checkout — Shopping Bag — Ite,https://refero.design/screens/f58f0cbe-715e-41b7-a866-35211940c724
212,SSENSE,212-SSENSE-05,28,569c2e8d-6a1a-4b48-a13a-4ad5bf02a8de.jpg,Checkout — add address & card — Shopping Bag,https://refero.design/screens/60ccbaea-77cf-4a42-88cc-ccab42672de8
212,SSENSE,212-SSENSE-05,29,273f9903-7621-41e1-a294-b577f875b221.jpg,Checkout — add address & card — Street address autocomplete,https://refero.design/screens/34353b83-f14a-44a0-86dd-52e7a3dfc63f
212,SSENSE,212-SSENSE-05,30,ab7088db-5617-4f36-ae79-1a83db501c07.jpg,Checkout — add address & card — Phone entry & save options,https://refero.design/screens/feafaa54-059e-45d7-9bb3-9ffdf1f7bb1c
212,SSENSE,212-SSENSE-06,31,59061976-3449-4761-80bf-a628ed44d0e9.jpg,Checkout — add address & card — Add Credit Card (card detail,https://refero.design/screens/1a4b08a9-99d8-4ac6-90c6-99802edf6d7a
212,SSENSE,212-SSENSE-06,32,73c5d498-93a0-46b3-a36e-926d526ccd78.jpg,Checkout — add address & card — Checkout — payment selected,https://refero.design/screens/f3c08e0d-7f78-4ea1-8431-d4da0c323e13
212,SSENSE,212-SSENSE-06,33,2a0fe936-ece1-405f-a5b7-f159012d6cbd.jpg,Checkout — add address & card — Post-error state / next step,https://refero.design/screens/50810c2b-80ee-434f-b8a3-13bcf5f2f614
212,SSENSE,212-SSENSE-06,34,76748111-1d45-4a32-aab7-eeefbe4d1121.jpg,Add Shipping Address During Checkout — Checkout (shipping un,https://refero.design/screens/042735f7-fc8c-429a-a7dd-7993829e2204
212,SSENSE,212-SSENSE-06,35,a4c671e2-2d6f-449a-bd49-e94170bcee63.jpg,Add Shipping Address During Checkout — Save Address,https://refero.design/screens/81632f7b-49e1-4c69-a811-05856354e521
212,SSENSE,212-SSENSE-06,36,45b6c20f-59ad-4ed0-9acc-2fae90bfe0e4.jpg,Add Shipping Address During Checkout — Checkout (shipping po,https://refero.design/screens/68d8a19a-9f61-4e58-981f-f36894355351
212,SSENSE,212-SSENSE-07,37,e05b7680-8d27-436a-b17f-3d7d8d336add.jpg,Add Credit Card During Checkout — Checkout summary (payment ,https://refero.design/screens/82803455-4b24-4f40-a201-571c962fa2b4
212,SSENSE,212-SSENSE-07,38,ddb98907-07d0-4daa-ab25-fddabedbbdf6.jpg,Country/Region selector — Open selector / empty search,https://refero.design/screens/af5cbe57-c094-4f6c-88bb-c30e90b43880
212,SSENSE,212-SSENSE-07,39,9ccb7edf-d82a-4df9-bbd5-2a1c182654d7.jpg,Country/Region selector — Filtered results list,https://refero.design/screens/ea2a76c3-9b03-4ad1-9168-74fcda4aa335
212,SSENSE,212-SSENSE-07,40,3c884fe3-3482-456b-9bf4-922a47db38dd.jpg,Sign in to view wishlist — Profile (unauthenticated),https://refero.design/screens/bb8d8f33-842f-41ad-b261-c43236023f4d
212,SSENSE,212-SSENSE-07,41,df6b5eb0-c35f-42ac-b3f4-d512fd13376a.jpg,Sign in to view wishlist — Credentials populated,https://refero.design/screens/8eb6630d-d6bf-4ec0-9cad-118eb5cb0578
212,SSENSE,212-SSENSE-07,42,0aa4c36d-bb4e-460e-a50b-f4f6c6774af7.jpg,Sign in to view wishlist — Profile (authenticated) — Wishlis,https://refero.design/screens/c0b5ba30-414f-4c94-8222-3f86a8bfbc42
212,SSENSE,212-SSENSE-08,43,f2d91be6-4594-494d-b651-8689d139ca3d.jpg,Password recovery and reset — Login attempt with error,https://refero.design/screens/6c83ced7-1a26-4ee8-b310-d6d5c8dedfa8
212,SSENSE,212-SSENSE-08,44,923c6d6c-2f60-4068-baed-678b44bd36c2.jpg,Password recovery and reset — Sending state,https://refero.design/screens/6913126d-8bb1-4e73-adea-d502525c7bc8
212,SSENSE,212-SSENSE-08,45,d31e4da4-c4e2-4945-82ca-d89e1805c270.jpg,Password recovery and reset — Open reset link (reset form),https://refero.design/screens/9d0abf6f-5d11-48a9-ba02-5542d698332e
212,SSENSE,212-SSENSE-08,46,4ee3cc26-8959-4729-ab0d-a6c941084827.jpg,Password recovery and reset — Password entry with validation,https://refero.design/screens/2968aa11-c1fe-4181-9eff-1efb1901823b
212,SSENSE,212-SSENSE-08,47,342d5822-82ce-4ba7-8edb-0ab008847bf6.jpg,Password recovery and reset — Submit new password,https://refero.design/screens/199eda13-80cd-4ee8-90bf-acdfb87a877d
212,SSENSE,212-SSENSE-08,48,3fb5bbad-f14c-4e3c-a6ae-de89a4afb24f.jpg,Password recovery and reset — Account details (post-reset),https://refero.design/screens/51c55d6f-2d81-4000-af00-5ed01198c62c
212,SSENSE,212-SSENSE-09,49,1b94fe7c-957d-4ad6-b75f-454e63eceb81.jpg,Splash — wordmark,https://refero.design/screens/293f2bd9-6821-466f-b4ce-29933c48acb8
212,SSENSE,212-SSENSE-09,50,592a19cb-5580-4687-9aaa-d0de495f207f.jpg,Home — shop new arrivals,https://refero.design/screens/00d5e1c4-6d28-401d-9cd4-f73c2efe2c2a
212,SSENSE,212-SSENSE-09,51,da384013-845a-4ee2-8fda-6ff0c3fbf9b6.jpg,Home widget — new arrivals list,https://refero.design/screens/85c9aa59-318d-471e-ae7a-de82a6ed2e05
212,SSENSE,212-SSENSE-09,52,d07f65c3-21b9-45ce-be36-a9c31b83db5c.jpg,Home widget — new arrivals image,https://refero.design/screens/f294bfb4-b84d-4550-95df-c1d64d7a636f
213,PayPal,213-PayPal-01,1,121b88b3-9c19-44fa-a676-1a478143601d.jpg,Home - balance and send,https://refero.design/screens/bf796101-a446-4992-a07f-22af0afae23d
213,PayPal,213-PayPal-01,2,24630276-6a0f-4b58-aeb6-da72577da8c9.jpg,Home - balance and recent activity,https://refero.design/screens/ea350fba-88d5-47b2-8f56-120bdbfdb191
213,PayPal,213-PayPal-01,3,c1dcd9fe-f89a-42eb-8522-23e3eea143b7.jpg,Home - card with quick actions,https://refero.design/screens/44afa118-9a20-4e2e-8fc5-d3605f5a2b21
213,PayPal,213-PayPal-01,4,2f367027-d0ad-4a7d-877e-a93d20eabd5c.jpg,Wallet tab - balance card,https://refero.design/screens/43cd0ec6-9031-43e7-87a7-5293b9b55444
213,PayPal,213-PayPal-01,5,9479c1d2-a756-4654-b48d-186f35fb9063.jpg,Rewards tab - empty state,https://refero.design/screens/f8e85c67-e1a4-4a86-869f-30d9fd864727
213,PayPal,213-PayPal-01,6,bf204288-3a0d-482b-9aff-578b4da4f490.jpg,PayPal balance detail,https://refero.design/screens/047d3e6e-e8df-430d-8953-c28be8a4c771
213,PayPal,213-PayPal-02,7,30043e25-0604-454d-999c-dd2011055ea0.jpg,Balance transactions - empty state,https://refero.design/screens/8a83be36-882e-4c17-a873-26b832725a7f
213,PayPal,213-PayPal-02,8,24bda526-0a2f-4551-a737-6aa795f05961.jpg,Notifications list,https://refero.design/screens/51ddaaf7-e341-45b2-a265-bb1de546044c
213,PayPal,213-PayPal-02,9,0884ab4b-00f6-4460-9427-45c1c2da48cc.jpg,Loyalty card added toast,https://refero.design/screens/e3bb911f-bfd7-4a6b-93c8-8009fd1e47fa
213,PayPal,213-PayPal-02,10,60197e86-3394-4b62-bec5-8dc7102fb7c7.jpg,Signup - Welcome / Splash,https://refero.design/screens/f438400b-0781-46b3-8d39-28f2df260c87
213,PayPal,213-PayPal-02,11,176e10c4-ee9f-47ba-89c0-534fe03b3041.jpg,Signup - Enter email (empty),https://refero.design/screens/d345dac8-3ad1-439e-89bc-f32a783daeec
213,PayPal,213-PayPal-02,12,95723017-ee41-4dd2-b4b3-fd32e6ad87a0.jpg,Signup - Enter SMS code (modal),https://refero.design/screens/604a1a82-3524-4f91-94e7-dbb8e7235a1b
213,PayPal,213-PayPal-03,13,3ba18d61-de58-40ec-b8d7-bae54d8f1d02.jpg,Signup - Notifications opt-in screen,https://refero.design/screens/545fa6bd-3b67-483c-bc65-04bdb4242b59
213,PayPal,213-PayPal-03,14,2fb9fb78-396a-4f8b-b7f0-6c234f98d97d.jpg,Signup - Completion and Home,https://refero.design/screens/80efeab8-459f-4792-b094-14809bf2cbe4
213,PayPal,213-PayPal-03,15,42a616ec-92d0-41fa-bf68-e65a8842caed.jpg,Sign in - Enter email / identifier,https://refero.design/screens/b5777aca-5628-4910-9b0a-fdaf78213710
213,PayPal,213-PayPal-03,16,c7116a74-1b5d-4890-ad81-6d2f31c0d174.jpg,Sign in - Landing on account home,https://refero.design/screens/b588b30c-55fa-4b0b-b7d7-d5918cfde150
213,PayPal,213-PayPal-03,17,42c735f1-3ad9-4085-9652-c03ca36b7f3f.jpg,Password reset - Login attempt (error shown),https://refero.design/screens/87f66c86-9e38-4156-a374-44f14e81cc3d
213,PayPal,213-PayPal-03,18,05dc4911-a6f0-42ae-9a7e-69045835a196.jpg,Password reset - Create a new password (empty),https://refero.design/screens/9cd65475-391a-43fa-9424-58136939f284
213,PayPal,213-PayPal-04,19,ceaabd01-d7d2-4a8b-8318-f5a154a9e5fd.jpg,Password reset - Password creation confirmation,https://refero.design/screens/aac0e846-0cc2-4fbf-b3bd-761d873b3d7f
213,PayPal,213-PayPal-04,20,c4e9f295-e82e-41c0-9a61-eebc09cbab31.jpg,Preferred payment - Wallet overview,https://refero.design/screens/b045386f-87da-4572-beef-c845093ea814
213,PayPal,213-PayPal-04,21,8e61f9e6-c4c7-4201-9d4e-816301b8d5ad.jpg,Preferred payment - Preferred when paying online (list),https://refero.design/screens/c83a0eb6-cbf3-4275-a8cc-e6046b848fa4
213,PayPal,213-PayPal-04,22,5b1dfbbd-c408-4dd9-84ba-691e9a0ce7e5.jpg,Preferred payment - Confirmation and updated Wallet,https://refero.design/screens/53b2cd6f-b769-4cea-b952-bb5ff920b2b4
213,PayPal,213-PayPal-04,23,88985d39-9775-490e-bd57-80079a1fb0c1.jpg,Send - Send & Request hub,https://refero.design/screens/141cfe02-dfda-4ecd-8831-cdab3cda5316
213,PayPal,213-PayPal-04,24,821de8a7-daa2-4d13-8433-db1203d322f9.jpg,Send - Choose a currency (list),https://refero.design/screens/920f85ea-07ba-411a-9c5f-e0eae818d847
213,PayPal,213-PayPal-05,25,4e13f877-04b1-4f9a-be04-f1d3c6a2e501.jpg,Send - Sticker gallery,https://refero.design/screens/5ee75549-9fd7-42cd-a0e6-c5cbbb1f9f8b
213,PayPal,213-PayPal-05,26,9ed62084-9190-468f-a3c3-bd73452685f6.jpg,Send - Choose payment type,https://refero.design/screens/ae4d87df-9f3c-432e-a2f0-30907cc492d7
213,PayPal,213-PayPal-05,27,0c029d04-f94c-4f47-af73-d7a75dc03c6b.jpg,Send - Recipient cannot accept payments error,https://refero.design/screens/ba3cdd17-0aa3-48cf-829c-7028207ee40a
213,PayPal,213-PayPal-05,28,4b1e0f88-fcbf-48b6-ae24-19dd225e8f11.jpg,Send - Final review and send,https://refero.design/screens/9f05b7e7-df64-4f0e-b6dd-b01b7f848b14
213,PayPal,213-PayPal-05,29,1dcc3d2a-030b-4b19-af04-20031e3a6c06.jpg,Send - Transaction confirmation,https://refero.design/screens/7c59f510-d294-45d6-a9ca-569e46ebb695
213,PayPal,213-PayPal-05,30,bcfa0e6d-afef-4c1d-a6fb-1da273ce17b4.jpg,Request - Contact History / Actions,https://refero.design/screens/69b07eef-ea80-4ed8-9619-237bbb46cf73
213,PayPal,213-PayPal-06,31,abd727cc-1748-4201-a2d1-c7430cf31487.jpg,Request - Request Sent / Success,https://refero.design/screens/7d54c17f-d3db-42b2-9f47-11fe4e65b28e
213,PayPal,213-PayPal-06,32,78801d4f-d866-4de4-bb7c-37b20cd5c56c.jpg,Request sent - pending,https://refero.design/screens/c2c01a33-6000-49f1-b77a-d03b374358fe
213,PayPal,213-PayPal-06,33,05d963b8-7a69-4ba2-8918-887f9967122c.jpg,Contacts - Search by phone - no matches,https://refero.design/screens/4bcf6d57-b3aa-468a-8d58-388fc2b11d61
213,PayPal,213-PayPal-06,34,df7c49ab-fb2b-4c23-88a0-1cd7937fd320.jpg,Block contact - Block confirmation modal,https://refero.design/screens/34767b49-2ca6-49b9-9c60-cbb2cfc162a3
213,PayPal,213-PayPal-06,35,cf8056e2-abbc-41b4-bd7c-45418efca67e.jpg,International - Country selection,https://refero.design/screens/adcfe00b-cc84-46b6-ac53-1764d429574e
213,PayPal,213-PayPal-06,36,c2067f2f-dc22-4219-bfc6-364b49559f23.jpg,International - Recipient bank details,https://refero.design/screens/c02e70d3-11aa-4c86-aa2d-71ca4cf4ca6d
213,PayPal,213-PayPal-07,37,f25a0a2d-6a95-4e5b-96ce-77eef4dafe69.jpg,International - Add new card - input fields,https://refero.design/screens/62a349bc-5051-45d5-b5ce-6da2b3a6eddb
213,PayPal,213-PayPal-07,38,b71d5c5f-ec0d-49eb-ac83-2188ccd9c636.jpg,Donate - Fundraiser detail,https://refero.design/screens/32e67baa-8793-48b8-b38e-094cdd080932
213,PayPal,213-PayPal-07,39,db7feab8-ff19-4d12-ae4e-55d9ebe9a9cf.jpg,Donate - Card declined error,https://refero.design/screens/143c67bc-4ba1-48e1-8ab8-b386a1c89205
213,PayPal,213-PayPal-07,40,cb90ab18-9259-4b9e-ad27-94b7d20b73dc.jpg,Fundraiser - Give hub,https://refero.design/screens/c849b4d4-7111-417a-ae29-ffbd313c573e
213,PayPal,213-PayPal-07,41,d8b99747-00aa-4c96-893e-d64b30cf73b2.jpg,Fundraiser - Choose a charity,https://refero.design/screens/e74a1004-0776-4f87-bf7d-38b9cbb959fd
213,PayPal,213-PayPal-07,42,207c9201-c3cd-461c-88a5-681e21b5c75b.jpg,Fundraiser - Preview fundraiser,https://refero.design/screens/5937a8ec-ca3f-45f1-9075-e1384add25b3
213,PayPal,213-PayPal-08,43,4fb89758-92d4-47a6-ae38-a0f24c57b2f9.jpg,QR - Photo library permission prompt,https://refero.design/screens/7ceb566c-32e3-4d1c-b5d8-ce87937913ea
213,PayPal,213-PayPal-08,44,338ce043-543c-4cb9-bd9e-d26478b84a23.jpg,QR - View Personal QR code,https://refero.design/screens/c79d1eca-3f2b-4a6b-a977-d7ade097ef56
213,PayPal,213-PayPal-08,45,02dfd314-232c-476b-8e20-c505df45a01e.jpg,QR - Seller QR code card,https://refero.design/screens/de837170-451d-4179-b323-197231aca997
213,PayPal,213-PayPal-08,46,0921f868-a266-44c3-be7c-96650947434c.jpg,QR - scan tab,https://refero.design/screens/a701c99d-554b-47d4-9001-b91610837430
213,PayPal,213-PayPal-08,47,2109f693-8300-4fcc-9450-0e7e031753bb.jpg,Share profile - System Share Sheet,https://refero.design/screens/0f6d68e4-0e80-4abb-94db-3316bc480488
213,PayPal,213-PayPal-08,48,ed8fdf8f-1a0c-496e-bec3-ad9582aa6fdc.jpg,Profile - settings card,https://refero.design/screens/1921b9de-0af1-4ebd-bd15-1f37d8a29543
213,PayPal,213-PayPal-09,49,77c9c209-c161-40d6-86f1-ddb486e6f25a.jpg,Edit profile - cover and avatar,https://refero.design/screens/9a60519c-4524-4e91-9f97-3693ce730ac5
213,PayPal,213-PayPal-09,50,ecb57282-1cb6-4fe7-9eec-5e9e7dcdfc07.jpg,Profile updated toast,https://refero.design/screens/014784c6-1720-458d-b774-96619c9f46dc
213,PayPal,213-PayPal-09,51,fca72f1c-6c7d-40e2-abbe-70d49488c3bc.jpg,Profile - loading skeleton,https://refero.design/screens/c149d3ec-3146-453d-b100-31bb329f9ea1
213,PayPal,213-PayPal-09,52,84afe8db-00e6-4f46-b9f6-ef6ed3bb89ec.jpg,Package tracking - Link email provider selection,https://refero.design/screens/e2e47352-a759-4199-bf62-98c060b07e44
213,PayPal,213-PayPal-09,53,b49720d8-1c78-4511-b207-84f042192f6b.jpg,Package tracking - Google consent and permission review,https://refero.design/screens/12f3a592-b435-4b0f-808f-36e5c98d1ded
213,PayPal,213-PayPal-09,54,b17d01c3-35cc-43a4-80e0-d85ad8370ed6.jpg,Activity - Filter screen (defaults),https://refero.design/screens/c60ef6a0-82cf-47d2-b309-6cf931cbcd40
213,PayPal,213-PayPal-10,55,933c1289-c0b5-4942-9872-00afc6f8f1d2.jpg,Activity - No-results empty state,https://refero.design/screens/270f032b-73eb-4b03-9ec1-c2c00e247375
213,PayPal,213-PayPal-10,56,b492e45c-f421-4bf2-9b36-554a92606fdf.jpg,Assistant - Assistant greeting and quick options,https://refero.design/screens/97fd2dff-dd5f-4266-86be-8e5dc6c1c345
213,PayPal,213-PayPal-10,57,acfe2496-cbac-4933-97f5-3e93c79c85d6.jpg,Assistant - Assistant provides step-by-step answer,https://refero.design/screens/24441931-fdd5-4c41-a6b7-07f5d5dbd5d0
213,PayPal,213-PayPal-10,58,5a63832d-6cbb-46fc-b745-e0c3eff9e865.jpg,Delete account - Manage your data list,https://refero.design/screens/ed850916-f36f-4086-90e6-6c2995f1f9a7
213,PayPal,213-PayPal-10,59,6467aeec-c13f-40cb-b740-e61d544e0eaf.jpg,Delete account - Deletion info & prerequisites,https://refero.design/screens/e29fbd3b-a841-429f-8d9f-764877a397a1
213,PayPal,213-PayPal-10,60,f6d1d6b6-78b2-4ea1-984b-0ab3cf142bda.jpg,Delete account - Request received confirmation,https://refero.design/screens/fc3c8045-d185-4725-b581-19a46a16c3f9
222,(Not Boring) Camera,222-(Not Boring) Camera-01,1,01688950-d975-4073-81a6-a20500b2f8c7.jpg,,
222,(Not Boring) Camera,222-(Not Boring) Camera-01,2,093259f2-9a59-44d1-9eb3-b168f059f846.jpg,,
222,(Not Boring) Camera,222-(Not Boring) Camera-01,3,0dba4efb-bb6a-4d3d-b943-58f2c7453a1f.jpg,,
222,(Not Boring) Camera,222-(Not Boring) Camera-01,4,0e9939b6-58bc-4c5b-86a1-72f1252cf8a9.jpg,,
222,(Not Boring) Camera,222-(Not Boring) Camera-01,5,0f649326-bb2b-46c3-8e41-25f82d41ba23.jpg,,
222,(Not Boring) Camera,222-(Not Boring) Camera-01,6,2eb356f3-dc98-4015-8eea-4b7019b3663b.jpg,,
222,(Not Boring) Camera,222-(Not Boring) Camera-02,7,30593990-a650-44dd-a127-a1061ba923ad.jpg,,
222,(Not Boring) Camera,222-(Not Boring) Camera-02,8,36a640ff-268a-4d6f-a689-1057635bb49d.jpg,,
222,(Not Boring) Camera,222-(Not Boring) Camera-02,9,42d637aa-6f74-408a-ad92-b1b7f5b8835b.jpg,,
222,(Not Boring) Camera,222-(Not Boring) Camera-02,10,47d23df8-84cc-4af9-a938-77119b6147fc.jpg,,
222,(Not Boring) Camera,222-(Not Boring) Camera-02,11,4e8b5a61-ce04-45e9-847b-4fee85645df5.jpg,,
222,(Not Boring) Camera,222-(Not Boring) Camera-02,12,4f351b88-70cf-4409-9497-c6bc39eac3aa.jpg,,
222,(Not Boring) Camera,222-(Not Boring) Camera-03,13,537812fb-42bc-4fa2-ae16-e20ea9f9fdaa.jpg,,
222,(Not Boring) Camera,222-(Not Boring) Camera-03,14,62791e94-284b-4e86-9318-13525635937f.jpg,,
222,(Not Boring) Camera,222-(Not Boring) Camera-03,15,65d59d8d-478c-4a48-9cac-57d64c509167.jpg,,
222,(Not Boring) Camera,222-(Not Boring) Camera-03,16,797c8fa5-8ae0-430a-8f79-8a428def2315.jpg,,
222,(Not Boring) Camera,222-(Not Boring) Camera-03,17,79b8af7d-a02a-47af-a31d-3bfc5f378bb4.jpg,,
222,(Not Boring) Camera,222-(Not Boring) Camera-03,18,80d0b7d6-f527-41e7-995f-9903d3eece93.jpg,,
222,(Not Boring) Camera,222-(Not Boring) Camera-04,19,84d56c21-be0d-4761-b820-9c31300ba4bf.jpg,,
222,(Not Boring) Camera,222-(Not Boring) Camera-04,20,8daa6daa-9ad4-42c3-9506-e9ea316f363d.jpg,,
222,(Not Boring) Camera,222-(Not Boring) Camera-04,21,960e6373-3813-47e4-8415-a12e26f2fd07.jpg,,
222,(Not Boring) Camera,222-(Not Boring) Camera-04,22,a4eee6d5-e7c0-472d-bcb2-cfb146fc485c.jpg,,
222,(Not Boring) Camera,222-(Not Boring) Camera-04,23,a8ce0b68-f829-4693-a0a4-8ef0eccdf4bd.jpg,,
222,(Not Boring) Camera,222-(Not Boring) Camera-04,24,ad5dc9f7-3cba-4314-af3c-04ebf08c795d.jpg,,
222,(Not Boring) Camera,222-(Not Boring) Camera-05,25,afe29c72-9e67-4361-bd88-ef85fbb610a2.jpg,,
222,(Not Boring) Camera,222-(Not Boring) Camera-05,26,b2cf10f2-e63f-424c-92b4-ad7a6ee7f1fd.jpg,,
222,(Not Boring) Camera,222-(Not Boring) Camera-05,27,b849cd4f-83a8-42c4-b137-059c9e732844.jpg,,
222,(Not Boring) Camera,222-(Not Boring) Camera-05,28,c5a9fff4-8729-414b-a47a-e8fceaedd9fc.jpg,,
222,(Not Boring) Camera,222-(Not Boring) Camera-05,29,ce6b86c8-a34b-49f6-aecb-fed251c6f8d9.jpg,,
222,(Not Boring) Camera,222-(Not Boring) Camera-05,30,d0c6ffa5-8496-4b60-a7a4-ec4f5e8d38bd.jpg,,
222,(Not Boring) Camera,222-(Not Boring) Camera-06,31,de62a3aa-61bc-4922-af05-35c0240ecb01.jpg,,
222,(Not Boring) Camera,222-(Not Boring) Camera-06,32,eb91a260-911f-49b1-8ebe-e57ce61b81b6.jpg,,
222,(Not Boring) Camera,222-(Not Boring) Camera-06,33,fcfc8931-8924-4126-86b2-e65cf7fe86f1.jpg,,
222,(Not Boring) Camera,222-(Not Boring) Camera-06,34,ff4936e9-0e65-4a32-a1ed-2ceaad41f9e2.jpg,,
226,Sora,226-Sora-01,1,03dae0bf-a26f-4382-8fec-4e8d3ee59cba.jpg,,
226,Sora,226-Sora-01,2,0a619563-5cec-40f8-988b-e8aa50c4aadf.jpg,,
226,Sora,226-Sora-01,3,0b3fa080-dff0-40d7-ba1a-3a0310741d55.jpg,,
226,Sora,226-Sora-01,4,0f022408-215b-46e0-9cc7-ca6b3743b8e4.jpg,,
226,Sora,226-Sora-01,5,109cddd5-6f1a-4469-94c6-054a9f3535ce.jpg,,
226,Sora,226-Sora-01,6,11d84d2e-1a53-4319-869a-1bd97a35ed33.jpg,,
226,Sora,226-Sora-02,7,173646a0-30ff-44b9-8072-5db7c1ebbdf4.jpg,,
226,Sora,226-Sora-02,8,1a32eb67-fc37-4179-b066-26e1345c6637.jpg,,
226,Sora,226-Sora-02,9,230adf83-4ff4-46b8-863a-73f3675393e9.jpg,,
226,Sora,226-Sora-02,10,274f6e56-cc5f-4389-a886-97bb86ad04f8.jpg,,
226,Sora,226-Sora-02,11,27de45e1-9b38-4a61-866f-3c0c85c9f7d5.jpg,,
226,Sora,226-Sora-02,12,27f7597e-d7ba-4c6a-995f-92e21dc3ae2a.jpg,,
226,Sora,226-Sora-03,13,2e4f3ffe-d7a0-4389-8e03-7038b89f3ca7.jpg,,
226,Sora,226-Sora-03,14,2e9eeaae-73e7-4e23-b0eb-2a8351bd08e3.jpg,,
226,Sora,226-Sora-03,15,307b74a4-bb33-4342-ad67-961942f24d14.jpg,,
226,Sora,226-Sora-03,16,348636bd-0f22-4fd9-a165-c654bf9c9098.jpg,,
226,Sora,226-Sora-03,17,38476212-2866-46b2-aa15-c8d788a40c21.jpg,,
226,Sora,226-Sora-03,18,3b695a18-c903-4eb6-81d6-17639b542f3a.jpg,,
226,Sora,226-Sora-04,19,3bc035a9-1206-4477-8988-608caadbd93c.jpg,,
226,Sora,226-Sora-04,20,3c79e5cf-35bc-4704-b894-2686d5ddd352.jpg,,
226,Sora,226-Sora-04,21,41a1ed37-415a-484a-af67-9e762ec53f0e.jpg,,
226,Sora,226-Sora-04,22,42ea3cf8-2927-4028-9bba-1f2b88f0d085.jpg,,
226,Sora,226-Sora-04,23,4816c83d-9b2c-4a89-8bc5-958e566c83b1.jpg,,
226,Sora,226-Sora-04,24,52df0a39-af94-4585-987c-52135cab3935.jpg,,
226,Sora,226-Sora-05,25,597e7cb7-89e2-478a-8c89-bba3d570eda2.jpg,,
226,Sora,226-Sora-05,26,59b30a8e-d4b4-44c8-a1d4-9d6a18aa671e.jpg,,
226,Sora,226-Sora-05,27,5cb4fd08-ea0e-4159-83c2-026f976a7ed2.jpg,,
226,Sora,226-Sora-05,28,61660bbc-ef3b-408d-bf49-7ff88e45866c.jpg,,
226,Sora,226-Sora-05,29,6a52896e-3a99-4bd8-9de4-2837ba08fd22.jpg,,
226,Sora,226-Sora-05,30,6b238662-0190-4f71-9847-003a864b9548.jpg,,
226,Sora,226-Sora-06,31,73dfdaab-091f-47d9-929d-6f07fc412cb9.jpg,,
226,Sora,226-Sora-06,32,7a8374e7-3fca-4d6f-adeb-a39fd490e4ca.jpg,,
226,Sora,226-Sora-06,33,7b5c57cb-1160-4aad-8eec-4f093535f6e4.jpg,,
226,Sora,226-Sora-06,34,7df8c559-270d-45bf-96d1-100f525ba4e5.jpg,,
226,Sora,226-Sora-06,35,93759698-a07c-4387-a9fd-3bbbb06870a3.jpg,,
226,Sora,226-Sora-06,36,a0f431f0-dba9-4bcf-8008-b47e21f10b19.jpg,,
226,Sora,226-Sora-07,37,a4c07845-2ac2-4fbe-8926-9be31ea91b91.jpg,,
226,Sora,226-Sora-07,38,af64b8ab-0205-4da0-8835-927416ebde14.jpg,,
226,Sora,226-Sora-07,39,b151dbb7-893a-459d-860d-1570bdec1ee0.jpg,,
226,Sora,226-Sora-07,40,b1f2c805-be5c-4698-a8c0-7e1096137e26.jpg,,
226,Sora,226-Sora-07,41,b7f81184-8a75-47ae-8816-bf02af87e6e3.jpg,,
226,Sora,226-Sora-07,42,b8dff88b-6e3a-4b95-b7d8-a7f140ea3718.jpg,,
226,Sora,226-Sora-08,43,c012d0f8-a2cd-4abb-bec9-7478880e0cd8.jpg,,
226,Sora,226-Sora-08,44,c31d0046-47a2-4925-9506-743b065e2714.jpg,,
226,Sora,226-Sora-08,45,c79499f7-e80c-4894-85ab-366d176a5719.jpg,,
226,Sora,226-Sora-08,46,d08ad735-067d-46f1-851b-0572c167f04f.jpg,,
226,Sora,226-Sora-08,47,d1437a86-a3a8-4aa9-922a-e02b509ee989.jpg,,
226,Sora,226-Sora-08,48,d30fc09c-6cb5-44eb-8249-5daca2024ffb.jpg,,
226,Sora,226-Sora-09,49,d39cee2a-04e3-417d-95a6-ead130e1b91a.jpg,,
226,Sora,226-Sora-09,50,d45dfe9b-8e35-4191-8fd3-d6eab49b99aa.jpg,,
226,Sora,226-Sora-09,51,d61bc643-f1e0-4e63-ac6a-3b14b2f9caab.jpg,,
226,Sora,226-Sora-09,52,d765d11f-505a-4e6e-a4f6-08c16981ce76.jpg,,
226,Sora,226-Sora-09,53,d7b21021-5618-4dd1-b2ec-268ec4b7a1e7.jpg,,
226,Sora,226-Sora-09,54,db79b0da-0a91-4102-9dcd-7651061542bd.jpg,,
226,Sora,226-Sora-10,55,e0af48c4-1965-42f4-a35a-1ad5b90d1378.jpg,,
226,Sora,226-Sora-10,56,e436b22c-d190-424f-9a6b-482b21c4f4a1.jpg,,
226,Sora,226-Sora-10,57,e618755c-1868-43c9-ada8-fa46a5232c33.jpg,,
226,Sora,226-Sora-10,58,e61c6a44-4549-4463-b37f-aecbd2930662.jpg,,
226,Sora,226-Sora-10,59,ff4097a6-43c6-43e1-ad6c-139536cb7d11.jpg,,
226,Sora,226-Sora-10,60,ffe70ada-bb10-400c-b7e5-94b23178b2f3.jpg,,
234,komoot,234-komoot-01,1,4e282a84-7eb2-4744-8cd1-3fd189efd64a.jpg,Auth Landing,https://refero.design/screens/eb1d9563-ab6f-4334-b150-513381f2c27e
234,komoot,234-komoot-01,2,97c88d08-1ab3-4189-9484-032e2b11fa5a.jpg,Password prompt,https://refero.design/screens/ba0f2a27-6368-4afc-ae1a-78d569b5eaf1
234,komoot,234-komoot-01,3,cb8aa500-17ba-4556-a849-2cea22e65dcc.jpg,Home feed (authenticated),https://refero.design/screens/4ab8b905-49c2-44c0-995c-872f85c792aa
234,komoot,234-komoot-01,4,38a2abc6-d3b3-415b-8c58-b9abb2120cd9.jpg,Routes map - initial,https://refero.design/screens/bca4ad5f-fa60-4349-b6ca-be3a088c77fe
234,komoot,234-komoot-01,5,491cf220-a068-4095-9946-65cfef56c908.jpg,Map with start pinned,https://refero.design/screens/7539aeda-da48-4829-b1e2-40ccf3af57bb
234,komoot,234-komoot-01,6,3841b6ab-890a-46b2-8a14-581efd3beee6.jpg,Route options menu,https://refero.design/screens/e2457036-9072-44c3-b2aa-c550561a5206
234,komoot,234-komoot-02,7,b386ec59-bab8-4160-bb86-a6dc592a8ee0.jpg,Category search results list,https://refero.design/screens/40b88c25-b4e2-4988-8879-8e68cd8bb579
234,komoot,234-komoot-02,8,ac788165-951f-4065-b098-88a5c12be8f1.jpg,Updated route preview with waypoint,https://refero.design/screens/4b915119-4da1-469f-ac8a-7d96764f65d7
234,komoot,234-komoot-02,9,80b26b96-0e43-49c3-a1fe-47e204a26ddf.jpg,Full route summary (profile),https://refero.design/screens/f46e7b4f-384a-46d2-bfb8-920d61826061
234,komoot,234-komoot-02,10,e98849cb-e34f-480f-beda-5c05f78f4ebb.jpg,Name route and save,https://refero.design/screens/49441620-05c7-4afd-9476-3675382e4f64
234,komoot,234-komoot-02,11,0f5504c5-d9d3-467d-b7a2-cd7209632b3d.jpg,Route map (topographic) with place card,https://refero.design/screens/f8fb2e6c-957b-4601-90a6-4fc4d81e4c4e
234,komoot,234-komoot-02,12,35659ee1-fb04-421a-8f6b-960d40c9d77c.jpg,Open 'Select a map' sheet,https://refero.design/screens/7962ac84-c2ac-4db9-9950-0d359ca55444
234,komoot,234-komoot-03,13,d24135d1-281b-4ee2-b90d-dc8050e9a7c8.jpg,Select Komoot satellite map (triggers consent),https://refero.design/screens/57169063-d0ef-44db-a0b3-f5b262edd3cd
234,komoot,234-komoot-03,14,b4d64f1e-2779-4bd4-b57b-960efd03e46b.jpg,Select a map sheet (satellite checked) and layers,https://refero.design/screens/d1872d5a-f801-437f-9e91-0a10a3fb359c
234,komoot,234-komoot-03,15,1d4f57b9-cb26-440a-910d-dd2f0a631f60.jpg,Route map updated (satellite tiles),https://refero.design/screens/51832f17-6b87-48ee-887c-532a306590e5
234,komoot,234-komoot-03,16,8cc4cc43-80ba-4089-a452-71cb02f949b3.jpg,Route detail (map + stats),https://refero.design/screens/bd81c929-15d9-4d57-bf26-b9a07d8b3107
234,komoot,234-komoot-03,17,c6c17e49-e5e2-49ea-b355-ab50a23f7857.jpg,iOS share sheet,https://refero.design/screens/2a591df7-8031-4c67-a773-0553a662af15
234,komoot,234-komoot-03,18,67ad2643-da78-4581-9a1d-1e98a6407a20.jpg,Messages composer with link preview,https://refero.design/screens/3c48bc8f-a984-4ee1-b16a-d7f51c3f5183
234,komoot,234-komoot-04,19,2c044a17-aeeb-4e9f-87ce-0f6b668e8d56.jpg,Saved routes list,https://refero.design/screens/b30da41d-2d98-44f0-87c7-7608a365e3a6
234,komoot,234-komoot-04,20,c2daa144-1134-40d2-8de0-40525aa208d7.jpg,Reveal delete action,https://refero.design/screens/66368d2d-c0be-45a5-b51c-cb9023108d08
234,komoot,234-komoot-04,21,13f05f91-064a-48fe-bf6c-cfcebb0d7819.jpg,Confirm permanent deletion,https://refero.design/screens/72a8ec89-9ce7-46bc-b8d0-a96dbc110d9f
234,komoot,234-komoot-04,22,95651e70-f3d2-442a-8f56-67999a00c1db.jpg,Updated saved routes list,https://refero.design/screens/25860c2d-add5-45f1-83e8-8a1d401d7192
234,komoot,234-komoot-04,23,b319e62d-7d40-432d-bbed-263ab0db0b22.jpg,Saved routes list — All sports,https://refero.design/screens/7408b116-7f96-4ea4-9cdd-22c99223fd3d
234,komoot,234-komoot-04,24,99769b13-cb9b-41ba-bd52-6fbc8e8410bd.jpg,Select a sport modal,https://refero.design/screens/1c2a4913-78ce-4adb-98ed-7940053ae13f
234,komoot,234-komoot-05,25,11acb46e-13e7-4757-81fb-91b207f710df.jpg,Saved routes list — Sport filter applied,https://refero.design/screens/c5adbc55-02c1-4c29-9ad5-f390a76faa89
234,komoot,234-komoot-05,26,136df330-fc75-41f5-8612-6fa30cf81b92.jpg,Route Details,https://refero.design/screens/709fbcc9-1ba7-408d-9d70-7335b7ed714c
234,komoot,234-komoot-05,27,2afc7fca-4278-465b-b25f-3a8fbf3e4ed5.jpg,Privacy Settings (initial),https://refero.design/screens/7a434479-add8-4e5d-ad40-3383b5e29cbb
234,komoot,234-komoot-05,28,00082908-12e9-4567-88df-a68a2cd0fd93.jpg,Privacy Settings (change selection),https://refero.design/screens/3a42f46d-6e72-4741-8815-89fcbc7e9cbc
234,komoot,234-komoot-05,29,f95915d7-c384-41c2-8724-4cbf2dcc4310.jpg,Profile overview,https://refero.design/screens/713fd64a-f4ed-46a3-b1ef-828b0f335f15
234,komoot,234-komoot-05,30,966f2257-2dab-474a-ba2e-b14c673e8e4d.jpg,Native photo picker,https://refero.design/screens/e145cd84-721c-45e4-bbf7-e5bdc04c276d
234,komoot,234-komoot-06,31,bcf24d2e-3296-4aeb-88c9-9e8f78f048b5.jpg,Website editor (input),https://refero.design/screens/c50d71dc-b6e5-4f85-a7f1-472ada58a29a
234,komoot,234-komoot-06,32,91ff952a-78c6-4972-895b-b705aeeb66f0.jpg,Edit About (bio) content,https://refero.design/screens/9e4303b5-848e-4fb4-976f-fabaca6e80f6
234,komoot,234-komoot-06,33,d116d0f8-87e6-4789-bb99-1975083b48f8.jpg,Additional information (non-editable),https://refero.design/screens/9ee298c3-c72d-46f9-9d86-7897dd783116
234,komoot,234-komoot-06,34,9d574c2c-2313-4743-b183-eec9b43b4afe.jpg,Profile Overview,https://refero.design/screens/7e3effbb-9721-4068-bce1-788a48ec2732
234,komoot,234-komoot-06,35,6f990e28-be26-4aa6-a5df-26ac2fb67746.jpg,Profile QR & Share Options,https://refero.design/screens/bf425525-2f53-488b-93e2-449875d98cee
234,komoot,234-komoot-06,36,b5637124-a1ff-4878-b0f9-310f18f9a538.jpg,System Share Sheet,https://refero.design/screens/8252519f-2e92-47cb-9076-ad3c9d368302
234,komoot,234-komoot-07,37,1633bdab-052f-46ed-b036-a1146fab48d3.jpg,Message Composer with Link Preview,https://refero.design/screens/50c7430c-7583-4c4f-9cc9-5965aa018464
234,komoot,234-komoot-07,38,645ffe7b-c89f-4950-a218-9417fcefd0ea.jpg,Copy confirmation,https://refero.design/screens/2ecf69cf-b8b3-40da-9d1b-16cb6903c95f
234,komoot,234-komoot-07,39,5e61fb99-13e9-4cdc-a766-6ae8c27de36c.jpg,Controls menu,https://refero.design/screens/b23138f9-6a70-4d8c-a6c7-ec8c306676f9
234,komoot,234-komoot-07,40,5e26794b-73a5-4516-925e-2c5a6377618f.jpg,Live Tracking enabled — share CTA,https://refero.design/screens/4d7a0aac-4b8f-442b-ba8c-dd474d0ae8b8
234,komoot,234-komoot-07,41,2e98932a-4c7d-4717-bff6-5482efe30798.jpg,Manage contacts list,https://refero.design/screens/d786ab2c-dbcf-4a38-ace4-9eab88e33c32
234,komoot,234-komoot-07,42,3d2306c8-0cbd-433b-8127-b38ea90be7a1.jpg,Map with Live Tracking overlay,https://refero.design/screens/32fa8032-8a6c-4a32-b2b8-8950d899039e
234,komoot,234-komoot-08,43,6fab3ccc-049b-46d8-a796-a6003ce03421.jpg,Highlight detail view,https://refero.design/screens/22c2107a-f60a-4203-b79e-7928fe6a844a
234,komoot,234-komoot-08,44,effe1dd7-8c4a-4b27-9fb1-aa7adb8b1d41.jpg,Suggest an Edit — introduction,https://refero.design/screens/2e261b1a-6417-4d50-8f2b-6aeece94cfd6
234,komoot,234-komoot-08,45,b30139fd-26fe-486f-ad07-ec4bc5f532ba.jpg,Select issue,https://refero.design/screens/0bd6e357-88c2-4ca2-a956-dcab7dd9ecab
234,komoot,234-komoot-08,46,13b715ea-5cfa-4a31-b7ca-c67f9f7efb20.jpg,Submit and confirmation,https://refero.design/screens/f37f89bb-8e2b-4f7e-9c18-57dc23fac501
234,komoot,234-komoot-08,47,d81ae718-5d22-49d1-ac73-9d5476eda837.jpg,Route details,https://refero.design/screens/92cc2e92-2eb6-4fee-8308-ad2c8e84fbd6
234,komoot,234-komoot-08,48,6be6c85f-e2ab-445e-b953-c1bb19b5961a.jpg,Compose comment,https://refero.design/screens/2ffdb8fc-8790-4358-9e57-8dffe27bc54f
234,komoot,234-komoot-09,49,b1130631-c05d-4145-9982-df0ce1b5692b.jpg,Comments — posted,https://refero.design/screens/e46f7b96-ced2-4acc-8d17-4b6280d4af05
234,komoot,234-komoot-09,50,f10afe7e-ec62-4f2d-a619-458a0bc1ec5e.jpg,Invite overview,https://refero.design/screens/c5f5d54e-3479-4f0c-99ad-2b7d1720e2d6
234,komoot,234-komoot-09,51,ab369cef-400b-43e5-81cc-ef3837cd7e83.jpg,Filtered results and invite,https://refero.design/screens/2a78b10d-54b6-4e40-884a-bb7d79be9441
234,komoot,234-komoot-09,52,f1b5a93c-52fd-44d1-af5a-8df1a1c67912.jpg,View participants list,https://refero.design/screens/b905d133-e7de-45fe-9be7-ed907fda22f2
234,komoot,234-komoot-09,53,bb1bf79e-150a-4b12-be17-3dfad20fa17d.jpg,Updated participants list,https://refero.design/screens/009bf99d-bfc9-4a5c-bfe1-a627a4bd1fe4
234,komoot,234-komoot-09,54,f4b1525a-139e-41d2-8ee3-9db7f263bef4.jpg,Device & Services List,https://refero.design/screens/7f387b6a-2146-4d1e-b255-4923271b690d
234,komoot,234-komoot-10,55,ef4cd518-1c4f-4413-900b-f910672ff4fd.jpg,Connected State & Continue,https://refero.design/screens/875f18e0-2864-483a-b093-e875d7bac9d0
234,komoot,234-komoot-10,56,cb7a256c-9c5a-4159-9d3b-74ce8711495b.jpg,Settings — Icon selection,https://refero.design/screens/fb880516-7f17-4936-98e0-dd6fb917b5ac
234,komoot,234-komoot-10,57,f913e28f-1c4c-462c-ad7b-75b573e72528.jpg,Confirmation alert,https://refero.design/screens/e6130484-8c75-4a4c-a901-a17f6ce28580
234,komoot,234-komoot-10,58,0ee6c303-8fc0-4cd2-8e5e-8267f2db299c.jpg,Settings — Updated selection,https://refero.design/screens/5afd3244-68b0-4d62-abdf-71cace2a591e
234,komoot,234-komoot-10,59,fc86317d-c756-4fb7-875e-5905954c1602.jpg,App Settings — Preferences & Cache,https://refero.design/screens/9bfe2ab4-3a75-42a2-b5c3-1e23d54a7aeb
234,komoot,234-komoot-10,60,36ed5890-e9d3-461b-81bf-f7700df4fd4a.jpg,Cache Cleared Confirmation,https://refero.design/screens/778844dc-e4f4-4518-bb81-4870df55dc9f
243,Playground,243-Playground-01,1,02dd9159-c4a1-433b-91ce-a2e7a81c8523.jpg,,
243,Playground,243-Playground-01,2,035e9dc9-ad58-4135-8765-8dc34d5c011a.jpg,,
243,Playground,243-Playground-01,3,03ece4c1-c264-4a63-84db-149cb504480b.jpg,,
243,Playground,243-Playground-01,4,05e8026d-097b-4e01-8a10-461a695e1089.jpg,,
243,Playground,243-Playground-01,5,1780090b-afbe-4c63-a23e-9b53cefe53d5.jpg,,
243,Playground,243-Playground-01,6,1d6bb4ba-505a-4e0b-8613-fd895e79cd26.jpg,,
243,Playground,243-Playground-02,7,21f8eb18-d0b3-4124-a4fc-80e14ca7c9d1.jpg,,
243,Playground,243-Playground-02,8,24cdac36-56a5-4064-8157-43d3301fccbe.jpg,,
243,Playground,243-Playground-02,9,2cec9772-d1fe-44b0-a3f3-437bb93a8d68.jpg,,
243,Playground,243-Playground-02,10,2e9f7bc2-1a6c-4b6c-ae7c-2cabf27a4dc1.jpg,,
243,Playground,243-Playground-02,11,38c080bb-8e2c-43dd-b8ae-9b7fcfbc20f5.jpg,,
243,Playground,243-Playground-02,12,3b5635c6-eba9-4de5-892c-fdcfd03def1d.jpg,,
243,Playground,243-Playground-03,13,3daee223-31fb-482a-86b8-e17d4dca5138.jpg,,
243,Playground,243-Playground-03,14,41916408-ff93-42c2-8ba8-679342ebab80.jpg,,
243,Playground,243-Playground-03,15,4a7cf5e9-12ca-4592-bda4-23764cb5c517.jpg,,
243,Playground,243-Playground-03,16,4ec8a248-e1e9-49b6-9ef1-df010f55df1c.jpg,,
243,Playground,243-Playground-03,17,4f36f3e8-23e5-49f7-8745-ae3d6d1e1465.jpg,,
243,Playground,243-Playground-03,18,4f38c16c-a990-4063-b02a-782a1d6b39ef.jpg,,
243,Playground,243-Playground-04,19,50a95f07-e18a-422e-af7d-26f77743030c.jpg,,
243,Playground,243-Playground-04,20,57af9914-6220-4246-acf8-29509830857c.jpg,,
243,Playground,243-Playground-04,21,5b45f9ce-bf0b-4a7c-8765-e7d9ab537bcb.jpg,,
243,Playground,243-Playground-04,22,65bad1f3-6733-4f15-a7b8-995fb892c4bf.jpg,,
243,Playground,243-Playground-04,23,6c823306-8025-4c00-af5a-b7a368943b87.jpg,,
243,Playground,243-Playground-04,24,6cee7809-0a8e-4355-8f0a-597b8d78b94f.jpg,,
243,Playground,243-Playground-05,25,74efc10c-b95c-433f-9c85-e0418709c2d7.jpg,,
243,Playground,243-Playground-05,26,76f7a724-5b02-43b8-bfac-2331863e563a.jpg,,
243,Playground,243-Playground-05,27,7924105b-281d-488c-8f07-2a45feec2067.jpg,,
243,Playground,243-Playground-05,28,79e62a13-01d7-428e-9c04-b5365a762046.jpg,,
243,Playground,243-Playground-05,29,7ac4f11b-2f18-4aa1-b197-73bb98b1ad4e.jpg,,
243,Playground,243-Playground-05,30,82ea6e91-f661-44ed-b1e3-2380c02b24a8.jpg,,
243,Playground,243-Playground-06,31,833b65a7-398f-4ebd-95d7-c4a38127de84.jpg,,
243,Playground,243-Playground-06,32,8360318a-c2a6-4531-b916-ff8d368f0877.jpg,,
243,Playground,243-Playground-06,33,83fa423b-f4aa-403c-9821-1df8187c0854.jpg,,
243,Playground,243-Playground-06,34,88b24d9d-f4e9-4e47-9b68-c2e182984365.jpg,,
243,Playground,243-Playground-06,35,8fdde95d-f760-44df-ba81-1c3db20c4b13.jpg,,
243,Playground,243-Playground-06,36,974898dd-771f-4c2b-85e3-3a0c829c7760.jpg,,
243,Playground,243-Playground-07,37,9bc85f36-822d-4a26-a5f5-8f0050161fec.jpg,,
243,Playground,243-Playground-07,38,9f923e7f-6dca-47b2-8348-abcc72755e57.jpg,,
243,Playground,243-Playground-07,39,a0ec2320-3403-4c23-9322-0425e316b733.jpg,,
243,Playground,243-Playground-07,40,a88385b5-c4c2-4dff-8b49-4bc9bbf9528d.jpg,,
243,Playground,243-Playground-07,41,abeb3996-cb8c-4c7b-815c-38fc72b592ca.jpg,,
243,Playground,243-Playground-07,42,b90bcda2-2965-42bc-86f7-fc6590367ac1.jpg,,
243,Playground,243-Playground-08,43,c3c095a3-bd8f-41a8-8615-7c88e9031db3.jpg,,
243,Playground,243-Playground-08,44,c47638b2-df61-40ee-b890-056a618649de.jpg,,
243,Playground,243-Playground-08,45,c5033395-7ec9-45db-9b03-4dba0da8956b.jpg,,
243,Playground,243-Playground-08,46,ca3d9d0e-4fde-43a0-9d3f-ce04826449d8.jpg,,
243,Playground,243-Playground-08,47,cc2b25aa-76c6-475b-be9d-65ac4f6ca539.jpg,,
243,Playground,243-Playground-08,48,cf2a6614-363b-4bc5-bc47-1b6fca6bb2ce.jpg,,
243,Playground,243-Playground-09,49,cf8f9567-82f6-4537-9e1b-db92aaffd185.jpg,,
243,Playground,243-Playground-09,50,cfbd2e6c-45c1-49c8-b677-fcdf1bc7580c.jpg,,
243,Playground,243-Playground-09,51,d11c5085-d8fb-452b-b26d-e264de59abff.jpg,,
243,Playground,243-Playground-09,52,d4e3ee57-1408-405b-9bb6-c4b2576e33c7.jpg,,
243,Playground,243-Playground-09,53,e6bd0202-f86c-4a61-8b40-1a90ec0786c7.jpg,,
243,Playground,243-Playground-09,54,e867a988-47b6-47ed-9f10-b7363ce09ffc.jpg,,
243,Playground,243-Playground-10,55,e893eb29-320c-4385-8cdd-a31003924b67.jpg,,
243,Playground,243-Playground-10,56,ea0c7c25-9349-4807-b800-611bd36de124.jpg,,
243,Playground,243-Playground-10,57,eab841e4-7858-458a-9f9d-9d4a6ef59dd4.jpg,,
243,Playground,243-Playground-10,58,f8309ed9-1ad0-43f2-b012-a7f68104117e.jpg,,
243,Playground,243-Playground-10,59,f941b4d4-6f04-4863-ad51-fc03cda1ad0c.jpg,,
243,Playground,243-Playground-10,60,fbc402e7-41cf-4f3b-a76b-5775fe02c067.jpg,,
257,Raycast,257-Raycast-01,1,057e4767-65ea-4d40-95b0-d3f25fef7dda.jpg,,
257,Raycast,257-Raycast-01,2,073b64d3-12a9-4585-8084-031b84a98783.jpg,,
257,Raycast,257-Raycast-01,3,090f59bf-27b0-4f48-81a1-fdd16cb5aa28.jpg,,
257,Raycast,257-Raycast-01,4,0bbc230c-84bd-4d45-b928-75d4303b772d.jpg,,
257,Raycast,257-Raycast-01,5,1039b03d-0009-480a-a4bd-b084a3c49d22.jpg,,
257,Raycast,257-Raycast-01,6,185f978e-a686-4f87-90fb-db566302b69e.jpg,,
257,Raycast,257-Raycast-02,7,19375d83-1417-47e9-b650-941bea408090.jpg,,
257,Raycast,257-Raycast-02,8,1a61030c-96a8-4c94-bcae-36b9a970977d.jpg,,
257,Raycast,257-Raycast-02,9,1ca06c89-bce8-4a4a-8792-722fb260b3de.jpg,,
257,Raycast,257-Raycast-02,10,2019db7d-9e62-45e7-bb64-d059bf9177e1.jpg,,
257,Raycast,257-Raycast-02,11,2408124c-640b-4115-9183-5982ea422a28.jpg,,
257,Raycast,257-Raycast-02,12,255705ea-7d0f-4a59-87cd-e66b15bcbefa.jpg,,
257,Raycast,257-Raycast-03,13,2d36d9e4-76ea-42d6-a077-619a1d27da81.jpg,,
257,Raycast,257-Raycast-03,14,2ed2cd6f-50bb-4e49-bbf9-dead7de36a65.jpg,,
257,Raycast,257-Raycast-03,15,3c44898a-1d51-4b33-9dca-b5fe3e359860.jpg,,
257,Raycast,257-Raycast-03,16,510f8bf3-7a21-4a79-b5bd-724bf01572ab.jpg,,
257,Raycast,257-Raycast-03,17,581b3ceb-0b11-4903-b0c2-5f5a613c2cbf.jpg,,
257,Raycast,257-Raycast-03,18,5866913d-4deb-4793-97ab-f133c1b3742c.jpg,,
257,Raycast,257-Raycast-04,19,5e33677f-0a7a-4b74-a3c0-040c051961eb.jpg,,
257,Raycast,257-Raycast-04,20,65a0c94d-002a-4a4b-9de8-d224fcff07ab.jpg,,
257,Raycast,257-Raycast-04,21,68e35831-3362-4d14-95c6-3443150c9ead.jpg,,
257,Raycast,257-Raycast-04,22,6b54e663-907f-47ed-a764-5fa1aa55612f.jpg,,
257,Raycast,257-Raycast-04,23,6f154aea-c47f-4418-a10d-e4a18ab459d4.jpg,,
257,Raycast,257-Raycast-04,24,6fc7bd48-8dac-4a30-9002-74c4472aa082.jpg,,
257,Raycast,257-Raycast-05,25,718f40a3-1870-46b1-9045-d85f994c53da.jpg,,
257,Raycast,257-Raycast-05,26,71d46bd2-db38-4458-89fd-3b7938eb58b7.jpg,,
257,Raycast,257-Raycast-05,27,7a61e9fb-69c9-4a1c-b465-ae13f45e18b9.jpg,,
257,Raycast,257-Raycast-05,28,7c51c987-6d56-4a1e-a8b2-8e0f15c58f90.jpg,,
257,Raycast,257-Raycast-05,29,7c59cca0-9831-4104-a561-2efc264f2b15.jpg,,
257,Raycast,257-Raycast-05,30,819ee239-a86d-4c72-8717-ebae01bb300f.jpg,,
257,Raycast,257-Raycast-06,31,84c8bc69-247f-40db-9bd4-28fc33567281.jpg,,
257,Raycast,257-Raycast-06,32,89dbe55e-9f59-4879-85ee-addd720e025d.jpg,,
257,Raycast,257-Raycast-06,33,8a59b348-2300-4c6f-8ad0-0376a6f20cff.jpg,,
257,Raycast,257-Raycast-06,34,8dcd2a1f-b59b-42e3-9f93-98d64b913b1b.jpg,,
257,Raycast,257-Raycast-06,35,8e461aaf-c23e-469b-9a31-b1bb52f735c8.jpg,,
257,Raycast,257-Raycast-06,36,93fa55a7-ba8a-4248-a479-54fbe11b02a2.jpg,,
257,Raycast,257-Raycast-07,37,95d14c46-ce5a-4680-9bc3-83dbe1f6e533.jpg,,
257,Raycast,257-Raycast-07,38,95ecd1d6-60e6-45be-8925-8f2b80b2ed3f.jpg,,
257,Raycast,257-Raycast-07,39,a239c034-71f6-4d10-b866-376c67f7b610.jpg,,
257,Raycast,257-Raycast-07,40,a80a3f2e-a639-4e73-96cd-e5f967f6fffa.jpg,,
257,Raycast,257-Raycast-07,41,b1dac531-c1ae-485f-8120-c04335bee72f.jpg,,
257,Raycast,257-Raycast-07,42,b419355f-85fa-4f03-8fad-f5b2c3735877.jpg,,
257,Raycast,257-Raycast-08,43,b6189126-f88f-48fc-8a15-2f0177fb9424.jpg,,
257,Raycast,257-Raycast-08,44,bc7b8f6b-221a-4c69-a1a7-58e1b835b468.jpg,,
257,Raycast,257-Raycast-08,45,bcfb0967-5532-4a2f-ba5b-df025933ac21.jpg,,
257,Raycast,257-Raycast-08,46,c26c6272-9c4a-4218-9097-adb5e316bb1d.jpg,,
257,Raycast,257-Raycast-08,47,ccc78ace-654e-4cf1-b1f6-348a5c5902b3.jpg,,
257,Raycast,257-Raycast-08,48,cd9ed790-03c4-4b1a-9666-718c0281c389.jpg,,
257,Raycast,257-Raycast-09,49,d06c460a-1671-4230-a915-f384a9b767f7.jpg,,
257,Raycast,257-Raycast-09,50,d6610103-ed6d-4c1e-b47b-badf4edca37e.jpg,,
257,Raycast,257-Raycast-09,51,d7d43938-4e56-46ec-a63a-dac9d32f5b3c.jpg,,
257,Raycast,257-Raycast-09,52,da513d2b-d090-41b9-b99f-ecbb2e70b03e.jpg,,
257,Raycast,257-Raycast-09,53,dc00d780-98e3-4522-85f8-57e7b8a8381b.jpg,,
257,Raycast,257-Raycast-09,54,e26c1ac4-ea43-4f50-a61e-b5d448b42ce9.jpg,,
257,Raycast,257-Raycast-10,55,e81b6f5f-621f-49a5-971d-d392e383037b.jpg,,
257,Raycast,257-Raycast-10,56,e930d535-fd83-48eb-a8db-fd5a8045c92a.jpg,,
257,Raycast,257-Raycast-10,57,eea48161-0f34-4ce4-abc4-d703ae487daa.jpg,,
257,Raycast,257-Raycast-10,58,f1b12c51-255d-464a-bcab-a34121107657.jpg,,
257,Raycast,257-Raycast-10,59,f4fddba8-bd2c-4b73-85eb-736e2886614f.jpg,,
257,Raycast,257-Raycast-10,60,f9c14af3-de73-4d38-b538-2dfa9825417d.jpg,,
264,Netflix,264-Netflix-01,1,0646c1f0-dfce-41a9-8e0c-f1c675e85480.jpg,,
264,Netflix,264-Netflix-01,2,09187f0d-62b0-43d3-8c74-f5f739597cf6.jpg,,
264,Netflix,264-Netflix-01,3,0ef1d001-1c37-40ab-8f78-ebb14863695e.jpg,,
264,Netflix,264-Netflix-01,4,10dee546-98a5-4947-a128-d777fb02f92c.jpg,,
264,Netflix,264-Netflix-01,5,17eb9b08-db6c-4ccb-94d0-8020094ccd7a.jpg,,
264,Netflix,264-Netflix-01,6,19a9daa0-e0c1-42c1-8674-d9136bb200f1.jpg,,
264,Netflix,264-Netflix-02,7,1bd6811c-90a6-44c0-8f9d-7015bfd43ae5.jpg,,
264,Netflix,264-Netflix-02,8,1e1e1cdd-9ba2-4fcc-8479-9c1e9dd74582.jpg,,
264,Netflix,264-Netflix-02,9,1e96eb29-b2fa-45ce-9f02-a9b1112d9f05.jpg,,
264,Netflix,264-Netflix-02,10,2076e103-b8da-4bca-b353-dcb9c5cec817.jpg,,
264,Netflix,264-Netflix-02,11,2268d71a-cd97-4bef-a9f6-559a7e8d9a57.jpg,,
264,Netflix,264-Netflix-02,12,268413fa-f4d7-4252-adab-abe81b05183e.jpg,,
264,Netflix,264-Netflix-03,13,26a4e829-ee18-47f0-9e3a-50d9fb00690e.jpg,,
264,Netflix,264-Netflix-03,14,2efdbf95-56e5-49d8-a905-19da5beb8117.jpg,,
264,Netflix,264-Netflix-03,15,2f0c17f5-ac88-48e2-992b-2856a2b42ecf.jpg,,
264,Netflix,264-Netflix-03,16,31cc8c39-f909-45e4-9b21-3bb9cd009426.jpg,,
264,Netflix,264-Netflix-03,17,37cc640a-e028-4541-bdec-5cdd67d3db0c.jpg,,
264,Netflix,264-Netflix-03,18,3c46a6d5-c37a-4b68-b8b1-51a5649c37e5.jpg,,
264,Netflix,264-Netflix-04,19,3c81cc44-d736-42e5-9e53-2314a62df4ce.jpg,,
264,Netflix,264-Netflix-04,20,3d0331c3-dafb-4640-ad2a-309f7d710735.jpg,,
264,Netflix,264-Netflix-04,21,485306d8-2dfd-4efc-85f2-badcd737d945.jpg,,
264,Netflix,264-Netflix-04,22,4e471ad1-0b30-40af-a648-0b3b979ba656.jpg,,
264,Netflix,264-Netflix-04,23,503870ad-b6ef-42b4-9afd-8d2314a6a423.jpg,,
264,Netflix,264-Netflix-04,24,526ce688-589a-4470-8a12-a5cff411e1a7.jpg,,
264,Netflix,264-Netflix-05,25,58dd5d3f-7966-4ac5-8dcb-f2110f908c71.jpg,,
264,Netflix,264-Netflix-05,26,59579cf2-e8e2-4f69-8550-8c5b03ec5d17.jpg,,
264,Netflix,264-Netflix-05,27,6178f740-c89a-45db-a5b5-aac7e089ace6.jpg,,
264,Netflix,264-Netflix-05,28,6a51bac6-7286-40fb-a548-0f24bce00b56.jpg,,
264,Netflix,264-Netflix-05,29,720e3267-fe8a-4b0d-87bf-c9e31f68a719.jpg,,
264,Netflix,264-Netflix-05,30,74a6d2d7-d684-4554-a652-24ebd5595b24.jpg,,
264,Netflix,264-Netflix-06,31,896e6373-e24f-459f-88ba-377dbc74fa05.jpg,,
264,Netflix,264-Netflix-06,32,8d0812a8-a78a-4477-b1c4-20735980f154.jpg,,
264,Netflix,264-Netflix-06,33,8d0c7d57-6805-4426-81fc-ef55fc5a9b4c.jpg,,
264,Netflix,264-Netflix-06,34,91217b40-84a9-474a-9beb-21f55a8815d5.jpg,,
264,Netflix,264-Netflix-06,35,9197d56c-9593-4b40-80a4-1699d1a166e0.jpg,,
264,Netflix,264-Netflix-06,36,93e50ecb-38ba-406a-85bf-40fb6c36bb74.jpg,,
264,Netflix,264-Netflix-07,37,9b7632b4-14f3-43c5-891f-cdf7db1e4054.jpg,,
264,Netflix,264-Netflix-07,38,9de139ba-e496-4423-842d-478510863d8e.jpg,,
264,Netflix,264-Netflix-07,39,aa926bb7-adbd-4527-8ea8-0c8e3459aeaf.jpg,,
264,Netflix,264-Netflix-07,40,aa9bd604-8c72-413e-991e-dc741ce4f0c2.jpg,,
264,Netflix,264-Netflix-07,41,ae569e7c-c827-4b76-bec0-ea9a193f6ad7.jpg,,
264,Netflix,264-Netflix-07,42,afe38361-3da0-4222-a0df-b313ba10a40b.jpg,,
264,Netflix,264-Netflix-08,43,b9b692ba-942b-493b-a1f5-131ba63d6ab2.jpg,,
264,Netflix,264-Netflix-08,44,bf57567e-29c4-4b33-a3aa-2791914e61f7.jpg,,
264,Netflix,264-Netflix-08,45,c2b35ebb-e134-4d17-a0c5-8f922644af37.jpg,,
264,Netflix,264-Netflix-08,46,c58518c0-f42f-45df-b9cf-a882b4f37143.jpg,,
264,Netflix,264-Netflix-08,47,c5e27b75-2e07-4e41-a11d-f24fcf512fd9.jpg,,
264,Netflix,264-Netflix-08,48,cdb5a613-903c-485a-994c-b8cd2106c744.jpg,,
264,Netflix,264-Netflix-09,49,d02b8e27-69dd-4428-899b-5e4e425a3cbd.jpg,,
264,Netflix,264-Netflix-09,50,d4326271-001e-41f4-b6f2-d1ef3a060472.jpg,,
264,Netflix,264-Netflix-09,51,e122a1c6-b97f-440c-9f10-ec4480709689.jpg,,
264,Netflix,264-Netflix-09,52,e1b937ab-a993-4ff6-af7c-41d9423d448b.jpg,,
264,Netflix,264-Netflix-09,53,e2ca49cc-209e-40eb-b73e-38e9e2ffe38b.jpg,,
264,Netflix,264-Netflix-09,54,e33d9ce0-b924-4ea1-96c8-eb026ef6bba7.jpg,,
264,Netflix,264-Netflix-10,55,e5ce8491-a6d2-49b6-9a96-37596840f22e.jpg,,
264,Netflix,264-Netflix-10,56,eb4a1251-2c5f-4a45-9496-aa8a101b5dab.jpg,,
264,Netflix,264-Netflix-10,57,ed55af03-c860-4c6f-8ac7-001195e6d1cf.jpg,,
264,Netflix,264-Netflix-10,58,f2009bd6-c621-4e8f-a86d-5e18fb960d75.jpg,,
264,Netflix,264-Netflix-10,59,f52f874a-f70b-401e-b218-d56b55cfe319.jpg,,
264,Netflix,264-Netflix-10,60,f7163310-d0af-4e66-b096-99ea37671e99.jpg,,
265,ElevenLabs,265-ElevenLabs-01,1,0301b94b-4c96-49e9-9c10-8aa5ddd4620d.jpg,,
265,ElevenLabs,265-ElevenLabs-01,2,04589472-90c0-4e38-97c8-4b9b1cabcf0d.jpg,,
265,ElevenLabs,265-ElevenLabs-01,3,05191f57-ab37-4805-baba-366f28e8c6cd.jpg,,
265,ElevenLabs,265-ElevenLabs-01,4,07db445f-20c1-4236-878c-4f00d243493e.jpg,,
265,ElevenLabs,265-ElevenLabs-01,5,0c22087f-0f0d-4737-9a21-86bcb1074068.jpg,,
265,ElevenLabs,265-ElevenLabs-01,6,1069eca1-08ed-4a13-924c-81c7bba9c773.jpg,,
265,ElevenLabs,265-ElevenLabs-02,7,11a93414-25d8-4bae-afb0-0ffc5dddc1ea.jpg,,
265,ElevenLabs,265-ElevenLabs-02,8,2315159c-001c-421d-9bae-c5f5c25d0aba.jpg,,
265,ElevenLabs,265-ElevenLabs-02,9,244446c4-7109-4be0-8b9b-de3bb8feb656.jpg,,
265,ElevenLabs,265-ElevenLabs-02,10,24fd4924-f4ec-4311-9b93-160deea384c2.jpg,,
265,ElevenLabs,265-ElevenLabs-02,11,2e1e51be-0a73-4133-ba0c-4e4f7879ff15.jpg,,
265,ElevenLabs,265-ElevenLabs-02,12,37b931ac-417f-4d4f-b8e4-d576c385a969.jpg,,
265,ElevenLabs,265-ElevenLabs-03,13,3b9e4ab3-d067-478a-88d6-5d76e3edf827.jpg,,
265,ElevenLabs,265-ElevenLabs-03,14,3d35a7b2-2005-4008-8918-ac7711b27571.jpg,,
265,ElevenLabs,265-ElevenLabs-03,15,414a4b9a-c561-44b6-8a90-bc02e89e12d0.jpg,,
265,ElevenLabs,265-ElevenLabs-03,16,442ced52-4ef4-44f9-8008-cb4df8c80d3b.jpg,,
265,ElevenLabs,265-ElevenLabs-03,17,5193d308-d40b-4fff-8862-1d7712456740.jpg,,
265,ElevenLabs,265-ElevenLabs-03,18,532189e3-75f1-4c7d-836a-55206e4bfadc.jpg,,
265,ElevenLabs,265-ElevenLabs-04,19,546fc274-7462-42ad-b545-3787e9a2e2e8.jpg,,
265,ElevenLabs,265-ElevenLabs-04,20,594d7349-9fc0-4254-b036-df8596f1d1d3.jpg,,
265,ElevenLabs,265-ElevenLabs-04,21,5d74e39e-c767-440e-8476-308b5f311e38.jpg,,
265,ElevenLabs,265-ElevenLabs-04,22,5fa06016-c3b9-498f-9802-2b66c0169f67.jpg,,
265,ElevenLabs,265-ElevenLabs-04,23,5fef1cbc-9fc7-4635-8d99-326cd054f040.jpg,,
265,ElevenLabs,265-ElevenLabs-04,24,605fa242-e566-439a-8241-2e94ec558301.jpg,,
265,ElevenLabs,265-ElevenLabs-05,25,6270d33e-075a-4b42-a917-8c9246e99b57.jpg,,
265,ElevenLabs,265-ElevenLabs-05,26,64ebcf0d-1551-4aac-8413-99cf75b23e26.jpg,,
265,ElevenLabs,265-ElevenLabs-05,27,6bdbcf7b-ca29-47b4-83b1-2ec3864fde03.jpg,,
265,ElevenLabs,265-ElevenLabs-05,28,6c8f9fe2-aa3b-4e37-80e3-7c1940a59c2c.jpg,,
265,ElevenLabs,265-ElevenLabs-05,29,6e90af37-f431-47d9-b813-d5544a7604f7.jpg,,
265,ElevenLabs,265-ElevenLabs-05,30,7adadfe5-f073-4ba8-8c45-490721a3c16d.jpg,,
265,ElevenLabs,265-ElevenLabs-06,31,7f728cf5-90fd-4e39-89b3-800516b7f292.jpg,,
265,ElevenLabs,265-ElevenLabs-06,32,7fec269b-20df-499a-8513-4328c5720892.jpg,,
265,ElevenLabs,265-ElevenLabs-06,33,86809e01-ef0f-44b5-bd0a-c07cc7c1b1ad.jpg,,
265,ElevenLabs,265-ElevenLabs-06,34,87165479-c6e5-42c2-b701-18634a49d21e.jpg,,
265,ElevenLabs,265-ElevenLabs-06,35,88faa601-39a3-41d9-a3cf-e2ab9db37576.jpg,,
265,ElevenLabs,265-ElevenLabs-06,36,8c298519-3608-4c41-b4e0-0dcbde5b3291.jpg,,
265,ElevenLabs,265-ElevenLabs-07,37,9781db50-be89-4a4e-ae9e-508a1282dc5e.jpg,,
265,ElevenLabs,265-ElevenLabs-07,38,9a073e85-717a-42ea-a7d5-a576d86467b1.jpg,,
265,ElevenLabs,265-ElevenLabs-07,39,9f4e1d4b-a858-4f5b-b0ad-a191b807d8be.jpg,,
265,ElevenLabs,265-ElevenLabs-07,40,a02610a7-ec37-413e-9b2b-2dddfc0e1992.jpg,,
265,ElevenLabs,265-ElevenLabs-07,41,a44d06cb-3a2f-4eb2-9489-e71e7e1d26e3.jpg,,
265,ElevenLabs,265-ElevenLabs-07,42,a5c0b364-36dd-494e-89f3-bba2021a1cf7.jpg,,
265,ElevenLabs,265-ElevenLabs-08,43,a95a4f88-8ca2-4e57-8c96-8f291025248f.jpg,,
265,ElevenLabs,265-ElevenLabs-08,44,abd5f2e9-e3a2-4373-9766-397c4f255098.jpg,,
265,ElevenLabs,265-ElevenLabs-08,45,b4232d1e-bdf1-4cde-bcef-fca4f5f12eca.jpg,,
265,ElevenLabs,265-ElevenLabs-08,46,b8faa8ce-775a-4dc5-9049-5c6602679e32.jpg,,
265,ElevenLabs,265-ElevenLabs-08,47,b90289d7-db5e-4bde-baaf-8eefc1985dd0.jpg,,
265,ElevenLabs,265-ElevenLabs-08,48,bc8d0956-48cb-40bb-a363-80bbb2d8d880.jpg,,
265,ElevenLabs,265-ElevenLabs-09,49,ca79b6fe-f343-43c4-8f2e-b2b2b5e92b30.jpg,,
265,ElevenLabs,265-ElevenLabs-09,50,caae8014-cc6e-4d80-8f73-e5375e18f3fc.jpg,,
265,ElevenLabs,265-ElevenLabs-09,51,d4ced532-46e8-4391-922e-f5a58db11c8a.jpg,,
265,ElevenLabs,265-ElevenLabs-09,52,d57534e5-56da-477f-b7a4-a1633a2acc6c.jpg,,
265,ElevenLabs,265-ElevenLabs-09,53,d943a462-ca6c-411e-988a-9e4c847dcac8.jpg,,
265,ElevenLabs,265-ElevenLabs-09,54,ddab0922-56f1-4cda-9e6a-32af562197d1.jpg,,
265,ElevenLabs,265-ElevenLabs-10,55,de4503de-2705-4afa-adfd-91d639da6dc0.jpg,,
265,ElevenLabs,265-ElevenLabs-10,56,e5a30a7b-55bc-4c01-ad84-73336388fe7c.jpg,,
265,ElevenLabs,265-ElevenLabs-10,57,f242e241-dbf5-4ec1-aa77-de05c70e7095.jpg,,
265,ElevenLabs,265-ElevenLabs-10,58,f5f0b66a-f108-4afc-89c4-6a39ba4343db.jpg,,
265,ElevenLabs,265-ElevenLabs-10,59,f74484f2-2b8b-4443-8576-e9ca52d18c01.jpg,,
265,ElevenLabs,265-ElevenLabs-10,60,fd0b43f4-583b-4ca8-923d-15c348aaf0f7.jpg,,
280,Apple Books,280-Apple Books-01,1,4376ab85-0900-4fa9-8175-5ee42f36015b.jpg,Books onboarding and home entry — Welcome Screen,https://refero.design/screens/10b8d357-636b-4bf5-baca-9ec1762953cf
280,Apple Books,280-Apple Books-01,2,c840e61e-42ed-4884-bea2-8d50c6ddfe06.jpg,Books onboarding and home entry — Notification Permission,https://refero.design/screens/f4138342-e5e7-4c25-a07c-ed6cb26b7c07
280,Apple Books,280-Apple Books-01,3,34019611-f13c-48ee-aa29-7871d164bc52.jpg,Books onboarding and home entry — Home Dashboard,https://refero.design/screens/611c0a3c-6653-4fc5-863b-32f9d7843b27
280,Apple Books,280-Apple Books-01,4,59818821-4b38-4ebe-a94e-e9f2cef1ea9f.jpg,Save Book and Alerts — Book Details,https://refero.design/screens/19b9f7d8-32e3-4f0c-9442-7139aa2005f4
280,Apple Books,280-Apple Books-01,5,90886828-b46b-41ea-9166-c90481fde881.jpg,Save Book and Alerts — Added Confirmation,https://refero.design/screens/ef0def63-24e0-41f5-b58f-b91b2ff59c99
280,Apple Books,280-Apple Books-01,6,d4c4f9a2-46b6-46bd-90d5-1c6dcf62969c.jpg,Save Book and Alerts — Notification Prompt,https://refero.design/screens/aae098ab-cc73-4a34-880c-5a5ea0f7c3b2
280,Apple Books,280-Apple Books-02,7,2bbc3c46-476b-4500-b507-aa43429f3c95.jpg,Ebook Purchase and Download — Book Details,https://refero.design/screens/154a9877-76f0-4da7-96c2-0dd13db5d0cd
280,Apple Books,280-Apple Books-02,8,3c413bca-5d15-429e-a05b-0c84b151f166.jpg,Ebook Purchase and Download — Download Progress,https://refero.design/screens/8945eb15-3e02-4b4e-9a83-9d2cb4ceec80
280,Apple Books,280-Apple Books-02,9,fa1e314e-8021-41f3-a4b4-84a49bdd0ef5.jpg,Ebook Purchase and Download — Book Ready to Read,https://refero.design/screens/b04313e1-7b18-4cba-9d1c-30ff0b2ca228
280,Apple Books,280-Apple Books-02,10,67bfbbda-4c89-40d8-a5ea-a765470658c7.jpg,Book Detail Actions — Book Detail Sheet,https://refero.design/screens/18b84936-d209-4122-bb7a-20116a182353
280,Apple Books,280-Apple Books-02,11,f248cfb3-220b-4131-ad0b-a391772acf9c.jpg,Book Detail Actions — Finished Date Editor,https://refero.design/screens/71cbeb12-f722-49a1-9cd3-bd095edc6d01
280,Apple Books,280-Apple Books-02,12,c80fb10b-096b-4c46-9d4a-cae58bf8daa4.jpg,Book Detail Actions — Return to Book Detail,https://refero.design/screens/5f21c8bd-c48e-474a-a4df-04e2efa025a9
280,Apple Books,280-Apple Books-03,13,bc96348b-1ac6-4817-9b9d-0d87d84d0c5f.jpg,Daily Goal Achieved — Goal Complete Screen,https://refero.design/screens/197dff41-7cb6-42ae-9d4b-38840a7db16c
280,Apple Books,280-Apple Books-03,14,44b4ef65-9368-4e1e-bbc4-9c1210fa390d.jpg,Daily Goal Achieved — Share Sheet,https://refero.design/screens/9b34d554-726d-4984-af88-d961f17b37a2
280,Apple Books,280-Apple Books-03,15,f25ff384-7294-4ed6-b273-adae78d602a2.jpg,Daily Goal Achieved — Message Composer,https://refero.design/screens/aa092f95-30f0-44f3-8e41-bef83308f7e9
280,Apple Books,280-Apple Books-03,16,85c9a2ba-8d2e-428a-bcf0-c7a50ae1f634.jpg,Remove Sample Books — My Samples List,https://refero.design/screens/d6807fe6-1655-4ebc-ad0a-53acd73729d6
280,Apple Books,280-Apple Books-03,17,f585cb09-0550-4975-9a7b-13649830e1ee.jpg,Remove Sample Books — Enter Selection Mode,https://refero.design/screens/f07dd4cc-975a-474c-b7ef-04c3d26a4ff2
280,Apple Books,280-Apple Books-03,18,f88465d8-e866-440c-a309-7529d85ebb7e.jpg,Remove Sample Books — Updated Samples,https://refero.design/screens/26ed2360-703b-436a-b644-0305ff796d8a
280,Apple Books,280-Apple Books-04,19,b2f6226c-2072-4c5e-99b9-2b006ffa899e.jpg,Organize Sample Books — Item Action Menu,https://refero.design/screens/c6bf8079-78aa-4092-9530-bb24598690c8
280,Apple Books,280-Apple Books-04,20,b4b602f0-88a9-4319-9135-d8b2758a38ee.jpg,Organize Sample Books — Choose Collection,https://refero.design/screens/b34dfa8a-7f6e-4c42-83df-17bcd75ac20e
280,Apple Books,280-Apple Books-04,21,fb192458-ef43-4574-ba40-a2c23ce32d88.jpg,Organize Sample Books — Added Confirmation,https://refero.design/screens/ac87f5a7-b8f1-47a8-b343-06e112ca6d1e
280,Apple Books,280-Apple Books-04,22,1b5631f1-26cb-4d60-81ea-d677aff0ed22.jpg,Library View Options — Library Grid View,https://refero.design/screens/3edf6cc7-234a-4ad3-b888-98d40fe26e83
280,Apple Books,280-Apple Books-04,23,194a071b-94d9-4097-aaf2-9b61aaf6bd13.jpg,Library View Options — Library Options Menu,https://refero.design/screens/beb073f4-477c-4172-96d8-49ce0c177291
280,Apple Books,280-Apple Books-04,24,f1b7c402-5031-48ba-8f44-47d08f69eb69.jpg,Library View Options — Library List View,https://refero.design/screens/5162bf91-4940-4ed6-b6f7-adc28cb60d3c
280,Apple Books,280-Apple Books-05,25,ee00342c-337e-4aa2-be22-0320846de7df.jpg,Chart Category Browse — Top Charts,https://refero.design/screens/e5a26127-e7b0-4710-994b-be60cce2bad1
280,Apple Books,280-Apple Books-05,26,a8003f23-8603-44e2-813d-2cfa66ee22c3.jpg,Chart Category Browse — Chart Category Menu,https://refero.design/screens/bc1695b7-d63a-4019-9a25-20d65c6d5e04
280,Apple Books,280-Apple Books-05,27,67adf1c2-6109-4a7e-923b-b9d85b4b5fda.jpg,Chart Category Browse — Crime & Thrillers Charts,https://refero.design/screens/0d44ccee-c751-4d8d-b2dd-378062655b7d
280,Apple Books,280-Apple Books-05,28,5b0a4f3a-ced0-49c0-a304-5c9de76c0c1f.jpg,Book Catalog Search — Search Discovery,https://refero.design/screens/4ad65b2a-1028-4bbc-91d6-bf9487421bbe
280,Apple Books,280-Apple Books-05,29,94d99c2a-c4c0-4bc6-be64-50e38eb3ee2d.jpg,Book Catalog Search — Search Suggestions,https://refero.design/screens/16a4104a-2edb-4033-8bf9-3bf3d7b598f1
280,Apple Books,280-Apple Books-05,30,17b97811-6436-40d4-9f53-b61fbd2d2760.jpg,Book Catalog Search — Filter Audiobooks,https://refero.design/screens/d8ffa286-0d2c-4b12-89d1-97ec4fabbe8a
280,Apple Books,280-Apple Books-06,31,8c21bd1b-5d6b-4882-b841-32d217091f9b.jpg,Add Book to Collection — Actions Menu,https://refero.design/screens/9118c133-d8a9-423b-95bf-bbaf2f183df0
280,Apple Books,280-Apple Books-06,32,6c1958c9-4a8b-4c92-b04b-c63321be5e7e.jpg,Add Book to Collection — New Collection Entry,https://refero.design/screens/c8460cd5-500e-4352-82c9-dff995236fd5
280,Apple Books,280-Apple Books-06,33,24b7aaf9-fd34-4f3c-a99b-013ab57ec755.jpg,Add Book to Collection — Added Confirmation,https://refero.design/screens/62f2693f-130a-4caf-abd0-7a4e81df8294
280,Apple Books,280-Apple Books-06,34,1e20bb78-eecd-4939-88b6-764681cd47a2.jpg,Book Reviews and Rating — Reviews Overview,https://refero.design/screens/132ef163-3370-4526-8e62-020ab9efc5f9
280,Apple Books,280-Apple Books-06,35,3c39c790-6b86-48b8-b332-665126bc528b.jpg,Book Reviews and Rating — Start Review Editor,https://refero.design/screens/506379ef-6d2e-4840-a5f3-37771473f0bc
280,Apple Books,280-Apple Books-06,36,1a205b38-9b0a-4971-af71-eee4820487c6.jpg,Book Reviews and Rating — Completed Review,https://refero.design/screens/26f83dfe-0d67-403b-8668-ecb95780b2dc
280,Apple Books,280-Apple Books-07,37,c150471a-935c-4a70-927e-9405d66206c3.jpg,In-Book Text Search — Reading Position,https://refero.design/screens/be215e4c-8d52-4820-a778-bad0714cdcd2
280,Apple Books,280-Apple Books-07,38,3f9c8fbf-7a83-4338-884a-e606e82eef2d.jpg,In-Book Text Search — No Search Matches,https://refero.design/screens/ad08ad72-5c73-46a1-942f-4c4b6305f2d3
280,Apple Books,280-Apple Books-07,39,20f277d2-48bd-4b72-88cf-258e36617cca.jpg,In-Book Text Search — Highlighted Match,https://refero.design/screens/1a38ed4d-75bb-4106-b91b-dd4ff2adbda4
280,Apple Books,280-Apple Books-07,40,6afbce03-f0d5-492a-90c6-1a57c889c8a5.jpg,Ebook Reading and Chapter Navigation — Reader Controls,https://refero.design/screens/cc7f7698-9d39-48a6-bb53-8fc80335bf25
280,Apple Books,280-Apple Books-07,41,e5aea05d-d7a2-4a2e-b29d-e556b77eb573.jpg,Ebook Reading and Chapter Navigation — Chapter Jump Result,https://refero.design/screens/efed1868-0423-4384-8ba9-58feb62167da
280,Apple Books,280-Apple Books-07,42,541f8ccc-8632-4b51-b8b1-3235696e3563.jpg,Continued Reading at New Position,https://refero.design/screens/f0c0f7a8-9aba-43ac-8e59-57fab6eb1c93
280,Apple Books,280-Apple Books-08,43,dfab921f-a28e-4dcb-b048-4f46fbc1e90b.jpg,Text Annotation in Reader — Reading Screen,https://refero.design/screens/4c8947a8-61fa-49f3-a7d8-5d65ac08bfad
280,Apple Books,280-Apple Books-08,44,3165c85d-03e5-405f-8db0-61ca586c4b19.jpg,Text Annotation in Reader — Highlight Options,https://refero.design/screens/08c01749-fd50-4a6e-9e1d-ddc8b15f02b4
280,Apple Books,280-Apple Books-08,45,9604285a-d2e6-468c-9310-c6a45510fa28.jpg,Text Annotation in Reader — Highlighted Passage,https://refero.design/screens/04268503-8b40-4bce-921d-869c862c3761
280,Apple Books,280-Apple Books-08,46,e66c4464-4a50-4076-9028-9f8c5651580c.jpg,Remove Highlight and Note — Annotated Book Page,https://refero.design/screens/61177859-d8f6-48b4-862b-de32479ce849
280,Apple Books,280-Apple Books-08,47,11581526-2441-44ad-9c4b-e9a09d65243f.jpg,Remove Highlight and Note — Annotation Menu,https://refero.design/screens/48bdbdc1-229a-43e2-b926-09926925bddf
280,Apple Books,280-Apple Books-08,48,88550cda-ecb9-4aa1-954f-426d2886b19b.jpg,Remove Highlight and Note — Updated Book Page,https://refero.design/screens/7b1d8f4f-9f39-49c6-b6d0-f64d1a8910ae
280,Apple Books,280-Apple Books-09,49,2533ae33-5ae9-483a-9d73-3695c16946ae.jpg,Customize Reading Appearance — Open Reading Controls,https://refero.design/screens/eea56770-94cb-4d3e-b50f-cc9ab453eea0
280,Apple Books,280-Apple Books-09,50,bccc9998-5e36-49ee-b110-e89b232ae94c.jpg,Customize Reading Appearance — Select Paper Theme,https://refero.design/screens/a33e77c9-8994-4d01-85a7-feda1cfc7e9f
280,Apple Books,280-Apple Books-09,51,9052069b-c598-41ce-9ffe-3f5d49fee5a0.jpg,Customize Reading Appearance — Apply Reading Presentation,https://refero.design/screens/4d74273b-ef4d-4f9d-8ab5-8ef1644b1f1a
280,Apple Books,280-Apple Books-09,52,306abc88-4a1f-4dc2-9ba2-2a8214d1008a.jpg,Reader Theme Customization — Themes & Settings Sheet,https://refero.design/screens/fecda4c3-e6c1-4747-a915-1abbf2c54f02
280,Apple Books,280-Apple Books-09,53,d99bd7a6-eb4f-4a3c-9715-62ec1389a774.jpg,Reader Theme Customization — Updated Theme Preview,https://refero.design/screens/12110cb9-3aa8-4f73-b16c-cce953de6bb1
280,Apple Books,280-Apple Books-09,54,f9f225d9-4869-47ca-8b5a-18b70f49ad44.jpg,Reader Theme Customization — Apply Theme to Reader,https://refero.design/screens/3d86a5d6-d1a0-43ca-a7a9-592309459d85
280,Apple Books,280-Apple Books-10,55,11f0d921-e44b-40b1-8937-5785e8045ac5.jpg,Focused Reading Controls — Line Guide Tutorial,https://refero.design/screens/0c9868a8-fec4-4383-92f8-717ea9d4d3a6
280,Apple Books,280-Apple Books-10,56,108954cb-4195-4a24-8562-06cc4be9c397.jpg,Focused Reading Controls — Position Middle Guide,https://refero.design/screens/bac11411-6e83-46a0-8d9f-4b597d164c0a
280,Apple Books,280-Apple Books-10,57,045d4a78-4768-4be7-b434-d90cdbc328d0.jpg,Focused Reading Controls — Focused Reading Restored,https://refero.design/screens/39458ba5-e711-493d-87bd-6ef1af3d42b1
280,Apple Books,280-Apple Books-10,58,a9c89eb0-b8b6-48d2-9c98-ace354130547.jpg,Audiobook Sample Playback — Player View,https://refero.design/screens/e5f3e8c6-1e32-4f87-89d5-84421510f408
280,Apple Books,280-Apple Books-10,59,c5a60106-bcc0-496d-956a-013b51340494.jpg,Audiobook Sample Playback — Select New Speed,https://refero.design/screens/b2640f0e-6fb0-4837-9891-4da58d4cabd0
280,Apple Books,280-Apple Books-10,60,90a256ee-97f8-4ac1-a9e4-ad8bf9372a02.jpg,Audiobook Sample Playback — Playback Updated,https://refero.design/screens/018f9c1d-f493-4bf3-b4bb-af256ff0f934
292,WhatsApp,292-WhatsApp-01,1,01eef7a8-14c1-4920-a70c-85d619a2e90d.jpg,,
292,WhatsApp,292-WhatsApp-01,2,050e512b-f2e7-4b69-b0b0-dd5f96080e76.jpg,,
292,WhatsApp,292-WhatsApp-01,3,0e10dfe0-b56a-4431-ad8b-6c73891b1214.jpg,,
292,WhatsApp,292-WhatsApp-01,4,1065d947-06d2-48dd-b673-f4d7435845cc.jpg,,
292,WhatsApp,292-WhatsApp-01,5,10daba13-8834-423f-b7c1-ab5673611e5a.jpg,,
292,WhatsApp,292-WhatsApp-01,6,118edf13-b779-4d9e-80a7-a5be65d54299.jpg,,
292,WhatsApp,292-WhatsApp-02,7,1241754d-4197-482d-9357-14effcc3abbe.jpg,,
292,WhatsApp,292-WhatsApp-02,8,1443eee6-10b9-4a71-ad95-b4bb9351949e.jpg,,
292,WhatsApp,292-WhatsApp-02,9,14c93068-318a-4930-ba29-996933626bab.jpg,,
292,WhatsApp,292-WhatsApp-02,10,180f7629-bcc3-4370-b2ce-2a1e84894c35.jpg,,
292,WhatsApp,292-WhatsApp-02,11,19b03700-76ae-466a-9fb2-a61625bbf2d5.jpg,,
292,WhatsApp,292-WhatsApp-02,12,19bd08b9-73ce-47bc-bb08-dc0820800d80.jpg,,
292,WhatsApp,292-WhatsApp-03,13,1a9c79c0-8889-4baa-9dbd-f2ce44305a58.jpg,,
292,WhatsApp,292-WhatsApp-03,14,1af666f5-71a2-43ef-8cc8-8b1873c7e152.jpg,,
292,WhatsApp,292-WhatsApp-03,15,1cade176-b4ee-495e-9252-7f8c190c2376.jpg,,
292,WhatsApp,292-WhatsApp-03,16,203002af-8ed8-4a40-b39e-cec3d438a16a.jpg,,
292,WhatsApp,292-WhatsApp-03,17,28a41b81-3c5b-48fe-97ac-1cfffc709f8b.jpg,,
292,WhatsApp,292-WhatsApp-03,18,292dd65a-17c6-44f9-b614-ebaf09546838.jpg,,
292,WhatsApp,292-WhatsApp-04,19,29506987-6b69-48bb-af92-9897b5e131c5.jpg,,
292,WhatsApp,292-WhatsApp-04,20,305bf476-3248-4683-b92c-9140718e063c.jpg,,
292,WhatsApp,292-WhatsApp-04,21,374391be-ec6e-41bc-a119-29ceb666ec49.jpg,,
292,WhatsApp,292-WhatsApp-04,22,3c2e10e6-637f-455b-8032-d3c87fb676cb.jpg,,
292,WhatsApp,292-WhatsApp-04,23,437e87bd-5d22-48d9-9c99-aa75b86807bb.jpg,,
292,WhatsApp,292-WhatsApp-04,24,4722d264-dcf0-4ff7-aab1-45e45a2f86dc.jpg,,
292,WhatsApp,292-WhatsApp-05,25,53e4c17f-8f76-4a91-bdfb-423ab48428e7.jpg,,
292,WhatsApp,292-WhatsApp-05,26,55dbef5a-951a-47de-b028-f0324217b0db.jpg,,
292,WhatsApp,292-WhatsApp-05,27,56e96de8-b1eb-41b8-8bb1-da2ec6e71e4d.jpg,,
292,WhatsApp,292-WhatsApp-05,28,5dc9997d-47a4-4352-9f37-9bd97665b7da.jpg,,
292,WhatsApp,292-WhatsApp-05,29,708e24c6-d990-44df-845a-4f9ea6536d58.jpg,,
292,WhatsApp,292-WhatsApp-05,30,728a9064-d111-47dc-83b9-fc0202cd7539.jpg,,
292,WhatsApp,292-WhatsApp-06,31,747d4055-e314-406e-ab54-0183bbe3c409.jpg,,
292,WhatsApp,292-WhatsApp-06,32,7ddcb261-125d-4ad1-ad57-f7ebad626995.jpg,,
292,WhatsApp,292-WhatsApp-06,33,7e5e6159-cd3b-45fa-861a-f5c72dfd2b94.jpg,,
292,WhatsApp,292-WhatsApp-06,34,8d1dbf3d-d750-448c-bc3c-0f36f42a1286.jpg,,
292,WhatsApp,292-WhatsApp-06,35,9205c841-980d-4c13-8e44-5c40c87e1443.jpg,,
292,WhatsApp,292-WhatsApp-06,36,92d2d666-256d-452e-9c88-1106e39becd0.jpg,,
292,WhatsApp,292-WhatsApp-07,37,a6fb326b-6a1c-45a5-a909-853796172f00.jpg,,
292,WhatsApp,292-WhatsApp-07,38,a6ffbf8a-2cde-41a0-86c1-0740b694403d.jpg,,
292,WhatsApp,292-WhatsApp-07,39,ad838682-ad45-4cea-ab36-3a50d1daad09.jpg,,
292,WhatsApp,292-WhatsApp-07,40,b183635e-823f-41de-baa6-db9316945a79.jpg,,
292,WhatsApp,292-WhatsApp-07,41,b266c561-2226-4dca-bc98-08cff4e78b38.jpg,,
292,WhatsApp,292-WhatsApp-07,42,b31610c3-a793-4110-b492-a5f12459b200.jpg,,
292,WhatsApp,292-WhatsApp-08,43,b58b458d-f2f8-4d59-9e30-fb5d86a87f2f.jpg,,
292,WhatsApp,292-WhatsApp-08,44,b696bb97-0d57-4e73-ba18-b4ff0b98e5ac.jpg,,
292,WhatsApp,292-WhatsApp-08,45,bee2fe54-308e-42f9-b85e-f21bff4b2513.jpg,,
292,WhatsApp,292-WhatsApp-08,46,c348e335-8dfa-46ca-821d-72cc87d947cd.jpg,,
292,WhatsApp,292-WhatsApp-08,47,c35ef82a-aecf-4eaf-9f5b-46150548c46f.jpg,,
292,WhatsApp,292-WhatsApp-08,48,c364ff35-b3a4-4c6d-b9ce-026157c78da7.jpg,,
292,WhatsApp,292-WhatsApp-09,49,c38e0881-692b-45bf-9582-250ae4111ba9.jpg,,
292,WhatsApp,292-WhatsApp-09,50,c490d26f-529c-4e2f-81bb-bde95481acfc.jpg,,
292,WhatsApp,292-WhatsApp-09,51,c788f916-d8a6-4cf3-aa6b-234fb7a63075.jpg,,
292,WhatsApp,292-WhatsApp-09,52,c802e654-91d0-402e-a89c-2853f304aa22.jpg,,
292,WhatsApp,292-WhatsApp-09,53,d191625c-20f9-45ab-a3e5-982f88f1f3c5.jpg,,
292,WhatsApp,292-WhatsApp-09,54,da5a3ba4-e637-4a8d-899a-38513f02f159.jpg,,
292,WhatsApp,292-WhatsApp-10,55,da8aad0e-ea27-4742-96e0-7f808cd55316.jpg,,
292,WhatsApp,292-WhatsApp-10,56,df3f7f96-b148-4d4f-8cdb-6c4ac82d92ed.jpg,,
292,WhatsApp,292-WhatsApp-10,57,e5ee6122-fafd-471e-b9c1-9671820a9c1a.jpg,,
292,WhatsApp,292-WhatsApp-10,58,e9791127-8461-4055-9ec8-4c57b3563edd.jpg,,
292,WhatsApp,292-WhatsApp-10,59,eb5d5442-f603-4cd8-94e1-548b3705bd07.jpg,,
292,WhatsApp,292-WhatsApp-10,60,eec76f51-ce00-406f-8f45-75674f5702ff.jpg,,
298,TIDAL,298-TIDAL-01,1,04a783c3-3c1e-4ec7-b512-40aedcfb7d4e.jpg,,
298,TIDAL,298-TIDAL-01,2,04ac08f4-70d4-4c48-937b-1a88d7fae177.jpg,,
298,TIDAL,298-TIDAL-01,3,05ce919b-d4b6-4a71-add3-27084d1d12a0.jpg,,
298,TIDAL,298-TIDAL-01,4,0a422cb9-5f42-4bed-9dc3-7d326b9ce812.jpg,,
298,TIDAL,298-TIDAL-01,5,1b5c565f-5f5b-4e16-aa27-2b6152457b08.jpg,,
298,TIDAL,298-TIDAL-01,6,1e88f144-995d-46ef-b0c7-655c2c8bff83.jpg,,
298,TIDAL,298-TIDAL-02,7,212bf414-8fcd-47d2-9560-01bf3e27032d.jpg,,
298,TIDAL,298-TIDAL-02,8,23984bda-1dca-40e8-949e-01be33ef9b09.jpg,,
298,TIDAL,298-TIDAL-02,9,23a074ed-3df5-4321-b812-e36e387fd565.jpg,,
298,TIDAL,298-TIDAL-02,10,2452755a-66c8-46bc-94a8-7df3566051a1.jpg,,
298,TIDAL,298-TIDAL-02,11,27ffd28b-18ac-4e54-8254-bca925f2fcda.jpg,,
298,TIDAL,298-TIDAL-02,12,2d0740fb-50d9-4a7c-bd03-255095a10e86.jpg,,
298,TIDAL,298-TIDAL-03,13,2f2f3c4f-192a-4759-b540-7a8597a4e480.jpg,,
298,TIDAL,298-TIDAL-03,14,3937ff9b-0512-439c-97ed-bad5133379f2.jpg,,
298,TIDAL,298-TIDAL-03,15,3f5108a4-4fcf-489e-bb78-02494bc49bfa.jpg,,
298,TIDAL,298-TIDAL-03,16,4048e2dc-c80b-4727-9eab-a81dc76949ed.jpg,,
298,TIDAL,298-TIDAL-03,17,40f2deb3-3dce-4a1a-ae5e-aa32a1ea5685.jpg,,
298,TIDAL,298-TIDAL-03,18,4fe4d5ed-6b4c-4dc9-81f5-c952b98db2ca.jpg,,
298,TIDAL,298-TIDAL-04,19,541cca01-d203-4c17-a64e-bd81c2a4dc99.jpg,,
298,TIDAL,298-TIDAL-04,20,55c65998-38dd-43c2-b499-408521e15af4.jpg,,
298,TIDAL,298-TIDAL-04,21,5a9f7435-10e8-41c2-ac7b-e0b26f699bf7.jpg,,
298,TIDAL,298-TIDAL-04,22,5aeef6a9-5018-42b3-97aa-fd5240eb148e.jpg,,
298,TIDAL,298-TIDAL-04,23,669f2c18-ef0d-44fd-90fc-8987f2a8abaf.jpg,,
298,TIDAL,298-TIDAL-04,24,66f15227-b85c-461f-b589-66afaec7f8c2.jpg,,
298,TIDAL,298-TIDAL-05,25,6c3c4fc5-d2e0-4aa2-ae4a-3bed52255249.jpg,,
298,TIDAL,298-TIDAL-05,26,76f74bd0-ed86-4c68-acf9-eb8c0fbda7f4.jpg,,
298,TIDAL,298-TIDAL-05,27,7865b38f-f0e7-47db-8a2f-470286f5f9ac.jpg,,
298,TIDAL,298-TIDAL-05,28,7e255d5d-9d7b-4fd1-b4e8-ff6654dab4b1.jpg,,
298,TIDAL,298-TIDAL-05,29,7eacc16c-b330-412a-b4ee-1cb1a3a3c30f.jpg,,
298,TIDAL,298-TIDAL-05,30,8eaacbba-4ac3-4b93-8723-5ed9ae364076.jpg,,
298,TIDAL,298-TIDAL-06,31,8f7ae6f8-10a5-405f-97ff-e4695d71ab02.jpg,,
298,TIDAL,298-TIDAL-06,32,91e93a18-94dc-4cbe-8ff7-11589e7654ab.jpg,,
298,TIDAL,298-TIDAL-06,33,9be4f4e5-8948-463a-8248-f6f7ead37aba.jpg,,
298,TIDAL,298-TIDAL-06,34,9d6a774f-c6bb-4991-a346-cb08134b6592.jpg,,
298,TIDAL,298-TIDAL-06,35,9f1f45f2-6054-4d94-b2da-86a91a1858b2.jpg,,
298,TIDAL,298-TIDAL-06,36,9fdf519f-e29c-4d6b-b78c-dbd9348245bf.jpg,,
298,TIDAL,298-TIDAL-07,37,a0425bff-c073-4633-a1f5-c743af784b39.jpg,,
298,TIDAL,298-TIDAL-07,38,a2b03ff7-78e6-4139-aff1-c80c3f2738aa.jpg,,
298,TIDAL,298-TIDAL-07,39,a386ac0c-7cc8-4fc0-8d73-fd955ab37b83.jpg,,
298,TIDAL,298-TIDAL-07,40,a52af84d-3e03-4dd8-b4a1-d9338f853fb4.jpg,,
298,TIDAL,298-TIDAL-07,41,af290ebc-323a-414d-b542-9fcf2ba9c60e.jpg,,
298,TIDAL,298-TIDAL-07,42,b1f7be24-287f-4058-ab49-f9d81a9b5679.jpg,,
298,TIDAL,298-TIDAL-08,43,b502a822-dbda-450e-9d8b-2eb671b42e27.jpg,,
298,TIDAL,298-TIDAL-08,44,ba7057ff-a724-45d2-8253-08344d170e8a.jpg,,
298,TIDAL,298-TIDAL-08,45,c0e263fe-d0e3-404c-b6a1-70ba729e2ceb.jpg,,
298,TIDAL,298-TIDAL-08,46,c2a2d3da-e48b-44a4-8af4-63e0b0bbce65.jpg,,
298,TIDAL,298-TIDAL-08,47,cf9d939f-58c8-4dbd-abfa-b05fca656994.jpg,,
298,TIDAL,298-TIDAL-08,48,d06413cf-6ae0-42bc-9626-d81044a02b6e.jpg,,
298,TIDAL,298-TIDAL-09,49,dc862404-99a7-4c80-a0c2-84dd2faca1de.jpg,,
298,TIDAL,298-TIDAL-09,50,e7cc6ac9-caa9-4623-8c5b-774fced22a6c.jpg,,
298,TIDAL,298-TIDAL-09,51,e97e0969-14ad-4b83-8b05-a2166ce182cc.jpg,,
298,TIDAL,298-TIDAL-09,52,e995f68c-fc5d-4b01-8c2a-3d9b92a96109.jpg,,
298,TIDAL,298-TIDAL-09,53,ed0cb6d7-fcc1-486b-b6a3-acce22f83d92.jpg,,
298,TIDAL,298-TIDAL-09,54,ee28be33-2e10-4e98-bef8-ac34ff143090.jpg,,
298,TIDAL,298-TIDAL-10,55,f003d65b-821d-48f6-9758-ade50ef2656c.jpg,,
298,TIDAL,298-TIDAL-10,56,f02b8cd8-9672-4734-ab5d-906fffae7290.jpg,,
298,TIDAL,298-TIDAL-10,57,f51e0668-7656-4b79-b87e-0247427b99ec.jpg,,
298,TIDAL,298-TIDAL-10,58,fa8f37fa-f1d0-4b3b-9111-e7516c90e037.jpg,,
298,TIDAL,298-TIDAL-10,59,fb5d8f27-b7ac-4cc1-a350-9b0f3ee3a756.jpg,,
298,TIDAL,298-TIDAL-10,60,ff83537c-1c6e-4775-85ec-cab1d748ad88.jpg,,
300,Meta AI,300-Meta AI-01,1,0487ae81-07c9-48e5-ae4a-e51d578116ee.jpg,,
300,Meta AI,300-Meta AI-01,2,0a50e347-fb0c-4ac5-a886-6b30801875de.jpg,,
300,Meta AI,300-Meta AI-01,3,0c0dc0aa-0c41-4342-ab57-c19d21796231.jpg,,
300,Meta AI,300-Meta AI-01,4,0d17509c-3e85-4835-b383-8e342f185fb4.jpg,,
300,Meta AI,300-Meta AI-01,5,13d05edb-1a6c-4767-b0a1-da7f109c181e.jpg,,
300,Meta AI,300-Meta AI-01,6,14762da4-f287-413e-a277-08db9a1f18f0.jpg,,
300,Meta AI,300-Meta AI-02,7,1efff182-3749-44dc-84f6-fec8d7488c19.jpg,,
300,Meta AI,300-Meta AI-02,8,2111a597-1d80-406d-8a05-db272cee5ab4.jpg,,
300,Meta AI,300-Meta AI-02,9,220d48dd-cda0-40aa-a25d-4d081821c9ba.jpg,,
300,Meta AI,300-Meta AI-02,10,2396dc94-83a7-42e8-9b35-dc28bdfaecc4.jpg,,
300,Meta AI,300-Meta AI-02,11,2790667e-7522-43de-8b93-8d9f43e45c7f.jpg,,
300,Meta AI,300-Meta AI-02,12,27e1eded-3d78-4fec-baa6-0bf9eaed6098.jpg,,
300,Meta AI,300-Meta AI-03,13,2ed9e265-e83a-43f1-a188-cc77be19aae0.jpg,,
300,Meta AI,300-Meta AI-03,14,37ff1e23-05ee-46eb-9260-1ec775237739.jpg,,
300,Meta AI,300-Meta AI-03,15,38105d1f-81c3-4510-aa57-abec53cff590.jpg,,
300,Meta AI,300-Meta AI-03,16,4d43d80f-0b61-464e-bc76-64a8123b4cb6.jpg,,
300,Meta AI,300-Meta AI-03,17,513ff175-71ec-4c31-85d5-0e66d06de8e9.jpg,,
300,Meta AI,300-Meta AI-03,18,530b02ce-b5ae-42da-8d79-4e840db724d9.jpg,,
300,Meta AI,300-Meta AI-04,19,55a3403f-f9dc-4ebf-8a95-859da1bea173.jpg,,
300,Meta AI,300-Meta AI-04,20,56f2cb0a-95ef-4e2c-a8f2-06ce53366732.jpg,,
300,Meta AI,300-Meta AI-04,21,613328ba-e32e-4548-8444-f8c3a86f59d1.jpg,,
300,Meta AI,300-Meta AI-04,22,618a3b92-bfbb-4a79-bb7e-c4600aa94e98.jpg,,
300,Meta AI,300-Meta AI-04,23,61a36a46-7db4-48cf-83f1-34cb1be6293e.jpg,,
300,Meta AI,300-Meta AI-04,24,61b20fa2-550a-4afb-bf61-27720b7ba3b9.jpg,,
300,Meta AI,300-Meta AI-05,25,63cdc9e1-b753-48c0-82b8-0f9b721379ea.jpg,,
300,Meta AI,300-Meta AI-05,26,6422d7d2-35c7-4ffa-a430-c5f6367f99b2.jpg,,
300,Meta AI,300-Meta AI-05,27,6696059c-96ba-45b0-97c5-6efc9e97c1f0.jpg,,
300,Meta AI,300-Meta AI-05,28,6a08ed51-8aa6-4c66-a088-fe22c8f167f0.jpg,,
300,Meta AI,300-Meta AI-05,29,6a60b2df-cc50-4af5-862c-79d4f1bc9406.jpg,,
300,Meta AI,300-Meta AI-05,30,6e5c3ac0-b831-4013-ba1a-30464e12f63a.jpg,,
300,Meta AI,300-Meta AI-06,31,70e68254-a592-47e6-8d14-a087090f471d.jpg,,
300,Meta AI,300-Meta AI-06,32,73cefe0d-6485-45e5-84de-868c53b88d77.jpg,,
300,Meta AI,300-Meta AI-06,33,765ad704-a482-4307-94f2-9039a9a68e8e.jpg,,
300,Meta AI,300-Meta AI-06,34,7d2c803a-e4da-45fc-9149-9717cc5c29c5.jpg,,
300,Meta AI,300-Meta AI-06,35,7f6acd9e-99b9-48f7-b558-c0357e4dce79.jpg,,
300,Meta AI,300-Meta AI-06,36,831ec6e8-aaa1-48c3-8bdc-ceb05e78796f.jpg,,
300,Meta AI,300-Meta AI-07,37,8559e02e-de27-4787-955c-4dab3f8ee551.jpg,,
300,Meta AI,300-Meta AI-07,38,86f33ade-b875-4956-b0a9-17f9c1b0a7ae.jpg,,
300,Meta AI,300-Meta AI-07,39,89d45424-2617-4d50-97f5-14b501342adc.jpg,,
300,Meta AI,300-Meta AI-07,40,90f374a4-a78b-4b6a-8b53-99477d0de194.jpg,,
300,Meta AI,300-Meta AI-07,41,93751ba9-cfb3-4965-a9f7-b99c8ccb1882.jpg,,
300,Meta AI,300-Meta AI-07,42,9c169e33-625b-455f-a6c0-7f7ac8605a6c.jpg,,
300,Meta AI,300-Meta AI-08,43,9d00d64a-6400-4903-81d6-61f9e9fa05c1.jpg,,
300,Meta AI,300-Meta AI-08,44,a2e92af1-484c-45d0-900c-e676d7341b2d.jpg,,
300,Meta AI,300-Meta AI-08,45,a4319481-cc79-44ff-9c14-1c537dcc9a04.jpg,,
300,Meta AI,300-Meta AI-08,46,aa201f33-98c7-4ec6-800f-cb4904f3c0bc.jpg,,
300,Meta AI,300-Meta AI-08,47,acb56187-f9d2-4415-b19f-aacd4cb2d4cf.jpg,,
300,Meta AI,300-Meta AI-08,48,b7204077-72d7-4883-b8f9-781c11abade1.jpg,,
300,Meta AI,300-Meta AI-09,49,be653aa9-9e5f-44c3-8733-c8b598f424a2.jpg,,
300,Meta AI,300-Meta AI-09,50,bf025518-9048-4278-9ffb-0c3f34b12230.jpg,,
300,Meta AI,300-Meta AI-09,51,c5422096-8aa5-4aa1-94b5-7acba84ccabd.jpg,,
300,Meta AI,300-Meta AI-09,52,d0351440-ebd0-4e04-9606-77ea1e83a802.jpg,,
300,Meta AI,300-Meta AI-09,53,d573e3ee-041f-4de6-84cb-c278bf8feee6.jpg,,
300,Meta AI,300-Meta AI-09,54,e1b59779-6427-4735-a7e8-a9841f76d2af.jpg,,
300,Meta AI,300-Meta AI-10,55,ecbd4ceb-30f1-4c49-a19c-31d92a16b979.jpg,,
300,Meta AI,300-Meta AI-10,56,ed85d98d-c414-4a57-862e-cb7c3ac2b7ef.jpg,,
300,Meta AI,300-Meta AI-10,57,ef58dbaf-ce81-40d1-bfe4-cf3b1f0b477f.jpg,,
300,Meta AI,300-Meta AI-10,58,f44f03bb-7cd8-4a02-a970-64979b0cefc2.jpg,,
300,Meta AI,300-Meta AI-10,59,f5ab136c-5841-4b28-b728-7fd64f62cc22.jpg,,
300,Meta AI,300-Meta AI-10,60,f6d85326-b5e7-4e21-b5fb-b984d840eebe.jpg,,
304,Wispr Flow,304-Wispr Flow-01,1,e64c32ea-f886-4ff7-ba1c-f66c36795266.jpg,Flow Keyboard Introduction — Voice-First Overview,https://refero.design/screens/aa2941c9-b347-4cad-9fdd-31ec321c26c6
304,Wispr Flow,304-Wispr Flow-01,2,3a7f59d6-0958-48dd-bdb2-d6d9b3cffabb.jpg,Flow Keyboard Introduction — Compatibility Benefit,https://refero.design/screens/8943bc39-a9a2-40e6-b985-d92d9e2f60da
304,Wispr Flow,304-Wispr Flow-01,3,7fa5a611-bbd5-41a2-807b-2d5f7302b8b4.jpg,Flow First-Time Setup — Speed Benefit,https://refero.design/screens/0c254473-5d56-403a-af26-dce93c9c789f
304,Wispr Flow,304-Wispr Flow-01,4,1483c9b9-ac6c-40c7-b759-b794f92b9ab1.jpg,Flow First-Time Setup — Account Access,https://refero.design/screens/24d71eb7-3999-4167-8055-3b9f5c509862
304,Wispr Flow,304-Wispr Flow-01,5,b614ba5a-c631-4e26-b858-095723ad057b.jpg,Flow First-Time Setup — Computer Support,https://refero.design/screens/de97f10a-a4bc-4292-ae0b-51ff5e080060
304,Wispr Flow,304-Wispr Flow-01,6,680e7a0a-479c-4cdd-975e-3219c5179255.jpg,Flow First-Time Setup — Flow Home,https://refero.design/screens/56dbcbcc-5ee6-465f-afdf-d3fdf7a4ad1d
304,Wispr Flow,304-Wispr Flow-02,7,38537622-9846-4527-aa71-8ea7e2454e8e.jpg,Flow Voice Dictation Onboarding — Welcome,https://refero.design/screens/f130267a-7056-4b21-ba98-d932febcbc7e
304,Wispr Flow,304-Wispr Flow-02,8,3255b1e5-9758-4121-9f54-fd4dbde5d128.jpg,Flow Voice Dictation Onboarding — Complete Basic Dictation,https://refero.design/screens/a790137f-3f19-48ac-b57b-ae2dbaeeb102
304,Wispr Flow,304-Wispr Flow-02,9,29543537-ac0d-43d9-9041-4c89a7175de9.jpg,Flow Voice Dictation Onboarding — Email Result,https://refero.design/screens/ab1528ad-4b0c-487a-941d-6130033fa59a
304,Wispr Flow,304-Wispr Flow-02,10,1c13a72f-ab80-4dde-a9ea-f4f2abd4d7ad.jpg,Flow Voice Dictation Onboarding — Onboarding Complete,https://refero.design/screens/fcdcd3da-fd62-4f57-a846-6adb17b7b7d2
304,Wispr Flow,304-Wispr Flow-02,11,d7a09135-99bf-4ee0-a979-8953ec5c6085.jpg,Wispr Flow Keyboard Setup — Enable Wispr Flow,https://refero.design/screens/ee28e902-673b-423f-abf0-9a3dc5d67ea0
304,Wispr Flow,304-Wispr Flow-02,12,b0e47572-a70d-4afb-8397-2486adb512d8.jpg,Wispr Flow Keyboard Setup — Grant Full Access,https://refero.design/screens/59ed5ed7-007b-4e0c-894f-bcdad449adcd
304,Wispr Flow,304-Wispr Flow-03,13,df46a37c-8ace-460d-809f-e0f6d00ea666.jpg,Voice Message Sending — Use Case Selection,https://refero.design/screens/104bde7c-1be0-41b5-ae44-016d3b7a3a09
304,Wispr Flow,304-Wispr Flow-03,14,ded9828a-21fe-49e9-8bef-f045454b4851.jpg,Voice Message Sending — Message Sent,https://refero.design/screens/8c997526-3097-448b-a618-2fb171a3816e
304,Wispr Flow,304-Wispr Flow-03,15,9bd2717c-1700-404c-a22e-e31f808e92f0.jpg,Voice Note Capture — Empty Scratchpad,https://refero.design/screens/ed18c422-e4c9-47c2-b52f-d99bf6245fbb
304,Wispr Flow,304-Wispr Flow-03,16,3a3e7d95-3b1c-4d2e-82c6-e1ce5c532f15.jpg,Voice Note Capture — Titled Note Editor,https://refero.design/screens/f6a1f108-30ac-4d6a-b24b-4cd33922caf5
304,Wispr Flow,304-Wispr Flow-03,17,bc17d308-a21c-425f-9470-78094ee97f1f.jpg,Voice Note Capture — Confirm Recording,https://refero.design/screens/9faccef5-65fd-42b6-b3fb-6777ea8faa9b
304,Wispr Flow,304-Wispr Flow-03,18,7d5b0091-2360-418a-a122-2465916fbf28.jpg,Voice Note Capture — Scratchpad Note List,https://refero.design/screens/6a493592-f283-400b-b0ad-95737d7dcf9e
304,Wispr Flow,304-Wispr Flow-04,19,026c4c4f-7e42-406c-8c9c-e678a0a297c5.jpg,Voice Note Transcription — Recording Started,https://refero.design/screens/365a0e7b-7ef5-42d0-9718-29f8c17fb9e4
304,Wispr Flow,304-Wispr Flow-04,20,1138653d-a695-41c7-9326-cb1b4b153ebb.jpg,Voice Note Transcription — Transcribed Note,https://refero.design/screens/c96f4e7d-5fcc-469f-905c-54d41d5abc60
304,Wispr Flow,304-Wispr Flow-04,21,930b311c-3996-433b-b491-63811a53ea12.jpg,Voice-to-Text Introduction — Start Voice Input,https://refero.design/screens/5f24a7ae-9a58-45aa-b297-e1297677a93c
304,Wispr Flow,304-Wispr Flow-04,22,2c721f16-6a18-4606-bd7f-0eb855095f0c.jpg,Voice-to-Text Introduction — Review Transcription,https://refero.design/screens/1cabb98d-18eb-4d7f-94f4-72f332fc6ebb
304,Wispr Flow,304-Wispr Flow-04,23,64db90f4-c9ce-4098-be7a-6eace8f5c97e.jpg,Email Dictation Tutorial — Start Dictation,https://refero.design/screens/b819b776-2831-46f5-9cd0-7078444f98b6
304,Wispr Flow,304-Wispr Flow-04,24,12c9c6a2-ee4b-4aae-9b67-d5fc47acb574.jpg,Email Dictation Tutorial — Review Transcription,https://refero.design/screens/5228c5f8-82ef-4e0a-ae98-7f99fc714259
304,Wispr Flow,304-Wispr Flow-05,25,5b9fca1e-7077-427d-b987-0f442301d36d.jpg,Whisper Note Setup — Whisper Feature Introduction,https://refero.design/screens/f929d78f-fb88-41d7-98d5-04582d390159
304,Wispr Flow,304-Wispr Flow-05,26,5d6c136b-2b6e-483b-8bd2-696ef590a2df.jpg,Whisper Note Setup — Review Transcribed Note,https://refero.design/screens/1f037821-c94b-4e27-b8e9-bf8c73c0cb5f
304,Wispr Flow,304-Wispr Flow-05,27,323b614a-f279-41c0-98bd-60c917696736.jpg,Language Preference Setup — Detected Language Review,https://refero.design/screens/10f361f1-ac6c-4381-9597-6f1fd729b70c
304,Wispr Flow,304-Wispr Flow-05,28,e1d49ab0-dd4c-476e-9c4f-527ec4997805.jpg,Language Preference Setup — Confirmed Language List,https://refero.design/screens/b2ad48f6-ca77-4650-ac06-917089a63b50
304,Wispr Flow,304-Wispr Flow-05,29,3a8b811f-d80f-4df2-af38-0275512dec69.jpg,Search Language — Browse Languages,https://refero.design/screens/755bff40-0263-4592-843c-32258b0c3809
304,Wispr Flow,304-Wispr Flow-05,30,2e145a2d-3e29-45df-8829-dd4d4c7b8ab1.jpg,Search Language — View Spanish Result,https://refero.design/screens/39020571-9ba2-4a95-a590-b28a5ba1db12
304,Wispr Flow,304-Wispr Flow-06,31,f4f351b3-c0ae-431e-a68b-689bb536b7d5.jpg,Voice Chat Response — Ready Composer,https://refero.design/screens/af8fa337-d8ba-4a0c-a44e-f88cc676cf7e
304,Wispr Flow,304-Wispr Flow-06,32,79966e73-0fe6-4988-a05e-7d22f65230d7.jpg,Voice Chat Response — Response Displayed,https://refero.design/screens/deb9291e-0714-4e81-ba9d-64567df08bff
304,Wispr Flow,304-Wispr Flow-06,33,1f3fc197-387e-4c55-ad03-58d993a89b3e.jpg,Default Dictation Style — Current Style,https://refero.design/screens/69fb8aa7-ee7f-4888-8f2c-d587a89cae8c
304,Wispr Flow,304-Wispr Flow-06,34,24b32a73-3690-4e3c-9a5f-833bbb2844bb.jpg,Default Dictation Style — Saved Default,https://refero.design/screens/d58cf50d-b751-4d8e-a29e-764a4c28d5e0
304,Wispr Flow,304-Wispr Flow-06,35,7f385847-a93a-48cf-9c21-8b6957f85b70.jpg,Add Spelling Replacement — Dictionary Introduction,https://refero.design/screens/09cacd28-078d-440e-bad6-8d79837a4326
304,Wispr Flow,304-Wispr Flow-06,36,d886c531-6897-426c-810c-7aaec8870643.jpg,Add Spelling Replacement — Confirm Dictionary Update,https://refero.design/screens/eab958a0-bbee-4cc2-bcce-e2c385c7fb1c
304,Wispr Flow,304-Wispr Flow-07,37,1e946e39-961c-4a97-a2fe-ded71e69bced.jpg,Create Text Snippet — Snippets Library,https://refero.design/screens/421112af-7c7c-4341-94f2-8090e0d693c2
304,Wispr Flow,304-Wispr Flow-07,38,69e4c164-debc-480c-90c3-ee8fb40f5e30.jpg,Create Text Snippet — Saved Snippet Confirmation,https://refero.design/screens/566c76c3-5271-4d5e-8e0b-079db0b583f5
304,Wispr Flow,304-Wispr Flow-07,39,59db506e-aa14-4594-9426-abeeb787ef07.jpg,Delete Saved Snippet — Snippet List,https://refero.design/screens/aec5669d-84f4-4989-9c0e-1d29dbed76bd
304,Wispr Flow,304-Wispr Flow-07,40,ce626aa0-0eb9-49b3-bdc9-fd71f27657b3.jpg,Delete Saved Snippet — Deletion Complete,https://refero.design/screens/acff6c66-ca55-4ae2-ae24-2fffc7769b2e
304,Wispr Flow,304-Wispr Flow-07,41,f2ad5e6b-dd39-4794-950e-861c7e4e5cc5.jpg,Rename Note — Untitled Note,https://refero.design/screens/3a20ca27-17a3-4f99-8ee1-1c905142ce74
304,Wispr Flow,304-Wispr Flow-07,42,6677c5e9-8215-4425-829b-23cecf2a7540.jpg,Rename Note — Title Prompt,https://refero.design/screens/a7ed3b81-9341-41fb-aa32-0ce76303836b
304,Wispr Flow,304-Wispr Flow-08,43,468734a9-0b28-4861-8e63-cc68f325c083.jpg,AI Note Summary — Summary Generation,https://refero.design/screens/092198ab-f4e6-4c60-89c7-98a892c88c4c
304,Wispr Flow,304-Wispr Flow-08,44,ff5c5bf4-d36e-4f83-b02a-787c6e60123f.jpg,AI Note Summary — Summary Review,https://refero.design/screens/4e3eeda2-d8c4-49b9-866d-4f68840c01d8
304,Wispr Flow,304-Wispr Flow-08,45,cae662ca-1cb2-4c51-b0fa-8831ef94f1f9.jpg,Search Scratchpad Notes — Scratchpad Note List,https://refero.design/screens/702fdf78-9e24-4e75-879b-637f963a2ca7
304,Wispr Flow,304-Wispr Flow-08,46,74b22d22-a57d-4ccb-9cd2-251906914be9.jpg,Search Scratchpad Notes — Matching Note Result,https://refero.design/screens/cdc984e4-b429-46e3-92b7-0f1f32285827
304,Wispr Flow,304-Wispr Flow-08,47,8dcc94d8-e69d-4e3d-8404-40aaa11c57da.jpg,Delete Scratchpad Note — Reveal Note Actions,https://refero.design/screens/fd7a574a-ea5d-49dc-b2db-2057b970a6c7
304,Wispr Flow,304-Wispr Flow-08,48,06954560-8603-4b02-94be-70b921ba53ea.jpg,Delete Scratchpad Note — Deletion Complete,https://refero.design/screens/ab1e76c2-a4de-4f01-b317-a21a8250f226
304,Wispr Flow,304-Wispr Flow-09,49,3e0ed72a-2c15-4db0-9be6-0a5da45ed093.jpg,Report Model Feedback — Home Transcript List,https://refero.design/screens/a14a2334-5af5-47a4-9915-6e518855ce0b
304,Wispr Flow,304-Wispr Flow-09,50,60da4cf8-1933-413c-80f7-06ce82f0e116.jpg,Report Model Feedback — Submission Confirmation,https://refero.design/screens/379ec574-60b3-49a1-90af-cc0c21d7d676
304,Wispr Flow,304-Wispr Flow-09,51,a36f682e-f919-4fff-9d27-a123ee72ee92.jpg,Disable Flow — Flow Enabled Dashboard,https://refero.design/screens/cdf2b663-f2df-44e1-a95b-98fd37521bf2
304,Wispr Flow,304-Wispr Flow-09,52,4c468ad7-fbac-4cbc-a496-84081693442b.jpg,Disable Flow — Flow Disabled Confirmation,https://refero.design/screens/5f88ff25-b5f0-431f-ba36-f1ec94b0290e
304,Wispr Flow,304-Wispr Flow-09,53,f51ee83e-2a1d-4d35-86c4-09786f866dff.jpg,Flow Pro Subscription Upgrade — Account Drawer,https://refero.design/screens/4d50b7f0-9fdf-40dd-971f-bd1324bc17da
304,Wispr Flow,304-Wispr Flow-09,54,c4e160c4-511b-4f4f-9866-dcc0be1baa0d.jpg,Flow Pro Subscription Upgrade — Updated Pro Account,https://refero.design/screens/e64e8236-3c75-48e1-9271-767a7d5f2a39
304,Wispr Flow,304-Wispr Flow-10,55,e955d15a-18a9-4757-9613-5c86f02be877.jpg,Pro Subscription Cancellation — Current Pro Plan,https://refero.design/screens/79aac040-9111-46e3-aea3-7df2bb4f480c
304,Wispr Flow,304-Wispr Flow-10,56,a2ff4cd4-9a56-41f8-9c7e-550bf3b6742a.jpg,Pro Subscription Cancellation — Canceled Pro Plan,https://refero.design/screens/49af2dcb-f2ff-4305-bd4c-15c30cd06615
304,Wispr Flow,304-Wispr Flow-10,57,6aa51ce7-79bb-4b00-b05d-d62ba7d3c70d.jpg,Email Account Sign-In — Expanded Sign-In Methods,https://refero.design/screens/5c6db1ee-e532-4bd9-b549-24c39017b0fe
304,Wispr Flow,304-Wispr Flow-10,58,a23f5dd1-6c81-4526-84ae-52228928354e.jpg,Email Account Sign-In — Account Overview,https://refero.design/screens/76ab57e8-93ad-419a-9983-ac18b41ac3e3
304,Wispr Flow,304-Wispr Flow-10,59,5414430b-1bc7-4dda-aa56-17c284fe8dd9.jpg,Edit Profile Name — Account Overview,https://refero.design/screens/60fe595a-7726-4da2-9d14-d7ab99e5c0a5
304,Wispr Flow,304-Wispr Flow-10,60,fa9c340b-f35f-4ab9-848d-9ec2988f8bc0.jpg,Edit Profile Name — Updated Account,https://refero.design/screens/fd018056-8ffd-4337-8094-93f792ff84e5
